left,right,match,match_confidence,gold,left_id,right_id,TP,TN,FP,FN,top1_pred
COL make VAL BOEING COL model VAL 737 COL series VAL 2V6 COL name VAL No Popular Name COL cert VAL A16WE,COL make VAL AERPEG COL model VAL M100S COL series VAL M100S COL cert VAL G6EU,0,0.9999966228562966,0,2049,1,0,1,0,0,1
COL make VAL BEECH COL model VAL 36 COL series VAL A36TC COL name VAL BONANZA COL cert VAL 3A15,COL make VAL AL COL model VAL 60 COL series VAL F5 COL cert VAL 7A12,0,0.9999973760139752,0,1235,2,0,1,0,0,1
COL make VAL PIPER COL model VAL PA28RT COL series VAL 201T COL name VAL TURBO ARROW IV COL cert VAL 2A13,COL make VAL AL COL model VAL 60 COL series VAL 60 COL cert VAL 7A12,0,0.9999973941523569,0,7579,3,0,1,0,0,1
COL make VAL LOCKHEED COL model VAL 382 COL series VAL E COL name VAL L100 20 COL cert VAL A1SO,COL make VAL MRCHTI COL model VAL F260 COL series VAL B COL cert VAL A10EU,0,0.9999975804088559,0,6540,4,0,1,0,0,1
COL make VAL BOEING COL model VAL 737 COL series VAL 823 COL name VAL No Popular Name COL cert VAL A16WE,COL make VAL MRCHTI COL model VAL F260 COL series VAL C COL cert VAL A10EU,0,0.9999971297112323,0,2334,5,0,1,0,0,1
COL make VAL FAIRCHILD COL model VAL 24 COL series VAL KS COL name VAL No Popular Name COL cert VAL TC 667,COL make VAL MRCHTI COL model VAL F260 COL series VAL D COL cert VAL A10EU,0,0.9999972249920313,0,5082,6,0,1,0,0,1
COL make VAL LOCKHEED COL model VAL 10 COL series VAL A COL name VAL ELECTRA COL cert VAL TC 551,COL make VAL MRCHTI COL model VAL F260 COL series VAL F260 COL cert VAL A10EU,0,0.9999974833120172,0,6506,7,0,1,0,0,1
COL make VAL AIRBUS COL model VAL A321 COL series VAL 253NX COL name VAL No Popular Name COL cert VAL EASA.A.064,COL make VAL ACMNDR COL model VAL 100 COL series VAL 180 COL name VAL LARK COL cert VAL 1A21,0,0.9999972305532514,0,12477,8,0,1,0,0,1
COL make VAL CESSNA COL model VAL A188 COL series VAL A COL name VAL AGWAGON A COL cert VAL A9CE,COL make VAL GA COL model VAL 112 COL series VAL 112 COL cert VAL A12SO,0,0.9999970496461539,0,3867,9,0,1,0,0,1
COL make VAL BOEING COL model VAL 737 COL series VAL 74U COL name VAL No Popular Name COL cert VAL A16WE,COL make VAL ACMNDR COL model VAL 100 COL series VAL 100 COL name VAL LARK COL cert VAL 1A21,0,0.9999971802113055,0,2220,10,0,1,0,0,1
COL make VAL BEECH COL model VAL AT7 COL series VAL AT7 COL name VAL NAVIGATOR COL cert VAL A-757,COL make VAL ACMNDR COL model VAL 100 COL series VAL A COL cert VAL 1A21,0,0.9999971320547832,0,1327,11,0,1,0,0,1
COL make VAL BEECH COL model VAL 24 COL series VAL A24 COL name VAL SUPER COL cert VAL A1CE,COL make VAL IA COL model VAL 1121 COL series VAL A COL cert VAL A2SW,0,0.9999974310781072,0,1191,12,0,1,0,0,1
COL make VAL BEECH COL model VAL 300 COL series VAL B300 COL name VAL KING AIR 350 COL cert VAL A24CE,COL make VAL IA COL model VAL 1121 COL series VAL B COL cert VAL A2SW,0,0.9999973809965645,0,1231,13,0,1,0,0,1
COL make VAL MORANE SAULNIER COL model VAL MS894 COL series VAL A COL name VAL RALLYE MINERVA COL cert VAL EASA.A.379,COL make VAL IA COL model VAL 1121 COL series VAL 1121 COL name VAL COMMODORE JET COL cert VAL A2SW,0,0.9999971998727507,0,7074,14,0,1,0,0,1
COL make VAL STINSON COL model VAL SR10 COL series VAL G3 COL name VAL RELIANT COL cert VAL TC 678,COL make VAL ACMNDR COL model VAL 200 COL series VAL D COL cert VAL 3A18,0,0.9999974692105029,0,22185,15,0,1,0,0,1
COL make VAL AMERICAN BLIMP COL model VAL A150 COL series VAL A150 COL name VAL LIGHTSHIP COL cert VAL S00002SE,COL make VAL ACMNDR COL model VAL 200 COL series VAL 200 COL cert VAL 3A18,0,0.9999976185763519,0,540,16,0,1,0,0,1
COL make VAL STINSON COL model VAL SR10 COL series VAL K COL name VAL RELIANT COL cert VAL TC 679,COL make VAL GA COL model VAL 500 COL series VAL A COL cert VAL 6A1,0,0.999997564901455,0,22190,17,0,1,0,0,1
COL make VAL GRUMMAN COL model VAL G32 COL series VAL A COL name VAL GULFHAWK III COL cert VAL TC 2-544,COL make VAL GA COL model VAL 500 COL series VAL B COL cert VAL 6A1,0,0.9999972839649421,0,5560,18,0,1,0,0,1
COL make VAL KINNER COL model VAL SPORTSTER COL series VAL B COL name VAL No Popular Name COL cert VAL ATC 516,COL make VAL GA COL model VAL 500 COL series VAL U COL cert VAL 6A1,0,0.9999969622822176,0,21580,19,0,1,0,0,1
COL make VAL BOEING COL model VAL 737 COL series VAL 3T0 COL name VAL No Popular Name COL cert VAL A16WE,COL make VAL GA COL model VAL 520 COL series VAL 520 COL cert VAL 6A1,0,0.9999971642045806,0,2114,20,0,1,0,0,1
COL make VAL CESSNA COL model VAL FR172 COL series VAL F COL name VAL REIMS ROCKET COL cert VAL A18EU,COL make VAL GA COL model VAL 560 COL series VAL A COL cert VAL 6A1,0,0.999997444435684,0,3914,21,0,1,0,0,1
COL make VAL CESSNA COL model VAL FR172 COL series VAL G COL name VAL REIMS ROCKET COL cert VAL A18EU,COL make VAL GA COL model VAL 560 COL series VAL E COL cert VAL 6A1,0,0.9999975433393467,0,3915,22,0,1,0,0,1
COL make VAL BEAGLE COL model VAL B206 COL series VAL SERIES 1 COL name VAL BASSET COL cert VAL NOT CERTIFICATED,COL make VAL GA COL model VAL 560 COL series VAL F COL cert VAL 2A4,0,0.9999972383047024,0,1097,23,0,1,0,0,1
COL make VAL CESSNA COL model VAL A188 COL series VAL B COL name VAL AGWAGON C COL cert VAL A9CE,COL make VAL GA COL model VAL 560 COL series VAL 560 COL cert VAL 6A1,0,0.9999974914112765,0,3868,24,0,1,0,0,1
COL make VAL AYRES COL model VAL S2R COL series VAL T15 COL name VAL No Popular Name COL cert VAL A3SW,COL make VAL GA COL model VAL 680 COL series VAL E COL cert VAL 2A4,0,0.9999972816055356,0,868,25,0,1,0,0,1
COL make VAL BEECH COL model VAL 58 COL series VAL PA COL name VAL PRESSURIZED BARON COL cert VAL A23CE,COL make VAL GA COL model VAL 680 COL series VAL F COL cert VAL 2A4,0,0.9999971229283813,0,1279,26,0,1,0,0,1
COL make VAL HUGHES COL model VAL 369 COL series VAL HM COL name VAL 500 COL cert VAL H3WE,COL make VAL GA COL model VAL 680 COL series VAL FL COL name VAL GRAND/CURSER COL cert VAL 2A4,0,0.9999973935484018,0,5887,27,0,1,0,0,1
COL make VAL DOUGLAS COL model VAL R4D COL series VAL 1 COL name VAL SKYTRAIN COL cert VAL A-669,COL make VAL GA COL model VAL 680 COL series VAL FLP COL cert VAL 2A4,0,0.9999972178851769,0,10819,28,0,1,0,0,1
COL make VAL SCHWEIZER COL model VAL SGU22 2 COL series VAL EK COL name VAL No Popular Name COL cert VAL G-18,COL make VAL GA COL model VAL 680 COL series VAL T COL name VAL TURBO COL cert VAL 2A4,0,0.9999972006577388,0,8312,30,0,1,0,0,1
COL make VAL BOMBARDIER COL model VAL CL600 2D15 COL series VAL 705 COL name VAL REGIONAL JET 705 COL cert VAL A-276,COL make VAL GA COL model VAL 680 COL series VAL 680 COL name VAL SUPER COL cert VAL 2A4,0,0.9999974113039004,0,2957,31,0,1,0,0,1
COL make VAL BOEING COL model VAL 777 COL series VAL 346 COL name VAL No Popular Name COL cert VAL T00001SE,COL make VAL GA COL model VAL 690 COL series VAL C COL name VAL 840 JETPROP COL cert VAL 2A4,0,0.9999973474837799,0,2863,32,0,1,0,0,1
COL make VAL PIPER COL model VAL PA39 COL series VAL PA39 COL name VAL TWIN COMANCHE C/R COL cert VAL A1EA,COL make VAL GA COL model VAL 695 COL series VAL 695 COL name VAL 980 JETPROP COL cert VAL 2A4,0,0.9999977076044257,0,7623,33,0,1,0,0,1
COL make VAL LOCKHEED COL model VAL C130 COL series VAL A COL name VAL HERCULES COL cert VAL A31NM,COL make VAL GA COL model VAL 690 COL series VAL D COL name VAL 900 JETPROP COL cert VAL 2A4,0,0.9999971440285049,0,20234,34,0,1,0,0,1
COL make VAL LAVIASA COL model VAL PA25 COL series VAL 260 COL name VAL PUELCHE COL cert VAL AV-0004,COL make VAL GA COL model VAL 695 COL series VAL A COL name VAL 1000 JETPROP COL cert VAL 2A4,0,0.9999978199279594,0,7489,35,0,1,0,0,1
COL make VAL BOEING COL model VAL 737 COL series VAL 8LD COL name VAL No Popular Name COL cert VAL A16WE,COL make VAL GA COL model VAL 695 COL series VAL B COL cert VAL 2A4,0,0.9999973922219438,0,10220,36,0,1,0,0,1
COL make VAL BOEING COL model VAL A314 COL series VAL A314 COL name VAL CLIPPER COL cert VAL TC 704,COL make VAL GA COL model VAL 720 COL series VAL 720 COL name VAL ALTI-CRUISER COL cert VAL 2A4,0,0.9999973031292891,0,2886,37,0,1,0,0,1
COL make VAL CESSNA COL model VAL 152 COL series VAL 152 COL name VAL No Popular Name COL cert VAL 3A19,COL make VAL RKWELL COL model VAL S2 COL series VAL 600S2D COL name VAL THRUSH COL cert VAL A3SW,0,0.9999970707152823,0,3665,38,0,1,0,0,1
COL make VAL CESSNA COL model VAL T337 COL series VAL F COL name VAL No Popular Name COL cert VAL A6CE,COL make VAL AYRES COL model VAL 600 COL series VAL S2D N COL cert VAL A3SW,0,0.9999975390212007,0,3983,39,0,1,0,0,1
COL make VAL STINSON COL model VAL SR10 COL series VAL G3 COL name VAL RELIANT COL cert VAL TC 678,COL make VAL RKWELL COL model VAL S2 COL series VAL 600S2DRESTD COL name VAL THRUSH COL cert VAL A3SW,0,0.999997309574546,0,22185,40,0,1,0,0,1
COL make VAL BOEING COL model VAL 737 COL series VAL 241 COL name VAL No Popular Name COL cert VAL A16WE,COL make VAL AYRES COL model VAL 600 COL series VAL S2DR COL cert VAL A4SW,0,0.9999973186037451,0,1936,41,0,1,0,0,1
COL make VAL STINSON COL model VAL L5 COL series VAL L5 COL name VAL SENTINEL COL cert VAL A-764,COL make VAL B COL model VAL 377 COL series VAL SGT COL cert VAL A812,0,0.9999967940667303,0,8771,42,0,1,0,0,1
COL make VAL BOEING COL model VAL 737 COL series VAL 291 COL name VAL No Popular Name COL cert VAL A16WE,COL make VAL AV COL model VAL L39 COL series VAL MS COL name VAL ALBATROS COL cert VAL NONE,0,0.9999973960055997,0,1965,43,0,1,0,0,1
COL make VAL PILATUS COL model VAL PC6 COL series VAL B2H2 COL name VAL TURBO PORTER COL cert VAL F56-10,COL make VAL AROCAR COL model VAL 1 COL series VAL 1 COL cert VAL 4A16,0,0.9999970400923831,0,11247,44,0,1,0,0,1
COL make VAL BOEING COL model VAL 707 COL series VAL 328C COL name VAL No Popular Name COL cert VAL 4A26,COL make VAL AR COL model VAL 11 COL series VAL AC COL name VAL CHIEF COL cert VAL A761,0,0.999997096948904,0,1621,45,0,1,0,0,1
COL make VAL BOEING COL model VAL 777 COL series VAL 223 COL name VAL No Popular Name COL cert VAL T00001SE,COL make VAL AR COL model VAL 11 COL series VAL BC COL name VAL CHIEF COL cert VAL A761,0,0.9999972608557968,0,2817,46,0,1,0,0,1
COL make VAL ZLIN COL model VAL Z526 COL series VAL L COL name VAL SKYDEVIL COL cert VAL EASA.A.353,COL make VAL AR COL model VAL 11 COL series VAL CC COL name VAL SUPER CHIEF COL cert VAL A796,0,0.9999971224673891,0,9715,47,0,1,0,0,1
COL make VAL BOEING COL model VAL 777 COL series VAL F COL name VAL No Popular Name COL cert VAL T00001SE,COL make VAL AR COL model VAL 15 COL series VAL AC COL cert VAL A802,0,0.9999972832201559,0,11572,48,0,1,0,0,1
COL make VAL MURRAYAIR COL model VAL MA1 COL series VAL NO SERIES EXIST COL name VAL No Popular Name COL cert VAL A6PC,COL make VAL AR COL model VAL 65 COL series VAL 60TF COL cert VAL A728,0,0.999997417400735,0,23812,49,0,1,0,0,1
COL make VAL EMBRAER COL model VAL ERJ170 COL series VAL 100SU COL name VAL No Popular Name COL cert VAL EA-2003T05,COL make VAL AR COL model VAL 65 COL series VAL CA COL cert VAL A-675,0,0.9999975243572576,0,4941,50,0,1,0,0,1
COL make VAL SCHLEICHER COL model VAL ASW24 COL series VAL ASW24 COL name VAL No Popular Name COL cert VAL 366/SP,COL make VAL AR COL model VAL 65 COL series VAL TAC COL cert VAL A728,0,0.9999972107494816,0,8250,51,0,1,0,0,1
COL make VAL PILATUS COL model VAL PC6 COL series VAL AH2 COL name VAL TURBO PORTER COL cert VAL F56-10,COL make VAL AR COL model VAL 65 COL series VAL TAF COL cert VAL A728,0,0.9999976643030478,0,11246,52,0,1,0,0,1
COL make VAL BALLOON WORKS COL model VAL FIREFLY 10 COL series VAL FIREFLY 10 COL name VAL No Popular Name COL cert VAL A14SO,COL make VAL AR COL model VAL 65 COL series VAL TAL COL cert VAL A728,0,0.9999973532362357,0,1063,53,0,1,0,0,1
COL make VAL VARGA COL model VAL 2180 COL series VAL 2180 COL name VAL KACHINA COL cert VAL 4A19,COL make VAL AR COL model VAL 65 COL series VAL TC COL cert VAL A728,0,0.9999974222260708,0,9325,54,0,1,0,0,1
COL make VAL HELIO COL model VAL H295 COL series VAL H295 COL name VAL SUPER COURIER COL cert VAL 1A8,COL make VAL AR COL model VAL 65 COL series VAL TF COL cert VAL A728,0,0.9999975686629713,0,5749,55,0,1,0,0,1
COL make VAL SWEARINGEN COL model VAL SA226 COL series VAL AT COL name VAL No Popular Name COL cert VAL A5SW,COL make VAL AR COL model VAL 65 COL series VAL TL COL cert VAL A728,0,0.9999969364185417,0,8894,56,0,1,0,0,1
COL make VAL PIPER COL model VAL PA34 COL series VAL 200T COL name VAL SENECA II COL cert VAL A7SO,COL make VAL BL COL model VAL 7 COL series VAL AC COL name VAL CHAMP COL cert VAL A759,0,0.999997274066609,0,7612,57,0,1,0,0,1
COL make VAL DOUGLAS COL model VAL DC8 COL series VAL 63F COL name VAL SUPER 60 COL cert VAL 4A25,COL make VAL AR COL model VAL 7 COL series VAL AC COL name VAL CHAMPION COL cert VAL A759,0,0.9999971712678216,0,4781,58,0,1,0,0,1
COL make VAL STINSON COL model VAL SR10 COL series VAL J3 COL name VAL RELIANT COL cert VAL TC 678,COL make VAL BL COL model VAL 7 COL series VAL BCM COL cert VAL A759,0,0.9999971797299062,0,22188,59,0,1,0,0,1
COL make VAL BOEING COL model VAL 727 COL series VAL 254 COL name VAL No Popular Name COL cert VAL A3WE,COL make VAL BL COL model VAL 7 COL series VAL CCM COL cert VAL A759,0,0.9999970825917724,0,1789,60,0,1,0,0,1
COL make VAL LOCKHEED COL model VAL 10 COL series VAL E COL name VAL ELECTRA COL cert VAL TC 590,COL make VAL BL COL model VAL 7 COL series VAL DC COL name VAL CHAMP COL cert VAL A759,0,0.9999970693013921,0,6508,61,0,1,0,0,1
COL make VAL BOEING COL model VAL 737 COL series VAL 7W0 COL name VAL No Popular Name COL cert VAL A16WE,COL make VAL AR COL model VAL 7 COL series VAL DC COL name VAL CHAMPION COL cert VAL A759,0,0.9999969671336856,0,2324,62,0,1,0,0,1
COL make VAL BOEING COL model VAL 737 COL series VAL 7BJ COL name VAL No Popular Name COL cert VAL A16WE,COL make VAL CHAMP COL model VAL 7 COL series VAL EC COL name VAL TRAVELLER COL cert VAL A759,0,0.9999970368924456,0,2266,63,0,1,0,0,1
COL make VAL BOEING COL model VAL 727 COL series VAL 222 COL name VAL No Popular Name COL cert VAL A3WE,COL make VAL BL COL model VAL 7 COL series VAL EC COL cert VAL A759,0,0.9999970237714041,0,1757,64,0,1,0,0,1
COL make VAL STINSON COL model VAL SR10 COL series VAL J COL name VAL RELIANT COL cert VAL TC 678,COL make VAL AR COL model VAL 7 COL series VAL EC COL name VAL CHAMPION COL cert VAL A759,0,0.9999969653861982,0,22187,65,0,1,0,0,1
COL make VAL PIPER COL model VAL PA23 COL series VAL 250 COL name VAL AZTEC 250 COL cert VAL 1A10,COL make VAL AR COL model VAL C2 COL series VAL SCOUT COL cert VAL ATC351,0,0.9999971323296454,0,7535,66,0,1,0,0,1
COL make VAL PILATUS COL model VAL PC6 COL series VAL H2 COL name VAL PORTER COL cert VAL F56-10,COL make VAL AR COL model VAL C2 COL series VAL STD COL cert VAL ATC351,0,0.9999970000395565,0,11251,67,0,1,0,0,1
COL make VAL BOEING COL model VAL 707 COL series VAL 123B COL name VAL No Popular Name COL cert VAL 4A21,COL make VAL C COL model VAL 3 COL series VAL 3 COL cert VAL A396,0,0.9999970638448198,0,1599,68,0,1,0,0,1
COL make VAL KINNER COL model VAL PLAYBOY COL series VAL R COL name VAL No Popular Name COL cert VAL ATC 554,COL make VAL AR COL model VAL K COL series VAL K COL cert VAL A634,0,0.9999969431907343,0,21584,69,0,1,0,0,1
COL make VAL BOEING COL model VAL 737 COL series VAL 4M0 COL name VAL No Popular Name COL cert VAL A16WE,COL make VAL AR COL model VAL K COL series VAL S COL cert VAL A634,0,0.9999966915537072,0,2161,70,0,1,0,0,1
COL make VAL CONVAIR COL model VAL 30 COL series VAL A COL name VAL 990A COL cert VAL 4A30,COL make VAL CHAMP COL model VAL 7 COL series VAL L16A COL name VAL TRAVELLER COL cert VAL A759,0,0.999997348217271,0,4338,71,0,1,0,0,1
COL make VAL BEECH COL model VAL 55 COL series VAL 95B55B COL name VAL BARON COL cert VAL 3A16,COL make VAL CHAMP COL model VAL 7 COL series VAL L16B COL name VAL TRAVELLER COL cert VAL A759,0,0.9999974500824516,0,1267,72,0,1,0,0,1
COL make VAL KAWASAKI COL model VAL BK117 COL series VAL A1 COL name VAL No Popular Name COL cert VAL 32,COL make VAL AR COL model VAL 65 COL series VAL L3 COL cert VAL A728,0,0.9999973118737873,0,16013,73,0,1,0,0,1
COL make VAL LEARJET COL model VAL 23 COL series VAL 23 COL name VAL No Popular Name COL cert VAL A5CE,COL make VAL AR COL model VAL 58 COL series VAL O58A COL cert VAL A751,0,0.9999972401490287,0,6337,74,0,1,0,0,1
COL make VAL CESSNA COL model VAL 182 COL series VAL E COL name VAL SKYLANE COL cert VAL 3A13,COL make VAL AR COL model VAL 58 COL series VAL L3B COL cert VAL A751,0,0.9999973655040838,0,3712,75,0,1,0,0,1
COL make VAL CESSNA COL model VAL 150 COL series VAL E COL name VAL No Popular Name COL cert VAL 3A19,COL make VAL AR COL model VAL 58 COL series VAL L3C COL cert VAL A751,0,0.9999974151671035,0,3656,76,0,1,0,0,1
COL make VAL BOEING COL model VAL 737 COL series VAL 9GPER COL name VAL No Popular Name COL cert VAL A16WE,COL make VAL AR COL model VAL LB COL series VAL LB COL cert VAL 596,0,0.9999972171833106,0,2428,77,0,1,0,0,1
COL make VAL BOEING COL model VAL 737 COL series VAL 293 COL name VAL No Popular Name COL cert VAL A16WE,COL make VAL AR COL model VAL LC COL series VAL LC COL cert VAL ATC614,0,0.9999972155984851,0,1966,78,0,1,0,0,1
COL make VAL BEECH COL model VAL 35 COL series VAL H35 COL name VAL BONANZA COL cert VAL 3A15,COL make VAL AR COL model VAL 58 COL series VAL O58B COL cert VAL A751,0,0.9999971488249215,0,1218,79,0,1,0,0,1
COL make VAL LAIRD COL model VAL LC COL series VAL 1B300 COL name VAL COMMERCIAL COL cert VAL ATC 353,COL make VAL PC COL model VAL 3 COL series VAL 3 COL cert VAL A396,0,0.9999970895682543,0,19310,80,0,1,0,0,1
COL make VAL BOEING COL model VAL 727 COL series VAL 221 COL name VAL No Popular Name COL cert VAL A3WE,COL make VAL AR COL model VAL 11 COL series VAL S11AC COL cert VAL A761,0,0.9999970756794453,0,1755,81,0,1,0,0,1
COL make VAL CULVER COL model VAL LAR COL series VAL 90 COL name VAL CADET COL cert VAL A-748,COL make VAL AR COL model VAL 11 COL series VAL S11CC COL cert VAL A3CE,0,0.9999974613180044,0,21560,82,0,1,0,0,1
COL make VAL BOEING COL model VAL 737 COL series VAL 36N COL name VAL No Popular Name COL cert VAL A16WE,COL make VAL AR COL model VAL 15 COL series VAL S15AC COL cert VAL A802,0,0.9999971372699319,0,2082,83,0,1,0,0,1
COL make VAL BOEING COL model VAL 777 COL series VAL 312 COL name VAL No Popular Name COL cert VAL T00001SE,COL make VAL AR COL model VAL 7 COL series VAL S7AC COL cert VAL A759,0,0.9999972611157029,0,2852,84,0,1,0,0,1
COL make VAL BOEING COL model VAL 737 COL series VAL 55S COL name VAL No Popular Name COL cert VAL A16WE,COL make VAL AR COL model VAL 7 COL series VAL S7CCM COL cert VAL A759,0,0.999997021130573,0,2181,85,0,1,0,0,1
COL make VAL BEECH COL model VAL AT7 COL series VAL C COL name VAL NAVIGATOR COL cert VAL A-757,COL make VAL CHAMP COL model VAL 7 COL series VAL S7EC COL cert VAL A759,0,0.9999967065445605,0,1326,86,0,1,0,0,1
COL make VAL BOEING COL model VAL 777 COL series VAL 312 COL name VAL No Popular Name COL cert VAL T00001SE,COL make VAL AR COL model VAL 58 COL series VAL SO58B COL cert VAL A751,0,0.9999974862659987,0,2852,87,0,1,0,0,1
COL make VAL PIPER COL model VAL PA31P COL series VAL PA31P COL name VAL PRESSURIZED NAVAJO COL cert VAL A8EA,COL make VAL AR COL model VAL 65 COL series VAL YO58 COL cert VAL A728,0,0.9999972145228384,0,7589,88,0,1,0,0,1
COL make VAL AEROSTAR INTERNATIONAL COL model VAL S60A COL series VAL S60A COL name VAL No Popular Name COL cert VAL A15CE,COL make VAL AS COL model VAL 332 COL series VAL C COL cert VAL H4EU,0,0.999997162474578,0,301,89,0,1,0,0,1
COL make VAL PIPER COL model VAL J4 COL series VAL A COL name VAL CUB COUPE COL cert VAL A-703,COL make VAL AS COL model VAL 332 COL series VAL L COL cert VAL H4EU,0,0.9999972296775743,0,7467,90,0,1,0,0,1
COL make VAL PIPER COL model VAL PA18 COL series VAL 150 COL name VAL SUPER CUB COL cert VAL 1A2,COL make VAL AS COL model VAL 350B2 COL series VAL 350B2 COL name VAL ECUREUIL COL cert VAL H9EU,0,0.9999970881509676,0,7505,91,0,1,0,0,1
COL make VAL CESSNA COL model VAL T207 COL series VAL T207 COL name VAL TURBO SKYWAGON COL cert VAL A16CE,COL make VAL AS COL model VAL 350 COL series VAL B2 COL name VAL ECUREUIL COL cert VAL H9EU,0,0.9999972735869322,0,3965,92,0,1,0,0,1
COL make VAL BOEING COL model VAL 737 COL series VAL 89L COL name VAL No Popular Name COL cert VAL A16WE,COL make VAL AS COL model VAL 350D1 COL series VAL 350D1 COL name VAL ASTAR COL cert VAL H9EU,0,0.9999972592396471,0,2362,93,0,1,0,0,1
COL make VAL CESSNA COL model VAL U3 COL series VAL A COL name VAL No Popular Name COL cert VAL 3A10,COL make VAL AS COL model VAL 350 COL series VAL D1 COL name VAL ASTAR COL cert VAL H9EU,0,0.9999971218828105,0,4015,94,0,1,0,0,1
COL make VAL PIPER COL model VAL PA18 COL series VAL A COL name VAL SUPER CUB COL cert VAL 1A2,COL make VAL AS COL model VAL 350D COL series VAL 350B1 COL name VAL ECUREUIL COL cert VAL H93U,0,0.9999975357532289,0,7506,95,0,1,0,0,1
COL make VAL CESSNA COL model VAL 310 COL series VAL A COL name VAL BLUE CANOE COL cert VAL 3A10,COL make VAL AS COL model VAL 350D COL series VAL 350B2 COL name VAL ECUREUIL COL cert VAL H93U,0,0.9999971882511446,0,3770,96,0,1,0,0,1
COL make VAL SIKORSKY COL model VAL S58 COL series VAL DT COL name VAL No Popular Name COL cert VAL 1H11,COL make VAL AS COL model VAL 350D COL series VAL 350B3 COL name VAL ECUREUIL COL cert VAL H93U,0,0.999997061217125,0,8473,97,0,1,0,0,1
COL make VAL FAIRCHILD COL model VAL PILGRIM 100 COL series VAL A COL name VAL No Popular Name COL cert VAL ATC 443,COL make VAL AS COL model VAL 350D COL series VAL 350BA COL name VAL ECUREUIL COL cert VAL H93U,0,0.9999973246905666,0,21439,98,0,1,0,0,1
COL make VAL BOEING COL model VAL 737 COL series VAL 8LD COL name VAL No Popular Name COL cert VAL A16WE,COL make VAL AS COL model VAL 350D COL series VAL 350D COL name VAL ECUREUIL COL cert VAL H93U,0,0.9999969102786737,0,10220,99,0,1,0,0,1
COL make VAL SCHWEIZER COL model VAL SGU22 2 COL series VAL CK COL name VAL No Popular Name COL cert VAL G-18,COL make VAL AS COL model VAL 350D COL series VAL 350D1 COL name VAL ECUREUIL COL cert VAL H93U,0,0.9999968311207169,0,8310,100,0,1,0,0,1
COL make VAL PIPER COL model VAL PA44 COL series VAL 180T COL name VAL TURBO SEMINOLE COL cert VAL A19SO,COL make VAL AS COL model VAL 350B COL series VAL 350B COL name VAL ECUREUIL COL cert VAL H9EU,0,0.9999970576023092,0,7631,101,0,1,0,0,1
COL make VAL BALLOON WORKS COL model VAL FIREFLY 8 COL series VAL 24 COL name VAL No Popular Name COL cert VAL A14SO,COL make VAL AS COL model VAL 350 COL series VAL B COL name VAL ECUREUIL COL cert VAL H9EU,0,0.9999972713330116,0,1073,102,0,1,0,0,1
COL make VAL BOEING COL model VAL 737 COL series VAL 8FH COL name VAL No Popular Name COL cert VAL A16WE,COL make VAL AS 350B3 COL name VAL ECUREUIL COL cert VAL H9EU,0,0.9999966643474338,0,2392,103,0,1,0,0,1
COL make VAL CESSNA COL model VAL 185 COL series VAL E COL name VAL SKYWAGON COL cert VAL 3A24,COL make VAL AS COL model VAL 350B1 COL series VAL 350B1 COL name VAL ECUREUIL COL cert VAL H9EU,0,0.9999971135073075,0,3731,104,0,1,0,0,1
COL make VAL MOONEY COL model VAL M20R COL series VAL M20R COL name VAL OVATION COL cert VAL 2A3,COL make VAL AS COL model VAL 350 COL series VAL B1 COL name VAL ECUREUIL COL cert VAL H9EU,0,0.9999970277537729,0,7038,105,0,1,0,0,1
COL make VAL PIPER COL model VAL J3F COL series VAL 65 COL name VAL CUB COL cert VAL A-692,COL make VAL AS COL model VAL 350B3 COL series VAL 350B3 COL name VAL ECUREUIL COL cert VAL H9EU,0,0.9999972201434801,0,7460,106,0,1,0,0,1
COL make VAL BALLOON WORKS COL model VAL FIREFLY 5 COL series VAL FIREFLY 5 COL name VAL No Popular Name COL cert VAL A14SO,COL make VAL AS COL model VAL 350 COL series VAL B3 COL name VAL ECUREUIL COL cert VAL H9EU,0,0.9999972469180927,0,1065,107,0,1,0,0,1
COL make VAL MERCURY COL model VAL BT120 COL series VAL BT120 COL name VAL No Popular Name COL cert VAL TC 744,COL make VAL AS COL model VAL 355 COL series VAL E COL name VAL TWINSTAR COL cert VAL H11EU,0,0.9999972764922983,0,21597,108,0,1,0,0,1
COL make VAL PIPER COL model VAL PA28R COL series VAL 201 COL name VAL ARROW III COL cert VAL 2A13,COL make VAL AS COL model VAL 355 COL series VAL F COL name VAL TWINSTAR COL cert VAL H11EU,0,0.9999975528317534,0,7574,109,0,1,0,0,1
COL make VAL CANADAIR COL model VAL CL600 1A11 COL series VAL 600 COL name VAL CHALLENGER 600 COL cert VAL A-131,COL make VAL AS COL model VAL 355 COL series VAL F1 COL name VAL TWINSTAR COL cert VAL H11EU,0,0.9999969128102206,0,3578,110,0,1,0,0,1
COL make VAL BOEING COL model VAL 737 COL series VAL 8B5 COL name VAL No Popular Name COL cert VAL A16WE,COL make VAL AS COL model VAL 355 COL series VAL F2 COL name VAL TWINSTAR COL cert VAL H11EU,0,0.9999970969212184,0,2370,111,0,1,0,0,1
COL make VAL CESSNA COL model VAL 337 COL series VAL H COL name VAL No Popular Name COL cert VAL A6CE,COL make VAL AS COL model VAL 355 COL series VAL N COL name VAL TWINSTAR COL cert VAL H11EU,0,0.999996884624444,0,3811,112,0,1,0,0,1
COL make VAL SWEARINGEN COL model VAL SA227 COL series VAL DC COL name VAL METRO 23 COL cert VAL A18SW,COL make VAL AS COL model VAL 355 COL series VAL NP COL name VAL TWINSTAR COL cert VAL H11EU,0,0.9999970913232893,0,8902,113,0,1,0,0,1
COL make VAL PIPER COL model VAL PA31T COL series VAL 1 COL name VAL CHEYENNE I COL cert VAL A8EA,COL make VAL AS COL model VAL 365 COL series VAL N2 COL name VAL DAUPHIN COL cert VAL H10EU,0,0.9999973041308696,0,7590,114,0,1,0,0,1
COL make VAL SCHLEICHER COL model VAL ASW15 COL series VAL B COL name VAL No Popular Name COL cert VAL 272/SP,COL make VAL SA COL model VAL 365 COL series VAL N1 COL name VAL DAUPHIN COL cert VAL H10EU,0,0.9999974131079399,0,8228,115,0,1,0,0,1
COL make VAL BEECH COL model VAL 95 COL series VAL B95 COL name VAL TRAVEL AIR COL cert VAL 3A16,COL make VAL SA COL model VAL 365 COL series VAL N COL name VAL DAUPHIN COL cert VAL H10EU,0,0.9999973721674392,0,1312,116,0,1,0,0,1
COL make VAL AERO COMMANDER COL model VAL 690 COL series VAL C COL name VAL JETPROP 840 COL cert VAL 2A4,COL make VAL AS COL model VAL 365 COL series VAL N3 COL cert VAL H10EU,0,0.9999974299619314,0,94,117,0,1,0,0,1
COL make VAL BOEING COL model VAL 737 COL series VAL 322 COL name VAL No Popular Name COL cert VAL A16WE,COL make VAL SA COL model VAL 315 COL series VAL B COL name VAL ALOUETTE III COL cert VAL H1IN,0,0.9999973450719467,0,2063,118,0,1,0,0,1
COL make VAL SCHWEIZER COL model VAL SGS1 26 COL series VAL D COL name VAL No Popular Name COL cert VAL 1G10,COL make VAL SA COL model VAL 319 COL series VAL B COL name VAL ALOUETTE III COL cert VAL H1IN,0,0.9999973242542473,0,8290,120,0,1,0,0,1
COL make VAL BOEING COL model VAL 737 COL series VAL 3Y9 COL name VAL No Popular Name COL cert VAL A16WE,COL make VAL SA COL model VAL 316 COL series VAL B COL name VAL ALOUETTE III COL cert VAL H1IN,0,0.9999973662187772,0,2121,121,0,1,0,0,1
COL make VAL DOUGLAS COL model VAL DC8 COL series VAL 51 COL name VAL No Popular Name COL cert VAL 4A25,COL make VAL SA COL model VAL 316 COL series VAL C COL name VAL ALOUETTE III COL cert VAL H1IN,0,0.9999975004822564,0,4764,122,0,1,0,0,1
COL make VAL MOONEY COL model VAL M20L COL series VAL M20L COL name VAL MOONEY PFM COL cert VAL 2A3,COL make VAL SA COL model VAL 318 COL series VAL C COL name VAL ALOUETTE ASTAZOU COL cert VAL 7H1,0,0.9999972528165959,0,7036,123,0,1,0,0,1
COL make VAL CESSNA COL model VAL 560 COL series VAL XL COL name VAL CITATION EXCEL COL cert VAL A22CE,COL make VAL SA COL model VAL 318 COL series VAL B COL name VAL ALOUETTE ASTAZOU COL cert VAL 7H1,0,0.9999972745669949,0,3850,124,0,1,0,0,1
COL make VAL DOUGLAS COL model VAL DC8 COL series VAL 71 COL name VAL SUPER 70 COL cert VAL 4A25,COL make VAL SA COL model VAL 318 COL series VAL O COL name VAL ALOUETTE ASTAZOU COL cert VAL 7H1,0,0.999997542294214,0,4783,125,0,1,0,0,1
COL make VAL SIKORSKY COL model VAL S55 COL series VAL B COL name VAL CHICKASAW COL cert VAL 1H4,COL make VAL SA COL model VAL 330 COL series VAL J COL cert VAL H4EU,0,0.9999973919508505,0,8464,126,0,1,0,0,1
COL make VAL BEECH COL model VAL 200 COL series VAL A200C COL name VAL SUPER KING AIR COL cert VAL A24CE,COL make VAL SA COL model VAL 341 COL series VAL G COL name VAL GAZELLE COL cert VAL H6EU,0,0.9999972629474055,0,1173,127,0,1,0,0,1
COL make VAL BOEING COL model VAL 737 COL series VAL 732 COL name VAL No Popular Name COL cert VAL A16WE,COL make VAL SA COL model VAL 360 COL series VAL C COL name VAL DAUPHIN COL cert VAL H8EU,0,0.9999971262053324,0,2211,128,0,1,0,0,1
COL make VAL SLINGSBY COL model VAL T50 COL series VAL T50 COL name VAL SKYLARK 4 COL cert VAL NOT IDENTIFIED,COL make VAL SA COL model VAL 365 COL series VAL C COL name VAL DAUPHIN COL cert VAL H10EU,0,0.9999969423393799,0,8572,129,0,1,0,0,1
COL make VAL DOUGLAS COL model VAL DC8 COL series VAL 73F COL name VAL SUPER 70 COL cert VAL 4A25,COL make VAL SA COL model VAL 365 COL series VAL C1 COL name VAL DAUPHIN COL cert VAL H10EU,0,0.9999971769057456,0,4788,130,0,1,0,0,1
COL make VAL BOEING COL model VAL 737 COL series VAL 277 COL name VAL No Popular Name COL cert VAL A16WE,COL make VAL SE COL model VAL 313 COL series VAL O COL name VAL ALOUETTE II COL cert VAL 7H1,0,0.999997270670658,0,1954,131,0,1,0,0,1
COL make VAL NATIONAL BALLOONING COL model VAL 755 COL series VAL 12 COL name VAL No Popular Name COL cert VAL A33CE,COL make VAL MOONEY COL model VAL 20 COL series VAL C COL name VAL RANGER COL cert VAL 2A3,0,0.9999974639035997,0,7098,132,0,1,0,0,1
COL make VAL CESSNA COL model VAL 310 COL series VAL K COL name VAL No Popular Name COL cert VAL 3A10,COL make VAL MOONEY COL model VAL 20 COL series VAL E COL name VAL CHAPARRAL COL cert VAL 2A3,0,0.9999973963160006,0,3781,133,0,1,0,0,1
COL make VAL HELIO COL model VAL 500 COL series VAL 500 COL name VAL TWIN COURIER COL cert VAL A2EA,COL make VAL MOONEY COL model VAL 20 COL series VAL F COL name VAL EXECUTIVE COL cert VAL 2A3,0,0.9999974278924774,0,5747,134,0,1,0,0,1
COL make VAL GLASFLUGEL COL model VAL 304 COL series VAL CZ COL name VAL No Popular Name COL cert VAL EASA.A.030,COL make VAL PA COL model VAL 60 COL series VAL 600 COL name VAL AEROSTAR 600 COL cert VAL A17WE,0,0.9999974812627024,0,5434,135,0,1,0,0,1
COL make VAL MAULE COL model VAL M4 COL series VAL T COL name VAL JETASEN COL cert VAL 3A23,COL make VAL PA COL model VAL 60 COL series VAL 601P COL name VAL AEROSTAR 601P COL cert VAL A17WE,0,0.9999973780826619,0,6723,136,0,1,0,0,1
COL make VAL GROB COL model VAL G109 COL series VAL B COL name VAL No Popular Name COL cert VAL EASA.A.249,COL make VAL PA COL model VAL 60 COL series VAL 601 COL name VAL AEROSTAR 601 COL cert VAL A17WE,0,0.9999977507713185,0,5485,137,0,1,0,0,1
COL make VAL PIPER COL model VAL PA32 COL series VAL 260 COL name VAL CHEROKEE SIX 260 COL cert VAL A3SO,COL make VAL PA COL model VAL 60 COL series VAL 700P COL name VAL AEROSTAR 700P COL cert VAL A17WE,0,0.9999974845933414,0,7596,138,0,1,0,0,1
COL make VAL CESSNA COL model VAL T337 COL series VAL D COL name VAL No Popular Name COL cert VAL A6CE,COL make VAL AERSTR COL model VAL RX COL series VAL 6 COL name VAL RAVEN COL cert VAL A15CE,0,0.9999972869912056,0,3981,139,0,1,0,0,1
COL make VAL BOEING COL model VAL 777 COL series VAL FFX COL name VAL No Popular Name COL cert VAL T00001SE,COL make VAL AERSTR COL model VAL RX COL series VAL 7 COL name VAL RAVEN COL cert VAL A15CE,0,0.999997354571171,0,9865,140,0,1,0,0,1
COL make VAL SCHWEIZER COL model VAL SGS1 35 COL series VAL C COL name VAL No Popular Name COL cert VAL G4EA,COL make VAL AERSTR COL model VAL RX COL series VAL 8 COL name VAL RAVEN COL cert VAL A15CE,0,0.9999973914421638,0,8296,141,0,1,0,0,1
COL make VAL FOKKER COL model VAL F27 COL series VAL 500 COL name VAL FRIENDSHIP COL cert VAL EASA.A.036,COL make VAL AERSTR COL model VAL RXS COL series VAL 8 COL name VAL RAVEN COL cert VAL A15CE,0,0.9999971717088582,0,5284,142,0,1,0,0,1
COL make VAL GRUMMAN COL model VAL G73 COL series VAL T COL name VAL TURBO MALLARD COL cert VAL A-783,COL make VAL AERSTR COL model VAL S49 COL series VAL S49A COL name VAL RAVEN COL cert VAL A15CE,0,0.9999974349790717,0,16446,143,0,1,0,0,1
COL make VAL BOEING COL model VAL 707 COL series VAL 321C COL name VAL No Popular Name COL cert VAL 4A26,COL make VAL AERSTR COL model VAL S50 COL series VAL S50A COL name VAL RAVEN COL cert VAL A15CE,0,0.9999974595681788,0,1614,144,0,1,0,0,1
COL make VAL PIPER COL model VAL PA36 COL series VAL 285 COL name VAL PAWNEE BRAVE COL cert VAL A9SO,COL make VAL AERSTR COL model VAL S53 COL series VAL S53A COL name VAL RAVEN COL cert VAL A15CE,0,0.9999975629638985,0,7617,145,0,1,0,0,1
COL make VAL BOEING COL model VAL 707 COL series VAL 123B COL name VAL No Popular Name COL cert VAL 4A21,COL make VAL AERSTR COL model VAL S55 COL series VAL S55A COL name VAL RAVEN COL cert VAL A15CE,0,0.9999976137908907,0,1599,146,0,1,0,0,1
COL make VAL CULVER COL model VAL LAR COL series VAL 90 COL name VAL CADET COL cert VAL A-748,COL make VAL RAVEN COL model VAL S55 COL series VAL S55A COL name VAL RAVEN COL cert VAL A15CE,0,0.9999974441688,0,21560,147,0,1,0,0,1
COL make VAL MITSUBISHI COL model VAL MU2B COL series VAL 25 COL name VAL MARQUISE COL cert VAL NOT IDENTIFIED,COL make VAL AERSTR COL model VAL S57 COL series VAL S57A COL name VAL RAVEN COL cert VAL A15CE,0,0.9999976875165296,0,6992,148,0,1,0,0,1
COL make VAL BOEING COL model VAL 777 COL series VAL 24Q COL name VAL No Popular Name COL cert VAL T00001SE,COL make VAL AERSTR COL model VAL S60 COL series VAL S60A COL name VAL RAVEN COL cert VAL A15CE,0,0.9999974328708144,0,2830,149,0,1,0,0,1
COL make VAL REARWIN COL model VAL 6000 COL series VAL M COL name VAL SPEEDSTER COL cert VAL TC 661,COL make VAL AERSTR COL model VAL S77 COL series VAL S77A COL name VAL RAVEN COL cert VAL A15CE,0,0.999997608016252,0,7930,150,0,1,0,0,1
COL make VAL REARWIN COL model VAL 8135 COL series VAL T COL name VAL CLOUDSTER COL cert VAL TC 711,COL make VAL AGUSTA COL model VAL A109 COL series VAL A COL cert VAL H7EU,0,0.9999975576230073,0,7936,151,0,1,0,0,1
COL make VAL GAME COMPOSITES COL model VAL GB1 COL series VAL GB1 COL name VAL GAMEBIRD COL cert VAL A00073CE,COL make VAL AGUSTA COL model VAL A109 COL series VAL A109 COL cert VAL H7EU,0,0.9999967461139375,0,11871,152,0,1,0,0,1
COL make VAL LOCKHEED COL model VAL 382 COL series VAL B COL name VAL L100 COL cert VAL A1SO,COL make VAL AGUSTA COL model VAL A109 COL series VAL A2 COL cert VAL H7EU,0,0.9999976041659666,0,6539,153,0,1,0,0,1
COL make VAL SCHWEIZER COL model VAL SGM2 37 COL series VAL SGM2 37 COL name VAL CONDOR COL cert VAL G1NE,COL make VAL AGUSTA COL model VAL A109 COL series VAL A109C COL cert VAL H7EU,0,0.9999972805229697,0,8280,154,0,1,0,0,1
COL make VAL HUGHES COL model VAL 369 COL series VAL HM COL name VAL 500 COL cert VAL H3WE,COL make VAL AGUSTA COL model VAL A109 COL series VAL E COL cert VAL H7EU,0,0.9999971130461823,0,5887,155,0,1,0,0,1
COL make VAL BOEING COL model VAL 707 COL series VAL 330B COL name VAL No Popular Name COL cert VAL 4A26,COL make VAL AGUSTA COL model VAL A109 COL series VAL A109K2 COL cert VAL H7EU,0,0.9999969799284437,0,1624,156,0,1,0,0,1
COL make VAL STINSON COL model VAL SR5 COL series VAL E COL name VAL RELIANT COL cert VAL ATC 530,COL make VAL AGUSTA COL model VAL AB139 COL series VAL AB139 COL cert VAL R00002RD,0,0.9999968391432047,0,22200,157,0,1,0,0,1
COL make VAL NATIONAL BALLOONING COL model VAL 752 COL series VAL 752 COL name VAL No Popular Name COL cert VAL A33CE,COL make VAL AGUSTA COL model VAL AW139 COL series VAL AW139 COL cert VAL R00002RD,0,0.9999975433416894,0,7099,158,0,1,0,0,1
COL make VAL CESSNA COL model VAL 310 COL series VAL 310 COL name VAL No Popular Name COL cert VAL 3A10,COL make VAL AIRSPC COL model VAL 18 COL series VAL A COL name VAL GYROPLANE COL cert VAL 1H17,0,0.9999969498446943,0,3787,159,0,1,0,0,1
COL make VAL BOEING COL model VAL 707 COL series VAL 123B COL name VAL No Popular Name COL cert VAL 4A21,COL make VAL AT COL model VAL 250 COL series VAL 250 COL cert VAL A9SW,0,0.9999973388995334,0,1599,160,0,1,0,0,1
COL make VAL BEECH COL model VAL 90 COL series VAL F90 COL name VAL KING AIR COL cert VAL A31CE,COL make VAL AT COL model VAL 400 COL series VAL 400 COL cert VAL A9SW,0,0.9999973089933334,0,1309,161,0,1,0,0,1
COL make VAL BOEING COL model VAL 767 COL series VAL 316BCF COL name VAL No Popular Name COL cert VAL A1NM,COL make VAL AT COL model VAL 300 COL series VAL 300 COL cert VAL A9SW,0,0.9999972558422356,0,15230,162,0,1,0,0,1
COL make VAL BOEING COL model VAL 737 COL series VAL 85P COL name VAL No Popular Name COL cert VAL A16WE,COL make VAL AT COL model VAL 301 COL series VAL 301 COL cert VAL A9SW,0,0.9999972346163076,0,2350,163,0,1,0,0,1
COL make VAL LINDSTRAND COL model VAL 69A COL series VAL 69A COL name VAL No Popular Name COL cert VAL B00010CH,COL make VAL AT COL model VAL 302 COL series VAL 302 COL cert VAL A9SW,0,0.9999971446984464,0,11051,164,0,1,0,0,1
COL make VAL PIPER COL model VAL J4 COL series VAL AS COL name VAL CUB COUPE COL cert VAL A-703,COL make VAL AT COL model VAL 400 COL series VAL A COL cert VAL A9SW,0,0.9999974344261734,0,7468,165,0,1,0,0,1
COL make VAL BAE COL model VAL AVRO146RJ COL series VAL 70A COL name VAL AVROLINER COL cert VAL EASA.A.182,COL make VAL AT COL model VAL 401 COL series VAL 401 COL cert VAL A17SW,0,0.9999972403411572,0,991,166,0,1,0,0,1
COL make VAL BAE COL model VAL AVRO146RJ COL series VAL 70A COL name VAL AVROLINER COL cert VAL EASA.A.182,COL make VAL AT COL model VAL 402 COL series VAL 402 COL cert VAL A17SW,0,0.9999973119365945,0,991,167,0,1,0,0,1
COL make VAL AERONCA COL model VAL 7DC COL series VAL 7DC COL name VAL CHAMPION COL cert VAL A-759,COL make VAL AT COL model VAL 402 COL series VAL B COL cert VAL A17SW,0,0.9999971220982676,0,150,168,0,1,0,0,1
COL make VAL DASSAULT COL model VAL FANJET FALCON COL series VAL D COL name VAL No Popular Name COL cert VAL 103,COL make VAL AT COL model VAL 501 COL series VAL 501 COL cert VAL A17SW,0,0.9999971994147392,0,4432,169,0,1,0,0,1
COL make VAL AMERICAN GENERAL COL model VAL AG5 COL series VAL B COL name VAL TIGER COL cert VAL A16EA,COL make VAL AT COL model VAL 502 COL series VAL A COL cert VAL A17SW,0,0.9999977113059394,0,550,170,0,1,0,0,1
COL make VAL CESSNA COL model VAL 177 COL series VAL A COL name VAL CARDINAL COL cert VAL A13CE,COL make VAL AT COL model VAL 502 COL series VAL B COL cert VAL A17SW,0,0.9999976881945757,0,3693,171,0,1,0,0,1
COL make VAL BOEING COL model VAL 777 COL series VAL F16 COL name VAL No Popular Name COL cert VAL T00001SE,COL make VAL AT COL model VAL 502 COL series VAL 502 COL cert VAL A17SW,0,0.9999970958163432,0,10231,172,0,1,0,0,1
COL make VAL CESSNA COL model VAL 208 COL series VAL B COL name VAL CARAVAN COL cert VAL A37CE,COL make VAL AT COL model VAL 500 COL series VAL 502 COL cert VAL A17SW,0,0.9999974958010198,0,3747,173,0,1,0,0,1
COL make VAL SCHWEIZER COL model VAL SGU22 2 COL series VAL C COL name VAL No Popular Name COL cert VAL G-18,COL make VAL AT COL model VAL 602 COL series VAL 602 COL cert VAL A19SW,0,0.9999975333114587,0,8309,174,0,1,0,0,1
COL make VAL MOONEY COL model VAL M20B COL series VAL M20B COL name VAL MARK 21 COL cert VAL 2A3,COL make VAL AT COL model VAL 802 COL series VAL A COL cert VAL A19SW,0,0.9999971920107524,0,7027,176,0,1,0,0,1
COL make VAL PIPER COL model VAL PA18 COL series VAL 125 COL name VAL SUPER CUB COL cert VAL 1A2,COL make VAL A COL model VAL 300 COL series VAL B21C COL name VAL AIRBUS COL cert VAL A35EU,0,0.99999716344589,0,7503,177,0,1,0,0,1
COL make VAL CESSNA COL model VAL P210 COL series VAL N COL name VAL PRESSURIZED CENTURION COL cert VAL 3A21,COL make VAL A COL model VAL 300 COL series VAL B4203 COL name VAL AIRBUS COL cert VAL A35EU,0,0.9999974087449943,0,3949,178,0,1,0,0,1
COL make VAL CESSNA COL model VAL 210 COL series VAL 210 COL name VAL CENTURION COL cert VAL 3A21,COL make VAL A COL model VAL 310 COL series VAL 203 COL name VAL AIRBUS COL cert VAL A35EU,0,0.9999969839292082,0,3763,179,0,1,0,0,1
COL make VAL GREAT LAKES COL model VAL 2T COL series VAL 1A COL name VAL SPORT TRAINER COL cert VAL A18EA,COL make VAL A COL model VAL 310 COL series VAL 222 COL name VAL AIRBUS COL cert VAL A35EU,0,0.999997044436273,0,5466,180,0,1,0,0,1
COL make VAL SWEARINGEN COL model VAL SA227 COL series VAL TT COL name VAL MERLIN IIIC COL cert VAL A5SW,COL make VAL A COL model VAL 310 COL series VAL 304 COL name VAL AIRBUS COL cert VAL A35EU,0,0.9999970764922794,0,8904,181,0,1,0,0,1
COL make VAL BOEING COL model VAL 737 COL series VAL 3T5 COL name VAL No Popular Name COL cert VAL A16WE,COL make VAL A COL model VAL 310 COL series VAL 325 COL cert VAL A35EU,0,0.9999973487609353,0,2115,182,0,1,0,0,1
COL make VAL BEECH COL model VAL 58 COL series VAL TC COL name VAL TURBO BARON COL cert VAL A23CE,COL make VAL A COL model VAL 318 COL series VAL 111 COL cert VAL A28NM,0,0.9999975184762371,0,1280,183,0,1,0,0,1
COL make VAL PIPER COL model VAL L4 COL series VAL H COL name VAL CUB COL cert VAL A-691,COL make VAL A COL model VAL 318 COL series VAL 112 COL cert VAL A28NM,0,0.9999973188671207,0,7485,184,0,1,0,0,1
COL make VAL WACO COL model VAL RBA COL series VAL RBA COL name VAL No Popular Name COL cert VAL ATC 466,COL make VAL A COL model VAL 319 COL series VAL 111 COL cert VAL A28NM,0,0.9999968926033475,0,9518,185,0,1,0,0,1
COL make VAL CESSNA COL model VAL P206 COL series VAL E COL name VAL SUPER SKYLANE COL cert VAL A4CE,COL make VAL A COL model VAL 319 COL series VAL 112 COL cert VAL A28NM,0,0.9999973717438758,0,3947,186,0,1,0,0,1
COL make VAL BELL COL model VAL AH1 COL series VAL G COL name VAL COBRA COL cert VAL H10NM,COL make VAL A COL model VAL 319 COL series VAL 114 COL cert VAL A28NM,0,0.999997296547419,0,12100,187,0,1,0,0,1
COL make VAL MAULE COL model VAL M4 COL series VAL T COL name VAL JETASEN COL cert VAL 3A23,COL make VAL A COL model VAL 319 COL series VAL 115 COL cert VAL A28NM,0,0.9999975750576318,0,6723,188,0,1,0,0,1
COL make VAL BEECH COL model VAL 58 COL series VAL TCA COL name VAL TURBO BARON COL cert VAL A23CE,COL make VAL A COL model VAL 319 COL series VAL 113 COL cert VAL A28NM,0,0.9999976230156106,0,1281,189,0,1,0,0,1
COL make VAL CESSNA COL model VAL 305 COL series VAL C COL name VAL BIRD DOG COL cert VAL 5A5,COL make VAL A COL model VAL 319 COL series VAL 131 COL cert VAL A28NM,0,0.9999967834951717,0,3766,190,0,1,0,0,1
COL make VAL BOEING COL model VAL 737 COL series VAL 2T7 COL name VAL No Popular Name COL cert VAL A16WE,COL make VAL A COL model VAL 319 COL series VAL 132 COL cert VAL A28NM,0,0.999996677919019,0,2044,191,0,1,0,0,1
COL make VAL LEARJET COL model VAL 24 COL series VAL A COL name VAL No Popular Name COL cert VAL A10CE,COL make VAL A COL model VAL 319 COL series VAL 133 COL cert VAL A28NM,0,0.9999973588905802,0,6338,192,0,1,0,0,1
COL make VAL CESSNA COL model VAL TR182 COL series VAL TR182 COL name VAL TURBO SKYLANE RG COL cert VAL 3A13,COL make VAL A COL model VAL 320 COL series VAL 111 COL cert VAL A28NM,0,0.99999733121919,0,3999,193,0,1,0,0,1
COL make VAL WEATHERLY COL model VAL 201 COL series VAL C COL name VAL No Popular Name COL cert VAL A10WE,COL make VAL A COL model VAL 320 COL series VAL 211 COL name VAL AIRBUS COL cert VAL A28NM,0,0.9999970032006995,0,9587,195,0,1,0,0,1
COL make VAL AIR TRACTOR COL model VAL AT802 COL series VAL A COL name VAL No Popular Name COL cert VAL A19SW,COL make VAL A COL model VAL 320 COL series VAL 212 COL cert VAL A28NM,0,0.9999970350890166,0,372,196,0,1,0,0,1
COL make VAL CESSNA COL model VAL 150 COL series VAL B COL name VAL No Popular Name COL cert VAL 3A19,COL make VAL A COL model VAL 320 COL series VAL 214 COL cert VAL A28NM,0,0.9999973967964285,0,3653,197,0,1,0,0,1
COL make VAL CESSNA COL model VAL T210 COL series VAL H COL name VAL TURBO CENTURION COL cert VAL 3A21,COL make VAL A COL model VAL 320 COL series VAL 231 COL cert VAL A28NM,0,0.9999968098376604,0,3968,198,0,1,0,0,1
COL make VAL CESSNA COL model VAL TP206 COL series VAL D COL name VAL TURBO SUPER SKYLANE COL cert VAL A4CE,COL make VAL A COL model VAL 320 COL series VAL 232 COL cert VAL A28NM,0,0.9999970488680721,0,3997,199,0,1,0,0,1
COL make VAL BEECH COL model VAL RU21 COL series VAL A COL name VAL UTE COL cert VAL 3A20,COL make VAL A COL model VAL 320 COL series VAL 233 COL cert VAL A28NM,0,0.9999973496596334,0,1398,200,0,1,0,0,1
COL make VAL BOEING COL model VAL 707 COL series VAL 3L6C COL name VAL No Popular Name COL cert VAL 4A26,COL make VAL A COL model VAL 321 COL series VAL 112 COL cert VAL A28NM,0,0.9999972322984968,0,1680,201,0,1,0,0,1
COL make VAL BOEING COL model VAL 727 COL series VAL 2J7 COL name VAL No Popular Name COL cert VAL A3WE,COL make VAL A COL model VAL 321 COL series VAL 231 COL cert VAL A28NM,0,0.9999969383637426,0,1843,203,0,1,0,0,1
COL make VAL DOUGLAS COL model VAL DC8 COL series VAL 51 COL name VAL No Popular Name COL cert VAL 4A25,COL make VAL A COL model VAL 321 COL series VAL 131 COL cert VAL A28NM,0,0.9999970970762551,0,4764,204,0,1,0,0,1
COL make VAL BEECH COL model VAL 36 COL series VAL A36TC COL name VAL BONANZA COL cert VAL 3A15,COL make VAL A COL model VAL 321 COL series VAL 213 COL cert VAL A28NM,0,0.9999971838312683,0,1235,205,0,1,0,0,1
COL make VAL CESSNA COL model VAL 207 COL series VAL A COL name VAL SKYWAGON COL cert VAL A16CE,COL make VAL A COL model VAL 330 COL series VAL 202 COL cert VAL A46NM,0,0.9999971559752906,0,3744,206,0,1,0,0,1
COL make VAL CESSNA COL model VAL 182 COL series VAL N COL name VAL SKYLANE COL cert VAL 3A13,COL make VAL A COL model VAL 330 COL series VAL 203 COL cert VAL A46NM,0,0.9999972029753729,0,3720,207,0,1,0,0,1
COL make VAL PIPER COL model VAL PA18S COL series VAL 105 SPECIAL COL name VAL SUPER CUB COL cert VAL 1A2,COL make VAL A COL model VAL 330 COL series VAL 223 COL cert VAL A46NM,0,0.9999975057494874,0,7512,208,0,1,0,0,1
COL make VAL CESSNA COL model VAL P172 COL series VAL D COL name VAL SKYHAWK POWERMATIC COL cert VAL 3A17,COL make VAL A COL model VAL 330 COL series VAL 243F COL cert VAL A46NM,0,0.9999976103191224,0,3942,210,0,1,0,0,1
COL make VAL BEECH COL model VAL 18 COL series VAL B18S COL name VAL No Popular Name COL cert VAL TC 710,COL make VAL A COL model VAL 330 COL series VAL 301 COL cert VAL A46NM,0,0.9999973837986988,0,1150,211,0,1,0,0,1
COL make VAL AERO COMMANDER COL model VAL 680 COL series VAL FL COL name VAL GRAND COMMANDER COL cert VAL 2A4,COL make VAL A COL model VAL 330 COL series VAL 302 COL cert VAL A46NM,0,0.9999971897617554,0,90,212,0,1,0,0,1
COL make VAL BOEING COL model VAL 737 COL series VAL 7V3 COL name VAL No Popular Name COL cert VAL A16WE,COL make VAL A COL model VAL 330 COL series VAL 322 COL cert VAL A46NM,0,0.999997378373948,0,2323,213,0,1,0,0,1
COL make VAL BOEING COL model VAL 737 COL series VAL 83N COL name VAL No Popular Name COL cert VAL A16WE,COL make VAL A COL model VAL 330 COL series VAL 343 COL cert VAL A46NM,0,0.9999970466677907,0,2340,214,0,1,0,0,1
COL make VAL BOEING COL model VAL 737 COL series VAL 319 COL name VAL No Popular Name COL cert VAL A16WE,COL make VAL A COL model VAL 330 COL series VAL 941 COL cert VAL PT-08819,0,0.999997404569,0,2059,215,0,1,0,0,1
COL make VAL BOEING COL model VAL 737 COL series VAL 2C0 COL name VAL No Popular Name COL cert VAL A16WE,COL make VAL A COL model VAL 330 COL series VAL 323 COL cert VAL A46NM,0,0.9999971828884298,0,1984,216,0,1,0,0,1
COL make VAL BEECH COL model VAL 200 COL series VAL A200 COL name VAL SUPER KING AIR COL cert VAL A24CE,COL make VAL A COL model VAL 340 COL series VAL 312 COL cert VAL A43NM,0,0.9999972152506053,0,1172,217,0,1,0,0,1
COL make VAL BOEING COL model VAL 707 COL series VAL 330C COL name VAL No Popular Name COL cert VAL 4A26,COL make VAL A COL model VAL 340 COL series VAL 313 COL cert VAL A43NM,0,0.9999970872524864,0,1625,219,0,1,0,0,1
COL make VAL BOMBARDIER COL model VAL BD700 COL series VAL 2A12 COL name VAL GLOBAL 7500 COL cert VAL A-177,COL make VAL A COL model VAL 340 COL series VAL 642 COL cert VAL A43NM,0,0.9999973310792036,0,11836,220,0,1,0,0,1
COL make VAL CESSNA COL model VAL 182 COL series VAL F COL name VAL SKYLANE COL cert VAL 3A13,COL make VAL A COL model VAL 350 COL series VAL 941 COL cert VAL T00063IB,0,0.9999975864722686,0,3713,221,0,1,0,0,1
COL make VAL AEROSTAR INTERNATIONAL COL model VAL S50A COL series VAL S50A COL name VAL No Popular Name COL cert VAL A15CE,COL make VAL ALAMER COL model VAL 10 COL series VAL A COL cert VAL A792,0,0.9999969521955899,0,294,222,0,1,0,0,1
COL make VAL CESSNA COL model VAL T310 COL series VAL Q COL name VAL No Popular Name COL cert VAL 3A10,COL make VAL ALCAIR COL model VAL ARGO COL series VAL ARGO COL cert VAL ATC178,0,0.9999965216373795,0,3977,223,0,1,0,0,1
COL make VAL BOEING COL model VAL 737 COL series VAL 75B COL name VAL No Popular Name COL cert VAL A16WE,COL make VAL R COL model VAL 2160 COL series VAL 2160 COL cert VAL A48EU,0,0.9999967240881309,0,2224,224,0,1,0,0,1
COL make VAL HUGHES COL model VAL 369 COL series VAL H COL name VAL 500C COL cert VAL H3WE,COL make VAL GA COL model VAL AA COL series VAL 1A COL name VAL TRAINER COL cert VAL A11EA,0,0.9999974227779115,0,5885,225,0,1,0,0,1
COL make VAL PIPER COL model VAL PA46 COL series VAL 500TP COL name VAL MALIBU MERIDIAN COL cert VAL A25SO,COL make VAL GA COL model VAL AA COL series VAL 1 COL name VAL YANKEE COL cert VAL A11EA,0,0.9999969131149266,0,7635,226,0,1,0,0,1
COL make VAL BEECH COL model VAL 24 COL series VAL A24 COL name VAL SUPER COL cert VAL A1CE,COL make VAL GA COL model VAL AA COL series VAL 5A COL name VAL CHEETAH COL cert VAL A16EA,0,0.9999972587573611,0,1191,227,0,1,0,0,1
COL make VAL AIR TRACTOR COL model VAL AT502 COL series VAL A COL name VAL No Popular Name COL cert VAL A17SW,COL make VAL GA COL model VAL AA COL series VAL 5 COL name VAL TRAVELER COL cert VAL A16EA,0,0.9999974595475853,0,366,228,0,1,0,0,1
COL make VAL BOEING COL model VAL 737 COL series VAL 5L9 COL name VAL No Popular Name COL cert VAL A16WE,COL make VAL ABC COL model VAL A COL series VAL 150 COL cert VAL S00002SE,0,0.9999972644700625,0,2193,229,0,1,0,0,1
COL make VAL MAULE COL model VAL M5 COL series VAL 180C COL name VAL LUNAR ROCKET COL cert VAL 3A23,COL make VAL ABC COL model VAL A COL series VAL 60 COL cert VAL AS1NM,0,0.9999971010006261,0,6725,230,0,1,0,0,1
COL make VAL BAC COL model VAL ONE ELEVEN COL series VAL 410AQ COL name VAL No Popular Name COL cert VAL NOT CERTIFICATED,COL make VAL ROOS COL model VAL A1 COL series VAL A1 COL name VAL AMERICAN EAGLE COL cert VAL ATC17,0,0.9999972343683934,0,935,231,0,1,0,0,1
COL make VAL BEECH COL model VAL 23 COL series VAL 23 COL name VAL MUSKETEER COL cert VAL A1CE,COL make VAL ROOS COL model VAL A1 COL series VAL 101 COL name VAL AMERICAN EAGLE COL cert VAL ATC17,0,0.9999975088327497,0,1189,232,0,1,0,0,1
COL make VAL DOUGLAS COL model VAL DC8 COL series VAL 32 COL name VAL No Popular Name COL cert VAL 4A25,COL make VAL ROOS COL model VAL 129 COL series VAL 129 COL name VAL AMERICANEAGLE COL cert VAL ATC124,0,0.9999971541099963,0,4759,233,0,1,0,0,1
COL make VAL BOEING COL model VAL 737 COL series VAL 76Q COL name VAL No Popular Name COL cert VAL A16WE,COL make VAL AMEGLE COL model VAL EAGLET COL series VAL 231 COL cert VAL 2387,0,0.9999973854748,0,2236,234,0,1,0,0,1
COL make VAL HELIO COL model VAL H391 COL series VAL B COL name VAL No Popular Name COL cert VAL 1A8,COL make VAL AMEGLE COL model VAL EAGLET COL series VAL A311B COL cert VAL 2583,0,0.9999970130715268,0,5750,235,0,1,0,0,1
COL make VAL DOUGLAS COL model VAL DC8 COL series VAL 32 COL name VAL No Popular Name COL cert VAL 4A25,COL make VAL GA COL model VAL AG COL series VAL 5B COL name VAL TIGER COL cert VAL A16EA,0,0.9999974817382634,0,4759,236,0,1,0,0,1
COL make VAL BOEING COL model VAL 747 COL series VAL 230F COL name VAL No Popular Name COL cert VAL A20WE,COL make VAL ARCTIC COL model VAL S1B COL series VAL 2 COL name VAL INTERSTATE COL cert VAL A754,0,0.9999972096080957,0,2472,237,0,1,0,0,1
COL make VAL EMBRAER COL model VAL ERJ170 COL series VAL 200STD COL name VAL SHORT WING VERSION COL cert VAL EA-2003T05,COL make VAL AW COL model VAL 650 COL series VAL 101 COL name VAL ARGOSY COL cert VAL 7A9,0,0.9999974763240582,0,4943,238,0,1,0,0,1
COL make VAL NATIONAL BALLOONING COL model VAL 752 COL series VAL 12 COL name VAL No Popular Name COL cert VAL A33CE,COL make VAL ARACFT COL model VAL SPORT COL series VAL ARROWSPORT2 COL cert VAL 2110,0,0.9999976465238434,0,7097,239,0,1,0,0,1
COL make VAL TRAVEL AIR COL model VAL TRAVEL AIR 16 COL series VAL K COL name VAL No Popular Name COL cert VAL ATC 411,COL make VAL ARACFT COL model VAL SPORT COL series VAL ARROWSPORT1 COL cert VAL ATC115,0,0.9999968638502783,0,9132,240,0,1,0,0,1
COL make VAL BOEING COL model VAL 737 COL series VAL 7H4 COL name VAL No Popular Name COL cert VAL A16WE,COL make VAL ATR COL model VAL 42 COL series VAL 300 COL cert VAL A53EU,0,0.9999971191394701,0,2301,241,0,1,0,0,1
COL make VAL CESSNA COL model VAL TU206 COL series VAL C COL name VAL TURBO SKYWAGON COL cert VAL A4CE,COL make VAL ATR COL model VAL 42 COL series VAL 320 COL cert VAL A53EU,0,0.9999971117766754,0,4002,242,0,1,0,0,1
COL make VAL CULVER COL model VAL LAR COL series VAL 90 COL name VAL CADET COL cert VAL A-748,COL make VAL ATR COL model VAL 42 COL series VAL 500 COL cert VAL A53EU,0,0.999997034790695,0,21560,244,0,1,0,0,1
COL make VAL SIKORSKY COL model VAL UH34 COL series VAL E COL name VAL CHOCTAW COL cert VAL H7NM,COL make VAL ATR COL model VAL 72 COL series VAL 202 COL cert VAL A53EU,0,0.9999971092056611,0,21643,245,0,1,0,0,1
COL make VAL AIR TRACTOR COL model VAL AT402 COL series VAL B COL name VAL No Popular Name COL cert VAL A17SW,COL make VAL ATR COL model VAL 72 COL series VAL 212 COL cert VAL A53EU,0,0.9999974036233054,0,363,246,0,1,0,0,1
COL make VAL ROCKWELL COL model VAL 112 COL series VAL B COL name VAL COMMANDER 112 COL cert VAL A12SO,COL make VAL ATR COL model VAL 72 COL series VAL 212A COL cert VAL A53EU,0,0.9999971711612613,0,7974,247,0,1,0,0,1
COL make VAL CESSNA COL model VAL P206 COL series VAL P206 COL name VAL SUPER SKYLANE COL cert VAL A4CE,COL make VAL AVIAN COL model VAL MAGNUM COL series VAL IX COL cert VAL A4NM,0,0.9999976196151522,0,3948,248,0,1,0,0,1
COL make VAL CESSNA COL model VAL A185 COL series VAL E COL name VAL SKYWAGON COL cert VAL 3A24,COL make VAL AVIAN COL model VAL SKYHAWK COL series VAL SKYHAWK COL cert VAL A3NW,0,0.9999967431102667,0,3865,249,0,1,0,0,1
COL make VAL BOEING COL model VAL 707 COL series VAL 331B COL name VAL No Popular Name COL cert VAL 4A26,COL make VAL AVIAN COL model VAL TURBO COL series VAL 8 COL cert VAL A4NM,0,0.9999969031279049,0,1627,250,0,1,0,0,1
COL make VAL BOEING COL model VAL 707 COL series VAL 347C COL name VAL No Popular Name COL cert VAL 4A26,COL make VAL AVIAT COL model VAL A COL series VAL 1A COL cert VAL A22NM,0,0.999997235279501,0,1640,251,0,1,0,0,1
COL make VAL MOONEY COL model VAL M18 COL series VAL LA COL name VAL MITE COL cert VAL A-803,COL make VAL AVIAT COL model VAL A COL series VAL 1B COL cert VAL A22NM,0,0.9999971144417201,0,7024,252,0,1,0,0,1
COL make VAL AIR TRACTOR COL model VAL AT802 COL series VAL AT802 COL name VAL No Popular Name COL cert VAL A19SW,COL make VAL CHRIS COL model VAL A COL series VAL 1 COL cert VAL A22NM,0,0.9999972536247195,0,373,253,0,1,0,0,1
COL make VAL BOEING COL model VAL 727 COL series VAL 41 COL name VAL No Popular Name COL cert VAL A3WE,COL make VAL AVIAT COL model VAL A COL series VAL 1 COL cert VAL A22NM,0,0.9999970013238599,0,1877,254,0,1,0,0,1
COL make VAL BOEING COL model VAL 707 COL series VAL 384C COL name VAL No Popular Name COL cert VAL 4A26,COL make VAL AYRES COL model VAL S2 COL series VAL RR1340 COL name VAL THRUSH COL cert VAL A3SW,0,0.9999972807226609,0,1661,255,0,1,0,0,1
COL make VAL PIPER COL model VAL PA31T COL series VAL 1 COL name VAL CHEYENNE I COL cert VAL A8EA,COL make VAL AYRES COL model VAL S2 COL series VAL RR1340RESTD COL name VAL THRUSH COL cert VAL A4SW,0,0.9999973167747437,0,7590,256,0,1,0,0,1
COL make VAL CESSNA COL model VAL 310 COL series VAL I COL name VAL No Popular Name COL cert VAL 3A10,COL make VAL AYRES COL model VAL S2 COL series VAL RR3S COL name VAL THRUSH COL cert VAL A3SW,0,0.9999972726845472,0,3778,257,0,1,0,0,1
COL make VAL BOEING COL model VAL 737 COL series VAL 2V6 COL name VAL No Popular Name COL cert VAL A16WE,COL make VAL AYRES COL model VAL S2 COL series VAL RR3SRESTD COL name VAL THRUSH COL cert VAL A4SW,0,0.9999971692978284,0,2049,258,0,1,0,0,1
COL make VAL BOEING COL model VAL 737 COL series VAL 236 COL name VAL No Popular Name COL cert VAL A16WE,COL make VAL AYRES COL model VAL S2 COL series VAL RT11 COL name VAL TURBO THRUSH COL cert VAL A3SW,0,0.9999975097496229,0,1935,259,0,1,0,0,1
COL make VAL PIPER COL model VAL PA18S COL series VAL 125 COL name VAL SUPER CUB COL cert VAL 1A2,COL make VAL AYRES COL model VAL S2 COL series VAL RT11RESTD COL name VAL TURBO THRUSH COL cert VAL A4SW,0,0.9999975265130473,0,7513,260,0,1,0,0,1
COL make VAL PIPER COL model VAL J5A COL series VAL J5A COL name VAL CUB CRUISER COL cert VAL A-725,COL make VAL AYRES COL model VAL S2 COL series VAL RT15 COL name VAL TURBO THRUSH COL cert VAL A3SW,0,0.9999975211324609,0,7474,261,0,1,0,0,1
COL make VAL CESSNA COL model VAL P206 COL series VAL B COL name VAL SUPER SKYLANE COL cert VAL A4CE,COL make VAL AYRES COL model VAL S2 COL series VAL RT15RESTD COL name VAL TURBO THRUSH COL cert VAL A4SW,0,0.9999973156434643,0,3944,262,0,1,0,0,1
COL make VAL AERO COMMANDER COL model VAL 695 COL series VAL B COL name VAL No Popular Name COL cert VAL 2A4,COL make VAL AYRES COL model VAL S2 COL series VAL RT34 COL name VAL TURBO THRUSH COL cert VAL A3SW,0,0.9999975196604175,0,97,263,0,1,0,0,1
COL make VAL BOEING COL model VAL 737 COL series VAL 82R COL name VAL No Popular Name COL cert VAL A16WE,COL make VAL AYRES COL model VAL S2 COL series VAL RT34RESTD COL name VAL TURBO THRUSH COL cert VAL A4SW,0,0.9999973130079364,0,2337,264,0,1,0,0,1
COL make VAL PIPER COL model VAL PA28RT COL series VAL 201T COL name VAL TURBO ARROW IV COL cert VAL 2A13,COL make VAL AYRES COL model VAL S2 COL series VAL RRESTD COL name VAL THRUSH COL cert VAL A4SW,0,0.9999973889669646,0,7579,265,0,1,0,0,1
COL make VAL BOEING COL model VAL 737 COL series VAL 73V COL name VAL No Popular Name COL cert VAL A16WE,COL make VAL THRUSH COL model VAL S2R COL series VAL G10 COL name VAL THRUSH COL cert VAL A4SW,0,0.9999968081167384,0,2217,266,0,1,0,0,1
COL make VAL STINSON COL model VAL SR10 COL series VAL D COL name VAL RELIANT COL cert VAL TC 679,COL make VAL THRUSH COL model VAL S2R COL series VAL G6 COL name VAL THRUSH COL cert VAL A4SW,0,0.9999973333270065,0,22191,267,0,1,0,0,1
COL make VAL BOEING COL model VAL 737 COL series VAL 7ET COL name VAL No Popular Name COL cert VAL A16WE,COL make VAL AYRES COL model VAL S2 COL series VAL RR1820RESTD COL name VAL BULL THRUSH COL cert VAL A4SW,0,0.9999972110726564,0,2291,268,0,1,0,0,1
COL make VAL GRUMMAN COL model VAL G164 COL series VAL B34T COL name VAL SUPER AG-CAT COL cert VAL 1A16,COL make VAL AYRES COL model VAL S2R COL series VAL T65 COL cert VAL A4SW,0,0.9999973903423651,0,5550,269,0,1,0,0,1
COL make VAL SCHWEIZER COL model VAL SGS1 26 COL series VAL C COL name VAL No Popular Name COL cert VAL 1G10,COL make VAL THRUSH COL model VAL S2R COL series VAL T660 COL cert VAL A4SW,0,0.9999974010667213,0,8289,270,0,1,0,0,1
COL make VAL CHAMPION COL model VAL 8KCAB COL series VAL 8KCAB COL name VAL SUPER DECATHLON COL cert VAL A21CE,COL make VAL THRUSH COL model VAL S26 COL series VAL H80 COL cert VAL A4SW,0,0.9999970761200488,0,4065,271,0,1,0,0,1
COL make VAL BOEING COL model VAL 737 COL series VAL 89L COL name VAL No Popular Name COL cert VAL A16WE,COL make VAL AYRES COL model VAL S2R COL series VAL T660 COL cert VAL A4SW,0,0.9999970650038439,0,2362,272,0,1,0,0,1
COL make VAL WACO COL model VAL ZKS COL series VAL 7 COL name VAL No Popular Name COL cert VAL TC 626,COL make VAL BAE COL model VAL CONCRD COL series VAL CONCORDE COL name VAL CONCORDE COL cert VAL A45EU,0,0.9999973521342175,0,9554,273,0,1,0,0,1
COL make VAL AIR TRACTOR COL model VAL AT802 COL series VAL A COL name VAL No Popular Name COL cert VAL A19SW,COL make VAL BAC COL model VAL 111 COL series VAL 201AC COL name VAL BAC 111 COL cert VAL A5EU,0,0.9999971417410778,0,372,274,0,1,0,0,1
COL make VAL CESSNA COL model VAL 340 COL series VAL A COL name VAL No Popular Name COL cert VAL 3A25,COL make VAL BAC COL model VAL 111 COL series VAL 203AE COL name VAL BAC 111 COL cert VAL A5EU,0,0.9999973902428129,0,3813,275,0,1,0,0,1
COL make VAL DOUGLAS COL model VAL R4D COL series VAL 1 COL name VAL SKYTRAIN COL cert VAL A-669,COL make VAL BAC COL model VAL 111 COL series VAL 204AF COL name VAL BAC 111 COL cert VAL A5EU,0,0.9999972753466339,0,10819,276,0,1,0,0,1
COL make VAL CESSNA COL model VAL A150 COL series VAL M COL name VAL AEROBAT COL cert VAL 3A19,COL make VAL BAC COL model VAL 111 COL series VAL 211AH COL name VAL BAC 111 COL cert VAL A5EU,0,0.9999974384271006,0,3859,277,0,1,0,0,1
COL make VAL PIPER COL model VAL PA20S COL series VAL 135 COL name VAL PACER COL cert VAL 1A4,COL make VAL BAC COL model VAL 111 COL series VAL 212AR COL name VAL BAC 111 COL cert VAL A5EU,0,0.9999972691866108,0,7523,278,0,1,0,0,1
COL make VAL CESSNA COL model VAL 337 COL series VAL G COL name VAL No Popular Name COL cert VAL A6CE,COL make VAL BAC COL model VAL 111 COL series VAL 215AU COL name VAL BAC 111 COL cert VAL A5EU,0,0.9999971405141864,0,3810,279,0,1,0,0,1
COL make VAL BOEING COL model VAL 727 COL series VAL 1A7C COL name VAL No Popular Name COL cert VAL A3WE,COL make VAL BAC COL model VAL 111 COL series VAL 400 COL name VAL BAC 111 COL cert VAL A5EU,0,0.9999972427561001,0,1741,280,0,1,0,0,1
COL make VAL CESSNA COL model VAL R182 COL series VAL R182 COL name VAL SKYLANE RG COL cert VAL 3A13,COL make VAL BAC COL model VAL 111 COL series VAL 401AK COL name VAL BAC 111 COL cert VAL A5EU,0,0.9999974517659065,0,3958,281,0,1,0,0,1
COL make VAL BOEING COL model VAL 737 COL series VAL 75V COL name VAL No Popular Name COL cert VAL A16WE,COL make VAL BAC COL model VAL 111 COL series VAL 410AQ COL name VAL BAC 111 COL cert VAL A5EU,0,0.9999974618300088,0,2231,282,0,1,0,0,1
COL make VAL HELIO COL model VAL U10 COL series VAL D COL name VAL COURIER COL cert VAL 1A8,COL make VAL BAC COL model VAL 111 COL series VAL 412AEB COL name VAL BAC 111 COL cert VAL A5EU,0,0.9999975528714277,0,17565,283,0,1,0,0,1
COL make VAL BOEING COL model VAL 767 COL series VAL 37E COL name VAL No Popular Name COL cert VAL A1NM,COL make VAL BAC COL model VAL 111 COL series VAL 414EG COL name VAL BAC 111 COL cert VAL A5EU,0,0.9999972657050492,0,2785,284,0,1,0,0,1
COL make VAL BELL COL model VAL UH1 COL series VAL E COL name VAL IROQUOIS COL cert VAL H7SO,COL make VAL BAC COL model VAL 111 COL series VAL 416EK COL name VAL BAC 111 COL cert VAL A5EU,0,0.9999975242285825,0,12561,285,0,1,0,0,1
COL make VAL BELL COL model VAL 206 COL series VAL A1 COL name VAL JET RANGER COL cert VAL H-92,COL make VAL BAC COL model VAL 111 COL series VAL 419EP COL name VAL BAC 111 COL cert VAL A5EU,0,0.9999973425540151,0,1414,286,0,1,0,0,1
COL make VAL BOEING COL model VAL 737 COL series VAL 7BC COL name VAL No Popular Name COL cert VAL A16WE,COL make VAL BAC COL model VAL 111 COL series VAL 420EL COL name VAL BAC 111 COL cert VAL A5EU,0,0.9999973177239335,0,2262,287,0,1,0,0,1
COL make VAL MITSUBISHI COL model VAL MU2B COL series VAL 36A COL name VAL MARQUISE COL cert VAL 25,COL make VAL BAC COL model VAL 111 COL series VAL 422EQ COL name VAL BAC 111 COL cert VAL A5EU,0,0.9999975991351867,0,11474,288,0,1,0,0,1
COL make VAL SCHWEIZER COL model VAL SGS1 26 COL series VAL B COL name VAL No Popular Name COL cert VAL 1G10,COL make VAL BAE COL model VAL ATP COL series VAL ATP COL cert VAL A27NM,0,0.99999698996922,0,8288,289,0,1,0,0,1
COL make VAL SCHWEIZER COL model VAL SGS1 26 COL series VAL A COL name VAL No Popular Name COL cert VAL 1G10,COL make VAL AVRO COL model VAL 146 COL series VAL RJ100A COL cert VAL A49EU,0,0.9999971132774422,0,8287,290,0,1,0,0,1
COL make VAL DETROIT COL model VAL VEGA COL series VAL DL1 SPECIAL COL name VAL No Popular Name COL cert VAL TC 2-448,COL make VAL AVRO COL model VAL 146 COL series VAL RJ70A COL cert VAL A49EU,0,0.9999970967800172,0,21475,291,0,1,0,0,1
COL make VAL MOONEY COL model VAL M20 COL series VAL M20 COL name VAL SCOTSMAN COL cert VAL 2A3,COL make VAL AVRO COL model VAL 146 COL series VAL RJ85A COL cert VAL A49EU,0,0.9999971479261225,0,7025,292,0,1,0,0,1
COL make VAL HUGHES COL model VAL 369 COL series VAL HE COL name VAL 500 COL cert VAL H3WE,COL make VAL BAE COL model VAL 125 COL series VAL 1000A COL cert VAL A3EU,0,0.9999968973930088,0,5886,293,0,1,0,0,1
COL make VAL PIPER COL model VAL PA36 COL series VAL 285 COL name VAL PAWNEE BRAVE COL cert VAL A9SO,COL make VAL HS COL model VAL 125 COL series VAL 800 COL cert VAL A3EU,0,0.9999971337035611,0,7617,295,0,1,0,0,1
COL make VAL PIPER COL model VAL J3C COL series VAL 40 COL name VAL CUB COL cert VAL A-691,COL make VAL HAWKER COL model VAL 800 COL series VAL 800 COL cert VAL A3EU,0,0.9999972507762377,0,7450,296,0,1,0,0,1
COL make VAL AEROSTAR INTERNATIONAL COL model VAL S55A COL series VAL S55A COL name VAL No Popular Name COL cert VAL A15CE,COL make VAL BEECH COL model VAL HAWKER COL series VAL 800 COL cert VAL A3EU,0,0.9999967551036981,0,298,297,0,1,0,0,1
COL make VAL CESSNA COL model VAL P206 COL series VAL P206 COL name VAL SUPER SKYLANE COL cert VAL A4CE,COL make VAL BAE COL model VAL 125 COL series VAL 800A COL cert VAL A3EU,0,0.9999972077074106,0,3948,298,0,1,0,0,1
COL make VAL AERO COMMANDER COL model VAL 560 COL series VAL E COL name VAL COMMANDER 560E COL cert VAL 6A1,COL make VAL BAE COL model VAL 125 COL series VAL 800B COL cert VAL A3EU,0,0.9999967492031951,0,85,299,0,1,0,0,1
COL make VAL PIPER COL model VAL PA32 COL series VAL 260 COL name VAL CHEROKEE SIX 260 COL cert VAL A3SO,COL make VAL BAE COL model VAL 146 COL series VAL 100A COL cert VAL A49EU,0,0.9999972430242968,0,7596,300,0,1,0,0,1
COL make VAL PIPER COL model VAL PA34 COL series VAL 200T COL name VAL SENECA II COL cert VAL A7SO,COL make VAL BAE COL model VAL 146 COL series VAL 200A COL cert VAL A49EU,0,0.9999972538722172,0,7612,301,0,1,0,0,1
COL make VAL WACO COL model VAL UKS COL series VAL 7 COL name VAL No Popular Name COL cert VAL ATC 648,COL make VAL BAE COL model VAL 146 COL series VAL 300A COL cert VAL A49EU,0,0.9999970681818113,0,9531,302,0,1,0,0,1
COL make VAL CESSNA COL model VAL 182 COL series VAL N COL name VAL SKYLANE COL cert VAL 3A13,COL make VAL HS COL model VAL 748 COL series VAL 2B COL cert VAL A24EU,0,0.9999974520915297,0,3720,303,0,1,0,0,1
COL make VAL LOCKHEED COL model VAL 382 COL series VAL B COL name VAL L100 COL cert VAL A1SO,COL make VAL BA COL model VAL JETSTM COL series VAL 3101 COL name VAL JETSTREAM 3101 COL cert VAL A21EU,0,0.9999974417631492,0,6539,304,0,1,0,0,1
COL make VAL STINSON COL model VAL SR10 COL series VAL F COL name VAL RELIANT COL cert VAL TC 685,COL make VAL BA COL model VAL JETSTM COL series VAL 3201 COL name VAL JETSTREAM 3201 COL cert VAL A56EU,0,0.9999973226806103,0,22380,305,0,1,0,0,1
COL make VAL CIRRUS COL model VAL SR22 COL series VAL T COL name VAL No Popular Name COL cert VAL A00009CH,COL make VAL JTSTRM COL model VAL 4101 COL series VAL 4101 COL cert VAL A41NM,0,0.9999972085873705,0,4080,306,0,1,0,0,1
COL make VAL HELIO COL model VAL U10 COL series VAL D COL name VAL COURIER COL cert VAL 1A8,COL make VAL BA COL model VAL JETSTM COL series VAL 4101 COL name VAL JETSTREAM 4101 COL cert VAL A21EU,0,0.9999974567538217,0,17565,307,0,1,0,0,1
COL make VAL BOEING COL model VAL 707 COL series VAL 336C COL name VAL No Popular Name COL cert VAL 4A26,COL make VAL FIREFLY COL model VAL 10 COL series VAL 10 COL cert VAL A14SO,0,0.9999968869350594,0,1630,308,0,1,0,0,1
COL make VAL WACO COL model VAL YKC COL series VAL S COL name VAL No Popular Name COL cert VAL A-533,COL make VAL FIREFLY COL model VAL 5 COL series VAL 5 COL cert VAL A14SO,0,0.9999970959755932,0,9540,309,0,1,0,0,1
COL make VAL RYAN COL model VAL B1 COL series VAL B1 COL name VAL BROUGHAM COL cert VAL ATC 25,COL make VAL FIREFLY COL model VAL 6B COL series VAL 15 COL cert VAL A14SO,0,0.9999966665067122,0,21644,310,0,1,0,0,1
COL make VAL STINSON COL model VAL SR10 COL series VAL G3 COL name VAL RELIANT COL cert VAL TC 678,COL make VAL FIREFLY COL model VAL 6B COL series VAL 6B COL cert VAL A14SO,0,0.9999972511196795,0,22185,311,0,1,0,0,1
COL make VAL CAMERON COL model VAL V77 COL series VAL V77 COL name VAL No Popular Name COL cert VAL B4GL,COL make VAL FIREFLY COL model VAL 7 COL series VAL 15 COL cert VAL A14SO,0,0.9999970087029347,0,3516,312,0,1,0,0,1
COL make VAL BOEING COL model VAL 737 COL series VAL 219 COL name VAL No Popular Name COL cert VAL A16WE,COL make VAL FIREFLY COL model VAL 7 COL series VAL 7 COL cert VAL A14SO,0,0.9999963251206743,0,1926,313,0,1,0,0,1
COL make VAL CANADAIR COL model VAL CL44 COL series VAL J COL name VAL YUKON COL cert VAL A-55,COL make VAL FIREFLY COL model VAL 8 COL series VAL 24 COL cert VAL A14SO,0,0.9999974088858493,0,3577,314,0,1,0,0,1
COL make VAL STINSON COL model VAL SR10 COL series VAL E COL name VAL RELIANT COL cert VAL TC 679,COL make VAL FIREFLY COL model VAL 8 COL series VAL 8 COL cert VAL A14SO,0,0.9999972777724822,0,22189,315,0,1,0,0,1
COL make VAL STINSON COL model VAL SR10 COL series VAL G3 COL name VAL RELIANT COL cert VAL TC 678,COL make VAL FIREFLY COL model VAL 8B COL series VAL 15 COL cert VAL A14SO,0,0.9999974818871578,0,22185,316,0,1,0,0,1
COL make VAL CESSNA COL model VAL T207 COL series VAL A COL name VAL TURBO SKYWAGON COL cert VAL A16CE,COL make VAL FIREFLY COL model VAL 8B COL series VAL 8B COL cert VAL A14SO,0,0.999997493135583,0,3964,317,0,1,0,0,1
COL make VAL MCCULLOCH COL model VAL MC4 COL series VAL C COL name VAL No Popular Name COL cert VAL 6H3,COL make VAL FIREFLY COL model VAL 8 COL series VAL 15B COL cert VAL A14SO,0,0.999997464135775,0,6814,318,0,1,0,0,1
COL make VAL CESSNA COL model VAL A188 COL series VAL A188 COL name VAL AGWAGON 300 COL cert VAL A9CE,COL make VAL FIREFLY COL model VAL 9 COL series VAL 15B COL cert VAL A14SO,0,0.9999975316171406,0,3869,319,0,1,0,0,1
COL make VAL STINSON COL model VAL SR7 COL series VAL C COL name VAL RELIANT COL cert VAL ATC 594,COL make VAL FIREFLY COL model VAL B7 COL series VAL B7 COL cert VAL A14SO,0,0.9999974220281659,0,22195,320,0,1,0,0,1
COL make VAL ERCOUPE COL model VAL G COL series VAL G COL name VAL 415G COL cert VAL A-787,COL make VAL BEAGLE COL model VAL 121 COL series VAL 1 COL name VAL BEAGLE COL cert VAL A22EU,0,0.999997340202383,0,5003,321,0,1,0,0,1
COL make VAL BOEING COL model VAL 707 COL series VAL 3L6B COL name VAL No Popular Name COL cert VAL 4A26,COL make VAL BEAGLE COL model VAL 121 COL series VAL 2 COL name VAL BEAGLE COL cert VAL A22EU,0,0.9999970980090679,0,1679,322,0,1,0,0,1
COL make VAL AIR TRACTOR COL model VAL AT402 COL series VAL B COL name VAL No Popular Name COL cert VAL A17SW,COL make VAL BEAGLE COL model VAL 206 COL series VAL 1 COL name VAL BEAGLE COL cert VAL A11EU,0,0.9999975152058651,0,363,323,0,1,0,0,1
COL make VAL AYRES COL model VAL S2R COL series VAL T34 COL name VAL No Popular Name COL cert VAL A3SW,COL make VAL BEAGLE COL model VAL 206 COL series VAL 2 COL name VAL BEAGLE COL cert VAL A11EU,0,0.9999972512232281,0,870,324,0,1,0,0,1
COL make VAL HOWARD COL model VAL DGA15 COL series VAL J COL name VAL No Popular Name COL cert VAL A-717,COL make VAL BE COL model VAL 100 COL series VAL B100 COL name VAL KING AIR COL cert VAL A14CE,0,0.9999973605536916,0,5853,327,0,1,0,0,1
COL make VAL PIPER COL model VAL L4 COL series VAL A COL name VAL CUB COL cert VAL A-691,COL make VAL BE COL model VAL 100 COL series VAL 100 COL name VAL KING AIR COL cert VAL A14CE,0,0.999997469042756,0,7481,328,0,1,0,0,1
COL make VAL STINSON COL model VAL SR10 COL series VAL J3 COL name VAL RELIANT COL cert VAL TC 678,COL make VAL BE COL model VAL 17 COL series VAL L COL cert VAL ATC560,0,0.9999974294557558,0,22188,329,0,1,0,0,1
COL make VAL BEECH COL model VAL 23 COL series VAL C23 COL name VAL SUNDOWNER 180 COL cert VAL A1CE,COL make VAL BE COL model VAL 17 COL series VAL R COL cert VAL ATC579,0,0.9999967120568868,0,1188,330,0,1,0,0,1
COL make VAL CESSNA COL model VAL 182 COL series VAL N COL name VAL SKYLANE COL cert VAL 3A13,COL make VAL BE COL model VAL 17 COL series VAL C17L COL cert VAL ATC602,0,0.9999971954925395,0,3720,331,0,1,0,0,1
COL make VAL CESSNA COL model VAL TR182 COL series VAL TR182 COL name VAL TURBO SKYLANE RG COL cert VAL 3A13,COL make VAL BE COL model VAL 17 COL series VAL C17R COL cert VAL ATC604,0,0.9999974460047393,0,3999,332,0,1,0,0,1
COL make VAL BEECH COL model VAL 200 COL series VAL B200GT COL name VAL SUPER KING AIR COL cert VAL A24CE,COL make VAL BE COL model VAL 17 COL series VAL D17A COL cert VAL 713,0,0.9999968376250805,0,10035,333,0,1,0,0,1
COL make VAL STINSON COL model VAL SR9 COL series VAL C COL name VAL RELIANT COL cert VAL ATC 621,COL make VAL BE COL model VAL 17 COL series VAL D17R COL cert VAL 638,0,0.9999970262439936,0,8783,334,0,1,0,0,1
COL make VAL LEARJET COL model VAL 55 COL series VAL 55 COL name VAL No Popular Name COL cert VAL A10CE,COL make VAL BE COL model VAL 17 COL series VAL E17B COL cert VAL 641,0,0.9999973195944661,0,6359,335,0,1,0,0,1
COL make VAL AIR TRACTOR COL model VAL AT502 COL series VAL A COL name VAL No Popular Name COL cert VAL A17SW,COL make VAL BE COL model VAL 17 COL series VAL E17L COL cert VAL 641,0,0.999997291382211,0,366,336,0,1,0,0,1
COL make VAL SCHWEIZER COL model VAL SGM2 37 COL series VAL SGM2 37 COL name VAL CONDOR COL cert VAL G1NE,COL make VAL BE COL model VAL 17 COL series VAL F17D COL cert VAL 689,0,0.9999973121878086,0,8280,337,0,1,0,0,1
COL make VAL CESSNA COL model VAL 150 COL series VAL B COL name VAL No Popular Name COL cert VAL 3A19,COL make VAL BE COL model VAL 17 COL series VAL G17S COL cert VAL 779,0,0.9999970274759743,0,3653,338,0,1,0,0,1
COL make VAL BELL COL model VAL AH1 COL series VAL G COL name VAL COBRA COL cert VAL H10NM,COL make VAL BE COL model VAL 17 COL series VAL SC17R COL cert VAL ATC604,0,0.9999970389404649,0,12100,339,0,1,0,0,1
COL make VAL PIPER COL model VAL PA28RT COL series VAL 201 COL name VAL ARROW IV COL cert VAL 2A13,COL make VAL BE COL model VAL 17 COL series VAL SE17B COL cert VAL 641,0,0.9999976181811482,0,7578,340,0,1,0,0,1
COL make VAL MOONEY COL model VAL M22 COL series VAL M22 COL name VAL MUSTANG COL cert VAL A6SW,COL make VAL BE COL model VAL 18 COL series VAL 3N COL name VAL TWIN BEECH COL cert VAL A765,0,0.9999971861078213,0,7040,341,0,1,0,0,1
COL make VAL AEROSTAR INTERNATIONAL COL model VAL RXS8 COL series VAL RXS8 COL name VAL No Popular Name COL cert VAL A15CE,COL make VAL BE COL model VAL 18 COL series VAL 3TM COL name VAL TWIN BEECH COL cert VAL A765,0,0.9999971664875419,0,292,342,0,1,0,0,1
COL make VAL HELIO COL model VAL H395 COL series VAL H395 COL name VAL COURIER COL cert VAL 1A8,COL make VAL BE COL model VAL 18 COL series VAL A COL cert VAL 630,0,0.9999973025878438,0,5753,343,0,1,0,0,1
COL make VAL CULVER COL model VAL LAR COL series VAL 90 COL name VAL CADET COL cert VAL A-748,COL make VAL BE COL model VAL 18 COL series VAL B18S COL cert VAL 710,0,0.9999971460351363,0,21560,344,0,1,0,0,1
COL make VAL BEECH COL model VAL 99 COL series VAL A99 COL name VAL AIRLINER COL cert VAL A14CE,COL make VAL BE COL model VAL 18 COL series VAL C18S COL name VAL TWIN BEECH COL cert VAL A757,0,0.9999968240760099,0,1318,345,0,1,0,0,1
COL make VAL LOCKHEED COL model VAL C130 COL series VAL B COL name VAL HERCULES COL cert VAL A1SO,COL make VAL BE COL model VAL 18 COL series VAL D COL name VAL TWIN BEECH COL cert VAL A684,0,0.9999969873860253,0,6563,346,0,1,0,0,1
COL make VAL BOEING COL model VAL 727 COL series VAL 162 COL name VAL No Popular Name COL cert VAL A3WE,COL make VAL BE COL model VAL 18 COL series VAL D18C COL name VAL TWIN BEECH COL cert VAL A765,0,0.9999972029607017,0,1730,347,0,1,0,0,1
COL make VAL AEROSTAR COL model VAL M20E COL series VAL M20E COL name VAL CHAPARRAL COL cert VAL 2A3,COL make VAL BE COL model VAL 18 COL series VAL D18CT COL cert VAL 770,0,0.9999971908603589,0,264,348,0,1,0,0,1
COL make VAL WEATHERLY COL model VAL 201 COL series VAL B COL name VAL No Popular Name COL cert VAL A10WE,COL make VAL BE COL model VAL 18 COL series VAL D18S COL name VAL TWIN BEECH COL cert VAL A765,0,0.9999969668126171,0,9586,349,0,1,0,0,1
COL make VAL CESSNA COL model VAL 210 COL series VAL H COL name VAL CENTURION COL cert VAL 3A21,COL make VAL BE COL model VAL 18 COL series VAL E18S9700 COL name VAL TWIN BEECH COL cert VAL A765,0,0.999997210262654,0,3756,350,0,1,0,0,1
COL make VAL QUEST COL model VAL KODIAK 100 COL series VAL KODIAK 100 COL name VAL No Popular Name COL cert VAL A00007SE,COL make VAL BE COL model VAL 18 COL series VAL S COL cert VAL 710,0,0.9999972936402184,0,7859,351,0,1,0,0,1
COL make VAL PIPER COL model VAL PA28 COL series VAL 201T COL name VAL TURBO DAKOTA COL cert VAL 2A13,COL make VAL BE COL model VAL 19 COL series VAL A COL name VAL MUSKETEER II COL cert VAL A1CE,0,0.9999972502452604,0,7568,352,0,1,0,0,1
COL make VAL WACO COL model VAL UKS COL series VAL 6 COL name VAL No Popular Name COL cert VAL ATC 528,COL make VAL BE COL model VAL 23 COL series VAL A2319 COL name VAL MUSKETEER II COL cert VAL A1CE,0,0.9999970751411492,0,9530,353,0,1,0,0,1
COL make VAL GULFSTREAM COL model VAL GV COL series VAL SP COL name VAL No Popular Name COL cert VAL A12EA,COL make VAL BE COL model VAL 19 COL series VAL B COL name VAL MUSKETEER II COL cert VAL A1CE,0,0.9999972871024579,0,5620,354,0,1,0,0,1
COL make VAL STINSON COL model VAL SM2 COL series VAL AB COL name VAL JUNIOR COL cert VAL ATC 161,COL make VAL BE COL model VAL 1900 COL series VAL 1900 COL name VAL AIRLINER COL cert VAL A24CE,0,0.9999971017456153,0,22174,355,0,1,0,0,1
COL make VAL HUGHES COL model VAL 369 COL series VAL A COL name VAL 500 COL cert VAL H3WE,COL make VAL BE COL model VAL 1900 COL series VAL C COL name VAL AIRLINER COL cert VAL A24CE,0,0.9999973491957865,0,5879,356,0,1,0,0,1
COL make VAL PIPER COL model VAL PA28RT COL series VAL 201T COL name VAL TURBO ARROW IV COL cert VAL 2A13,COL make VAL BE COL model VAL 1900 COL series VAL D COL cert VAL A24CE,0,0.9999972410200805,0,7579,357,0,1,0,0,1
COL make VAL WACO COL model VAL YOC COL series VAL YOC COL name VAL No Popular Name COL cert VAL ATC 569,COL make VAL BE COL model VAL 1900 COL series VAL C12J COL name VAL AIRLINER COL cert VAL A24CE,0,0.9999969158206321,0,9545,358,0,1,0,0,1
COL make VAL NORTH AMERICAN COL model VAL B25 COL series VAL C COL name VAL MITCHELL COL cert VAL AL-2,COL make VAL BE COL model VAL 200 COL series VAL 200 COL name VAL SUPER KING AIR COL cert VAL A24CE,0,0.9999972950322985,0,7170,359,0,1,0,0,1
COL make VAL PIPER COL model VAL PA18S COL series VAL 135 COL name VAL SUPER CUB COL cert VAL 1A2,COL make VAL BE COL model VAL 200 COL series VAL A200 COL name VAL SUPER KING AIR COL cert VAL A24CE,0,0.9999976385155378,0,7514,360,0,1,0,0,1
COL make VAL BOEING COL model VAL 747 COL series VAL 251F COL name VAL No Popular Name COL cert VAL A20WE,COL make VAL BE COL model VAL 200 COL series VAL C12C COL name VAL SUPER KING AIR COL cert VAL A24CE,0,0.9999974051976221,0,2487,361,0,1,0,0,1
COL make VAL BELL COL model VAL 204 COL series VAL B COL name VAL HUEY COL cert VAL H1SW,COL make VAL BE COL model VAL 200 COL series VAL A1001 COL name VAL SUPER KING AIR COL cert VAL A24CE,0,0.9999973321581819,0,1409,362,0,1,0,0,1
COL make VAL KAMAN COL model VAL HH43 COL series VAL F COL name VAL HUSKIE COL cert VAL H1NW,COL make VAL BE COL model VAL 200 COL series VAL A200C COL name VAL SUPER KING AIR COL cert VAL A24CE,0,0.9999975944620737,0,6160,363,0,1,0,0,1
COL make VAL PIPER COL model VAL PA20 COL series VAL 135 COL name VAL PACER COL cert VAL 1A4,COL make VAL BE COL model VAL 200 COL series VAL B200 COL name VAL SUPER KING AIR COL cert VAL A24CE,0,0.9999976214123978,0,7520,364,0,1,0,0,1
COL make VAL PIPER COL model VAL PA34 COL series VAL 200 COL name VAL SENECA COL cert VAL A7SO,COL make VAL BE COL model VAL 200 COL series VAL C12D COL name VAL SUPER KING AIR COL cert VAL A24CE,0,0.999997230043464,0,7611,365,0,1,0,0,1
COL make VAL CESSNA COL model VAL 680 COL series VAL 680 COL name VAL SOVEREIGN COL cert VAL T00012WI,COL make VAL BE COL model VAL 200 COL series VAL C COL name VAL SUPER KING AIR COL cert VAL A24CE,0,0.9999975389636993,0,3854,366,0,1,0,0,1
COL make VAL KAMAN COL model VAL HH43 COL series VAL B COL name VAL HUSKIE COL cert VAL H1NW,COL make VAL BE COL model VAL 200 COL series VAL B200C COL name VAL SUPER KING AIR COL cert VAL A24CE,0,0.9999973972581514,0,22024,367,0,1,0,0,1
COL make VAL STINSON COL model VAL HW75 COL series VAL HW75 COL name VAL VOYAGER COL cert VAL A-709,COL make VAL BE COL model VAL 200 COL series VAL B200CT COL name VAL SUPER KING AIR COL cert VAL A24CE,0,0.999997677589951,0,8761,368,0,1,0,0,1
COL make VAL DOUGLAS COL model VAL DC8 COL series VAL 61 COL name VAL SUPER 60 COL cert VAL 4A25,COL make VAL BE COL model VAL 200 COL series VAL T COL name VAL SUPER KING AIR COL cert VAL A24CE,0,0.9999976040871382,0,4772,369,0,1,0,0,1
COL make VAL NORTH AMERICAN COL model VAL B25 COL series VAL J COL name VAL MITCHELL COL cert VAL AL-2,COL make VAL BE COL model VAL 200 COL series VAL B200T COL name VAL SUPER KING AIR COL cert VAL A24CE,0,0.9999975438219261,0,7173,370,0,1,0,0,1
COL make VAL BOEING COL model VAL 767 COL series VAL 233 COL name VAL No Popular Name COL cert VAL A1NM,COL make VAL BE COL model VAL 100 COL series VAL A100 COL name VAL KING AIR COL cert VAL A14CE,0,0.9999973394577942,0,2711,371,0,1,0,0,1
COL make VAL LOCKHEED COL model VAL 382 COL series VAL G COL name VAL L100 30 COL cert VAL A1SO,COL make VAL BE COL model VAL 2000 COL series VAL 2000 COL name VAL STARSHIP 1 COL cert VAL A38CE,0,0.9999977971005878,0,6542,372,0,1,0,0,1
COL make VAL MORANE SAULNIER COL model VAL MS893 COL series VAL A COL name VAL RALLYE COMMODORE COL cert VAL EASA.A.379,COL make VAL BE COL model VAL 23 COL series VAL A23 COL name VAL MUSKETEER II COL cert VAL A1CE,0,0.9999970163526755,0,7067,373,0,1,0,0,1
COL make VAL CESSNA COL model VAL 172 COL series VAL E COL name VAL SKYHAWK COL cert VAL 3A12,COL make VAL BE COL model VAL 23 COL series VAL A23A COL name VAL MUSKETEER II COL cert VAL A1CE,0,0.9999973151839059,0,3674,374,0,1,0,0,1
COL make VAL CESSNA COL model VAL A185 COL series VAL F COL name VAL SKYWAGON COL cert VAL 3A24,COL make VAL BE COL model VAL 23 COL series VAL B23 COL name VAL MUSKETEER II COL cert VAL A1CE,0,0.9999976589342071,0,3866,375,0,1,0,0,1
COL make VAL SPARTAN COL model VAL C2 COL series VAL 60 COL name VAL No Popular Name COL cert VAL ATC 427,COL make VAL BE COL model VAL 23 COL series VAL C23 COL name VAL MUSKETEER II COL cert VAL A1CE,0,0.9999973493474621,0,22148,376,0,1,0,0,1
COL make VAL WACO COL model VAL ULA COL series VAL ULA COL name VAL SPORTSMAN COL cert VAL ATC 511,COL make VAL BE COL model VAL 23 COL series VAL 23 COL name VAL MUSKETEER COL cert VAL A1CE,0,0.9999972647804917,0,9532,377,0,1,0,0,1
COL make VAL BALLOON WORKS COL model VAL FIREFLY 8B COL series VAL 15 COL name VAL No Popular Name COL cert VAL A14SO,COL make VAL BE COL model VAL 23 COL series VAL A2324 COL name VAL MUSKETEER II COL cert VAL A1CE,0,0.9999976443839156,0,1075,378,0,1,0,0,1
COL make VAL PIPER COL model VAL PA36 COL series VAL 300 COL name VAL PAWNEE BRAVE 300 COL cert VAL A9SO,COL make VAL BE COL model VAL 23 COL series VAL A24 COL name VAL MUSKETEER II COL cert VAL A1CE,0,0.999997340811091,0,7619,379,0,1,0,0,1
COL make VAL DOUGLAS COL model VAL DC9 COL series VAL 87 COL name VAL MD87 COL cert VAL A6WE,COL make VAL BE COL model VAL 23 COL series VAL A24R COL name VAL SIERRA 200 COL cert VAL A1CE,0,0.9999973545080985,0,4819,380,0,1,0,0,1
COL make VAL SCHWEIZER COL model VAL SGS1 36 COL series VAL SGS1 36 COL name VAL SPRITE COL cert VAL G5EA,COL make VAL BE COL model VAL 23 COL series VAL B24R COL name VAL SIERRA 200 COL cert VAL A1CE,0,0.9999977068883353,0,8298,381,0,1,0,0,1
COL make VAL AIR TRACTOR COL model VAL AT602 COL series VAL AT602 COL name VAL No Popular Name COL cert VAL A19SW,COL make VAL BE COL model VAL 23 COL series VAL C24R COL name VAL SIERRA 200 COL cert VAL A1CE,0,0.9999977002075551,0,371,382,0,1,0,0,1
COL make VAL TAYLORCRAFT COL model VAL BL12 COL series VAL 65 COL name VAL DELUXE COL cert VAL A-700,COL make VAL BE COL model VAL 300 COL series VAL 300 COL name VAL SUPER KING AIR COL cert VAL A24CE,0,0.9999973791376389,0,8942,383,0,1,0,0,1
COL make VAL SLINGSBY COL model VAL T43 COL series VAL D COL name VAL SKYLARK 3 COL cert VAL NOT IDENTIFIED,COL make VAL BE COL model VAL 300 COL series VAL LW COL name VAL SUPER KING AIR COL cert VAL A24CE,0,0.9999973040241722,0,8568,384,0,1,0,0,1
COL make VAL AYRES COL model VAL S2R COL series VAL R1340 COL name VAL THRUSH 400 COL cert VAL A3SW,COL make VAL BE COL model VAL 300 COL series VAL B300 COL name VAL SUPER KING AIR COL cert VAL A24CE,0,0.9999972478919943,0,862,385,0,1,0,0,1
COL make VAL SIKORSKY COL model VAL CH54 COL series VAL A COL name VAL SKYCRANE COL cert VAL H18NM,COL make VAL BE COL model VAL 35 COL series VAL 33 COL name VAL DEBONAIR COL cert VAL 3A15,0,0.999997608878378,0,21663,386,0,1,0,0,1
COL make VAL BOEING COL model VAL 737 COL series VAL 54K COL name VAL No Popular Name COL cert VAL A16WE,COL make VAL BE COL model VAL 35 COL series VAL A33 COL name VAL DEBONAIR COL cert VAL 3A15,0,0.9999976153435237,0,2179,387,0,1,0,0,1
COL make VAL CHAMPION COL model VAL 7ECA COL series VAL 7ECA COL name VAL CITABRIA AURORA COL cert VAL A-759,COL make VAL BE COL model VAL 33 COL series VAL A33 COL name VAL DEBONAIR COL cert VAL 3A15,0,0.9999977960898501,0,4043,388,0,1,0,0,1
COL make VAL HELIO COL model VAL H395 COL series VAL A COL name VAL SUPER COURIER COL cert VAL 1A8,COL make VAL BE COL model VAL 35 COL series VAL B33 COL name VAL DEBONAIR COL cert VAL 3A15,0,0.9999976164132856,0,5752,389,0,1,0,0,1
COL make VAL SIKORSKY COL model VAL UH60 COL series VAL A COL name VAL BLACK HAWK COL cert VAL R00113SE,COL make VAL BE COL model VAL 33 COL series VAL B33 COL name VAL DEBONAIR COL cert VAL 3A15,0,0.9999976828464001,0,25973,390,0,1,0,0,1
COL make VAL BEECH COL model VAL 60 COL series VAL B60 COL name VAL DUKE COL cert VAL A12CE,COL make VAL BE COL model VAL 35 COL series VAL C33 COL name VAL DEBONAIR COL cert VAL 3A15,0,0.9999975361832566,0,1285,391,0,1,0,0,1
COL make VAL PIPER COL model VAL PA34 COL series VAL 200 COL name VAL SENECA COL cert VAL A7SO,COL make VAL BE COL model VAL 33 COL series VAL C33 COL name VAL DEBONAIR COL cert VAL 3A15,0,0.9999977050484344,0,7611,392,0,1,0,0,1
COL make VAL GROB COL model VAL G520 COL series VAL T COL name VAL EGRETT COL cert VAL 2066,COL make VAL BE COL model VAL 35 COL series VAL C33A COL name VAL DEBONAIR COL cert VAL 3A15,0,0.9999976662679797,0,5500,393,0,1,0,0,1
COL make VAL BOEING COL model VAL 737 COL series VAL 3K9 COL name VAL No Popular Name COL cert VAL A16WE,COL make VAL BE COL model VAL 33 COL series VAL C33A COL name VAL DEBONAIR COL cert VAL 3A15,0,0.9999976337171133,0,2107,394,0,1,0,0,1
COL make VAL CESSNA COL model VAL 210 COL series VAL K COL name VAL CENTURION COL cert VAL 3A21,COL make VAL BE COL model VAL 33 COL series VAL E33 COL name VAL BONANZA COL cert VAL 3A15,0,0.999997548859914,0,3758,395,0,1,0,0,1
COL make VAL OBERLERCHNER COL model VAL MG23 COL series VAL SL COL name VAL No Popular Name COL cert VAL SF 6/63,COL make VAL BE COL model VAL 33 COL series VAL E33A COL name VAL BONANZA COL cert VAL 3A15,0,0.9999975485080823,0,22073,396,0,1,0,0,1
COL make VAL BOEING COL model VAL 737 COL series VAL 758 COL name VAL No Popular Name COL cert VAL A16WE,COL make VAL BE COL model VAL 33 COL series VAL E33C COL name VAL BONANZA COL cert VAL 3A15,0,0.9999975099965985,0,2223,397,0,1,0,0,1
COL make VAL CESSNA COL model VAL 210 COL series VAL R COL name VAL CENTURION COL cert VAL 3A21,COL make VAL BE COL model VAL 33 COL series VAL F33 COL name VAL BONANZA COL cert VAL 3A15,0,0.9999973587558235,0,3762,398,0,1,0,0,1
COL make VAL BOEING COL model VAL 737 COL series VAL 3Y0 COL name VAL No Popular Name COL cert VAL A16WE,COL make VAL BE COL model VAL 33 COL series VAL F33A COL name VAL BONANZA COL cert VAL 3A15,0,0.9999975591656325,0,2119,399,0,1,0,0,1
COL make VAL PIPER COL model VAL PA34 COL series VAL 200T COL name VAL SENECA II COL cert VAL A7SO,COL make VAL BE COL model VAL 33 COL series VAL F33C COL name VAL BONANZA COL cert VAL 3A15,0,0.9999975341475993,0,7612,400,0,1,0,0,1
COL make VAL NORTH AMERICAN COL model VAL SNJ COL series VAL 2 COL name VAL TEXAN COL cert VAL A-2-575,COL make VAL BE COL model VAL 33 COL series VAL G33 COL name VAL BONANZA COL cert VAL 3A15,0,0.9999975438851696,0,7226,401,0,1,0,0,1
COL make VAL CESSNA COL model VAL 525 COL series VAL B COL name VAL CITATIONJET COL cert VAL A1WI,COL make VAL BE COL model VAL 35 COL series VAL A35 COL name VAL BONANZA COL cert VAL A777,0,0.999997147889403,0,3841,402,0,1,0,0,1
COL make VAL AIR TRACTOR COL model VAL AT504 COL series VAL AT504 COL name VAL No Popular Name COL cert VAL A17SW,COL make VAL BE COL model VAL 35 COL series VAL B35 COL name VAL BONANZA COL cert VAL A777,0,0.99999702246122,0,10031,403,0,1,0,0,1
COL make VAL BOEING COL model VAL 707 COL series VAL 311C COL name VAL No Popular Name COL cert VAL 4A26,COL make VAL BE COL model VAL 35 COL series VAL C35 COL name VAL BONANZA COL cert VAL A777,0,0.9999966591804856,0,1609,404,0,1,0,0,1
COL make VAL CESSNA COL model VAL 411 COL series VAL 411 COL name VAL No Popular Name COL cert VAL A7CE,COL make VAL BE COL model VAL 35 COL series VAL D35 COL name VAL BONANZA COL cert VAL A777,0,0.9999969033346358,0,3827,405,0,1,0,0,1
COL make VAL BEECH COL model VAL 95 COL series VAL E95 COL name VAL TRAVEL AIR COL cert VAL 3A16,COL make VAL BE COL model VAL 35 COL series VAL E35 COL name VAL BONANZA COL cert VAL A777,0,0.9999973664460821,0,1315,406,0,1,0,0,1
COL make VAL CESSNA COL model VAL R182 COL series VAL R182 COL name VAL SKYLANE RG COL cert VAL 3A13,COL make VAL BE COL model VAL 35 COL series VAL F35 COL name VAL BONANZA COL cert VAL A777,0,0.9999971226745702,0,3958,407,0,1,0,0,1
COL make VAL HUGHES COL model VAL 369 COL series VAL H COL name VAL 500C COL cert VAL H3WE,COL make VAL BE COL model VAL 35 COL series VAL G35 COL name VAL BONANZA COL cert VAL A777,0,0.9999970157892293,0,5885,408,0,1,0,0,1
COL make VAL BELL COL model VAL UH1 COL series VAL H COL name VAL IROQUOIS COL cert VAL R00007DE,COL make VAL BE COL model VAL 35 COL series VAL H35 COL name VAL BONANZA COL cert VAL 3A15,0,0.9999975053652983,0,12418,409,0,1,0,0,1
COL make VAL BOEING COL model VAL 737 COL series VAL 8LD COL name VAL No Popular Name COL cert VAL A16WE,COL make VAL BE COL model VAL 35 COL series VAL J35 COL name VAL BONANZA COL cert VAL 3A15,0,0.9999975022741713,0,10220,410,0,1,0,0,1
COL make VAL PIPER COL model VAL PA38 COL series VAL 112 COL name VAL TOMAHAWK COL cert VAL A18SO,COL make VAL BE COL model VAL 35 COL series VAL K35 COL name VAL BONANZA COL cert VAL 3A15,0,0.9999974816662145,0,7622,411,0,1,0,0,1
COL make VAL GAF COL model VAL N22 COL series VAL S COL name VAL SEARCHMASTER COL cert VAL 73-1,COL make VAL BE COL model VAL 35 COL series VAL M35 COL name VAL BONANZA COL cert VAL 3A15,0,0.9999972172602726,0,5353,412,0,1,0,0,1
COL make VAL EMBRAER COL model VAL ERJ190 COL series VAL 300 COL name VAL E190 E2 COL cert VAL EA-2005T13,COL make VAL BE COL model VAL 35 COL series VAL N35 COL name VAL BONANZA COL cert VAL 3A15,0,0.9999974274398691,0,11314,413,0,1,0,0,1
COL make VAL LANCAIR COL model VAL LC42 COL series VAL 550FG COL name VAL COLUMBIA 350 COL cert VAL A00003SE,COL make VAL BE COL model VAL 35 COL series VAL P35 COL name VAL DEBONAIR COL cert VAL 3A15,0,0.999997764625034,0,6324,414,0,1,0,0,1
COL make VAL CESSNA COL model VAL 185 COL series VAL E COL name VAL SKYWAGON COL cert VAL 3A24,COL make VAL BE COL model VAL 35 COL series VAL R COL name VAL BONANZA COL cert VAL A777,0,0.9999969955573523,0,3731,415,0,1,0,0,1
COL make VAL SUD AVIATION COL model VAL SE210 COL series VAL VIR COL name VAL CARAVELLE COL cert VAL NOT CERTIFICATED,COL make VAL BE COL model VAL 35 COL series VAL S35 COL name VAL BONANZA COL cert VAL 3A15,0,0.9999973033221771,0,8828,416,0,1,0,0,1
COL make VAL BOEING COL model VAL 737 COL series VAL 79L COL name VAL No Popular Name COL cert VAL A16WE,COL make VAL BE COL model VAL 35 COL series VAL 35 COL name VAL BONANZA COL cert VAL A777,0,0.9999969226236834,0,2244,417,0,1,0,0,1
COL make VAL EXTRA COL model VAL EA400 COL series VAL EA400 COL name VAL EXTRA 400 COL cert VAL EASA.A.011,COL make VAL BE COL model VAL 35 COL series VAL V35 COL name VAL BONANZA COL cert VAL 3A15,0,0.9999972130268665,0,5054,418,0,1,0,0,1
COL make VAL PILATUS COL model VAL PC24 COL series VAL PC24 COL name VAL No Popular Name COL cert VAL EASA.A.594,COL make VAL BE COL model VAL 35 COL series VAL V35A COL name VAL BONANZA COL cert VAL 3A15,0,0.9999971590845582,0,12274,419,0,1,0,0,1
COL make VAL EMBRAER COL model VAL EMB145 COL series VAL XR COL name VAL ERJ145XR COL cert VAL EA-9606,COL make VAL BE COL model VAL 35 COL series VAL V35B COL name VAL BONANZA COL cert VAL 3A15,0,0.999997442032724,0,4921,420,0,1,0,0,1
COL make VAL PIPER COL model VAL PA18 COL series VAL A135 COL name VAL SUPER CUB COL cert VAL 1A2,COL make VAL BE COL model VAL 300 COL series VAL B300C COL name VAL SUPER KING AIR COL cert VAL A24CE,0,0.9999973576976819,0,7507,421,0,1,0,0,1
COL make VAL BEECH COL model VAL SNB COL series VAL 1 COL name VAL KANSAN COL cert VAL A-2-582,COL make VAL BE COL model VAL 36 COL series VAL A36 COL name VAL BONANZA COL cert VAL 3A15,0,0.9999974696859261,0,1382,422,0,1,0,0,1
COL make VAL GRUMMAN COL model VAL HU16 COL series VAL A COL name VAL ALBATROSS COL cert VAL A33SO,COL make VAL BE COL model VAL 36 COL series VAL A36TC COL name VAL BONANZA COL cert VAL 3A15,0,0.999997364590652,0,5575,423,0,1,0,0,1
COL make VAL FOKKER COL model VAL F27 COL series VAL 600 COL name VAL FRIENDSHIP COL cert VAL EASA.A.036,COL make VAL BE COL model VAL 36 COL series VAL B36TC COL name VAL BONANZA COL cert VAL 3A15,0,0.999997580153864,0,5286,424,0,1,0,0,1
COL make VAL SCHWEIZER COL model VAL SGU22 2 COL series VAL SGU22 2 COL name VAL No Popular Name COL cert VAL G-18,COL make VAL BE COL model VAL 36 COL series VAL 36 COL name VAL BONANZA COL cert VAL 3A15,0,0.9999973952791166,0,8313,425,0,1,0,0,1
COL make VAL MCDONNELL DOUGLAS HELICOPTER COL model VAL 369 COL series VAL F COL name VAL 500 COL cert VAL H3WE,COL make VAL BE COL model VAL A45 COL series VAL B45 COL cert VAL 5A3,0,0.9999971830335023,0,6818,428,0,1,0,0,1
COL make VAL BEECH COL model VAL 24 COL series VAL B24R COL name VAL SIERRA 200 COL cert VAL A1CE,COL make VAL BE COL model VAL 45 COL series VAL B45 COL cert VAL 5A3,0,0.9999974186220704,0,1193,429,0,1,0,0,1
COL make VAL PIPER COL model VAL PA22 COL series VAL 150 COL name VAL TRIPACER COL cert VAL 1A6,COL make VAL BE COL model VAL 45 COL series VAL D45 COL name VAL MENTOR COL cert VAL 5A3,0,0.99999748695632,0,7527,430,0,1,0,0,1
COL make VAL BALLOON WORKS COL model VAL FIREFLY 8B COL series VAL FIREFLY 8B COL name VAL No Popular Name COL cert VAL A14SO,COL make VAL BE COL model VAL 45 COL series VAL 45 COL name VAL MENTOR COL cert VAL 5A3,0,0.9999974741714985,0,1076,431,0,1,0,0,1
COL make VAL HILLER COL model VAL OH23 COL series VAL G COL name VAL No Popular Name COL cert VAL 4H11,COL make VAL BE COL model VAL 18 COL series VAL C45G COL name VAL TWIN BEECH COL cert VAL A765,0,0.9999969748002974,0,5790,432,0,1,0,0,1
COL make VAL GRUMMAN COL model VAL G1159 COL series VAL G1159 COL name VAL GULFSTREAM II COL cert VAL A12EA,COL make VAL BE COL model VAL 18 COL series VAL C45F COL name VAL TWIN BEECH COL cert VAL A757,0,0.9999973144105436,0,5541,433,0,1,0,0,1
COL make VAL BOEING COL model VAL 757 COL series VAL 251 COL name VAL No Popular Name COL cert VAL A2NM,COL make VAL BE COL model VAL 50 COL series VAL B50 COL name VAL TWIN BONANZA COL cert VAL 5A4,0,0.9999968440167726,0,2657,434,0,1,0,0,1
COL make VAL BOEING COL model VAL 737 COL series VAL 3K9 COL name VAL No Popular Name COL cert VAL A16WE,COL make VAL BE COL model VAL 50 COL series VAL C50 COL name VAL TWIN BONANZA COL cert VAL 5A4,0,0.9999969901270979,0,2107,435,0,1,0,0,1
COL make VAL BEECH COL model VAL T34 COL series VAL C COL name VAL TURBINE MENTOR COL cert VAL A26CE,COL make VAL BE COL model VAL 50 COL series VAL D50 COL name VAL TWIN BONANZA COL cert VAL 5A4,0,0.9999970342703275,0,1390,436,0,1,0,0,1
COL make VAL PIPER COL model VAL PA18S COL series VAL 105 SPECIAL COL name VAL SUPER CUB COL cert VAL 1A2,COL make VAL BE COL model VAL 50 COL series VAL D50A COL name VAL TWIN BONANZA COL cert VAL 5A4,0,0.9999975186111274,0,7512,437,0,1,0,0,1
COL make VAL BOEING COL model VAL 767 COL series VAL 3T7 COL name VAL No Popular Name COL cert VAL A1NM,COL make VAL BE COL model VAL 50 COL series VAL D50B COL name VAL TWIN BONANZA COL cert VAL 5A4,0,0.9999969880740408,0,2802,438,0,1,0,0,1
COL make VAL ENSTROM COL model VAL F28 COL series VAL F28 COL name VAL No Popular Name COL cert VAL H1CE,COL make VAL BE COL model VAL 50 COL series VAL D50C COL name VAL TWIN BONANZA COL cert VAL 5A4,0,0.9999968475242148,0,4989,439,0,1,0,0,1
COL make VAL PIPER COL model VAL PA30 COL series VAL PA30 COL name VAL TWIN COMANCHE COL cert VAL A1EA,COL make VAL BE COL model VAL 50 COL series VAL D50E COL name VAL TWIN BONANZA COL cert VAL 5A4,0,0.9999973798261449,0,7582,440,0,1,0,0,1
COL make VAL BOEING COL model VAL 737 COL series VAL 8JP COL name VAL No Popular Name COL cert VAL A16WE,COL make VAL BE COL model VAL 50 COL series VAL E50 COL name VAL TWIN BONANZA COL cert VAL 5A4,0,0.9999969080708978,0,2404,441,0,1,0,0,1
COL make VAL PIPER COL model VAL PA18 COL series VAL A135 COL name VAL SUPER CUB COL cert VAL 1A2,COL make VAL BE COL model VAL 50 COL series VAL F50 COL name VAL TWIN BONANZA COL cert VAL 5A4,0,0.9999974381376007,0,7507,442,0,1,0,0,1
COL make VAL MOONEY COL model VAL M20R COL series VAL M20R COL name VAL OVATION COL cert VAL 2A3,COL make VAL BE COL model VAL 50 COL series VAL G50 COL name VAL TWIN BONANZA COL cert VAL 5A4,0,0.9999970910874963,0,7038,443,0,1,0,0,1
COL make VAL GLOBE COL model VAL GC1A COL series VAL GC1A COL name VAL SWIFT COL cert VAL A-766,COL make VAL BE COL model VAL 50 COL series VAL H50 COL name VAL TWIN BONANZA COL cert VAL 5A4,0,0.9999972017921115,0,5443,444,0,1,0,0,1
COL make VAL BOEING COL model VAL 737 COL series VAL 2T4 COL name VAL No Popular Name COL cert VAL A16WE,COL make VAL BE COL model VAL 50 COL series VAL J50 COL name VAL TWIN BONANZA COL cert VAL 5A4,0,0.9999973899341769,0,2041,445,0,1,0,0,1
COL make VAL CESSNA COL model VAL 150 COL series VAL B COL name VAL No Popular Name COL cert VAL 3A19,COL make VAL BE COL model VAL 50 COL series VAL 50 COL name VAL TWIN BONANZA COL cert VAL 5A4,0,0.9999970286748577,0,3653,446,0,1,0,0,1
COL make VAL CESSNA COL model VAL 551 COL series VAL 551 COL name VAL CITATION II SP COL cert VAL A27CE,COL make VAL BE COL model VAL 95 COL series VAL B55 COL name VAL BARON COL cert VAL 3A16,0,0.9999976875463017,0,3845,447,0,1,0,0,1
COL make VAL SCHWEIZER COL model VAL SGS1 36 COL series VAL SGS1 36 COL name VAL SPRITE COL cert VAL G5EA,COL make VAL BE COL model VAL 95 COL series VAL B55B COL name VAL BARON COL cert VAL 3A16,0,0.9999978409297865,0,8298,448,0,1,0,0,1
COL make VAL GLASER DIRKS COL model VAL DG1000 COL series VAL S COL name VAL No Popular Name COL cert VAL EASA.A.072,COL make VAL BE COL model VAL 55 COL series VAL T42A COL name VAL BARON COL cert VAL 3A16,0,0.9999976417596834,0,5400,449,0,1,0,0,1
COL make VAL COLUMBIA COL model VAL XJL1 COL series VAL XJL1 COL name VAL No Popular Name COL cert VAL TC AR-26,COL make VAL BE COL model VAL 95 COL series VAL 55 COL name VAL BARON COL cert VAL 3A16,0,0.9999975091890878,0,4292,450,0,1,0,0,1
COL make VAL PIPER COL model VAL PA31T COL series VAL 2 COL name VAL CHEYENNE IIXL COL cert VAL A8EA,COL make VAL BE COL model VAL 95 COL series VAL C55 COL name VAL BARON COL cert VAL 3A16,0,0.9999974913024214,0,7592,451,0,1,0,0,1
COL make VAL CESSNA COL model VAL 172 COL series VAL M COL name VAL SKYHAWK COL cert VAL 3A12,COL make VAL BE COL model VAL 95 COL series VAL A55 COL name VAL BARON COL cert VAL 3A16,0,0.9999974520283523,0,3681,452,0,1,0,0,1
COL make VAL SCHLEICHER COL model VAL KA4 COL series VAL KA4 COL name VAL RHONLERCHE II COL cert VAL 164/SP,COL make VAL BE COL model VAL 55 COL series VAL D55 COL name VAL BARON COL cert VAL 3A16,0,0.999997534011202,0,8265,453,0,1,0,0,1
COL make VAL CESSNA COL model VAL 310 COL series VAL N COL name VAL No Popular Name COL cert VAL 3A10,COL make VAL BE COL model VAL 55 COL series VAL D55A COL name VAL BARON COL cert VAL 3A16,0,0.99999772521075,0,3783,454,0,1,0,0,1
COL make VAL AEROSPATIALE COL model VAL AS355 COL series VAL N COL name VAL ECUREUIL II COL cert VAL EASA.R.146,COL make VAL BE COL model VAL 55 COL series VAL E55 COL name VAL BARON COL cert VAL 3A16,0,0.9999976969801215,0,215,455,0,1,0,0,1
COL make VAL NORTH AMERICAN COL model VAL SNJ COL series VAL 4 COL name VAL TEXAN COL cert VAL A-2-575,COL make VAL BE COL model VAL 55 COL series VAL E55A COL name VAL BARON COL cert VAL 3A16,0,0.9999976851533919,0,7228,456,0,1,0,0,1
COL make VAL PITCAIRN COL model VAL PA6 COL series VAL PA6 COL name VAL SUPER MAILWING COL cert VAL ATC 92,COL make VAL BE COL model VAL 56 COL series VAL TC COL name VAL TURBO BARON COL cert VAL 3A16,0,0.9999974988989654,0,7648,457,0,1,0,0,1
COL make VAL BOEING COL model VAL 777 COL series VAL 323ER COL name VAL No Popular Name COL cert VAL T00001SE,COL make VAL BE COL model VAL 56 COL series VAL A56TC COL name VAL TURBO BARON COL cert VAL 3A16,0,0.99999767799412,0,10262,458,0,1,0,0,1
COL make VAL SCHWEIZER COL model VAL SGS1 26 COL series VAL C COL name VAL No Popular Name COL cert VAL 1G10,COL make VAL BE COL model VAL 58 COL series VAL 58 COL name VAL BARON COL cert VAL 3A16,0,0.9999976906250859,0,8289,459,0,1,0,0,1
COL make VAL LOCKHEED COL model VAL 1649 COL series VAL A98 COL name VAL CONSTELLATION STARLINER COL cert VAL 4A17,COL make VAL BE COL model VAL 58 COL series VAL P COL name VAL PRESSURIZED BARON COL cert VAL A23CE,0,0.9999973211865225,0,6530,460,0,1,0,0,1
COL make VAL DASSAULT COL model VAL MYSTERE FALCON 20 COL series VAL D5 COL name VAL No Popular Name COL cert VAL 103BIS,COL make VAL BE COL model VAL 58 COL series VAL PA COL name VAL PRESSURIZED BARON COL cert VAL A23CE,0,0.999997463710104,0,4440,461,0,1,0,0,1
COL make VAL MORANE SAULNIER COL model VAL MS760 COL series VAL A COL name VAL PARIS IA COL cert VAL 3,COL make VAL BE COL model VAL 58 COL series VAL TC COL name VAL TURBOCHARGED BARON COL cert VAL A23CE,0,0.9999975371464344,0,7042,462,0,1,0,0,1
COL make VAL DASSAULT COL model VAL MYSTERE FALCON 20 COL series VAL C5 COL name VAL No Popular Name COL cert VAL 103BIS,COL make VAL BE COL model VAL 58 COL series VAL TCA COL name VAL TURBOCHARGED BARON COL cert VAL A23CE,0,0.9999973554452015,0,4439,463,0,1,0,0,1
COL make VAL GRUMMAN COL model VAL JF4 COL series VAL 2 COL name VAL WIDGEON COL cert VAL A-734,COL make VAL BE COL model VAL 60 COL series VAL A60 COL name VAL DUKE COL cert VAL A12CE,0,0.9999975171920463,0,22013,464,0,1,0,0,1
COL make VAL CHAMPION COL model VAL 7KCAB COL series VAL 7KCAB COL name VAL CITABRIA COL cert VAL A-759,COL make VAL BE COL model VAL 60 COL series VAL B60 COL name VAL DUKE COL cert VAL A12CE,0,0.9999975722670322,0,4061,465,0,1,0,0,1
COL make VAL SCHWEIZER COL model VAL SGM2 37 COL series VAL SGM2 37 COL name VAL CONDOR COL cert VAL G1NE,COL make VAL BE COL model VAL 60 COL series VAL 60 COL name VAL DUKE COL cert VAL A12CE,0,0.999997548487041,0,8280,466,0,1,0,0,1
COL make VAL KAMAN COL model VAL HH43 COL series VAL F COL name VAL HUSKIE COL cert VAL H1NW,COL make VAL BE COL model VAL 65 COL series VAL A65 COL name VAL QUEEN AIR COL cert VAL 3A20,0,0.9999976309567404,0,6160,467,0,1,0,0,1
COL make VAL AERMACCHI COL model VAL F260 COL series VAL C COL name VAL No Popular Name COL cert VAL EASA.A.586,COL make VAL BE COL model VAL 65 COL series VAL A658200 COL name VAL QUEEN AIR COL cert VAL 3A20,0,0.99999750712875,0,49,468,0,1,0,0,1
COL make VAL GARDAN COL model VAL GY80 COL series VAL 180 COL name VAL HORIZON COL cert VAL EASA.SAS.A.075,COL make VAL BE COL model VAL 65 COL series VAL L23F COL name VAL QUEEN AIR COL cert VAL 3A20,0,0.9999977356627123,0,5373,469,0,1,0,0,1
COL make VAL SINO SWEARINGEN COL model VAL SJ30 COL series VAL 2 COL name VAL No Popular Name COL cert VAL A00001AC,COL make VAL BE COL model VAL 65 COL series VAL 65 COL name VAL QUEEN AIR COL cert VAL 3A20,0,0.9999975302938225,0,8515,470,0,1,0,0,1
COL make VAL SCHWEIZER COL model VAL SGS2 33 COL series VAL A COL name VAL No Popular Name COL cert VAL G2EA,COL make VAL BE COL model VAL 70 COL series VAL 70 COL name VAL QUEEN AIR COL cert VAL 3A20,0,0.9999975581703142,0,8300,471,0,1,0,0,1
COL make VAL BEECH COL model VAL JU21 COL series VAL A COL name VAL UTE COL cert VAL 3A20,COL make VAL BE COL model VAL 76 COL series VAL 76 COL name VAL DUCHESS COL cert VAL A29CE,0,0.9999973883431277,0,1397,472,0,1,0,0,1
COL make VAL MERCURY COL model VAL BT120 COL series VAL BT120 COL name VAL No Popular Name COL cert VAL TC 744,COL make VAL BE COL model VAL 77 COL series VAL 77 COL name VAL SKIPPER COL cert VAL A30CE,0,0.9999975244292656,0,21597,473,0,1,0,0,1
COL make VAL CHAMPION COL model VAL 7KC COL series VAL 7KC COL name VAL CITABRIA COL cert VAL A-759,COL make VAL BE COL model VAL 65 COL series VAL 80 COL name VAL QUEEN AIR COL cert VAL 3A20,0,0.9999976472733685,0,4060,474,0,1,0,0,1
COL make VAL PIPER COL model VAL PA60 COL series VAL 602P COL name VAL AEROSTAR 602P COL cert VAL A17WE,COL make VAL BE COL model VAL 65 COL series VAL A80 COL name VAL QUEEN AIR COL cert VAL 3A20,0,0.9999977506522663,0,7641,475,0,1,0,0,1
COL make VAL PIPER COL model VAL L14 COL series VAL L14 COL name VAL CUB COL cert VAL TC 760,COL make VAL BE COL model VAL 65 COL series VAL A808800 COL name VAL QUEEN AIR COL cert VAL 3A20,0,0.9999975259928563,0,7477,476,0,1,0,0,1
COL make VAL WACO COL model VAL YKC COL series VAL YKC COL name VAL No Popular Name COL cert VAL A-533,COL make VAL BE COL model VAL 65 COL series VAL B80 COL name VAL QUEEN AIR COL cert VAL 3A20,0,0.9999975840726907,0,9539,477,0,1,0,0,1
COL make VAL EMBRAER COL model VAL ERJ170 COL series VAL 100SU COL name VAL No Popular Name COL cert VAL EA-2003T05,COL make VAL BE COL model VAL 65 COL series VAL 88 COL name VAL QUEEN AIR COL cert VAL 3A20,0,0.9999979423708664,0,4941,478,0,1,0,0,1
COL make VAL IAR BRASOV COL model VAL IS29 COL series VAL D2 COL name VAL No Popular Name COL cert VAL EASA.A.453,COL make VAL BE COL model VAL 65 COL series VAL 90 COL name VAL KING AIR COL cert VAL 3A20,0,0.9999977533256663,0,5930,479,0,1,0,0,1
COL make VAL BELL COL model VAL 206 COL series VAL L1 COL name VAL LONG RANGER II COL cert VAL H-92,COL make VAL BE COL model VAL 65 COL series VAL A90 COL cert VAL 3A20,0,0.9999977205439222,0,1419,480,0,1,0,0,1
COL make VAL DE HAVILLAND COL model VAL DHC1 COL series VAL 22 COL name VAL CHIPMUNK COL cert VAL NOT CERTIFICATED,COL make VAL BE COL model VAL 65 COL series VAL A901JU21A COL name VAL UTE COL cert VAL 3A20,0,0.9999976621369246,0,4569,481,0,1,0,0,1
COL make VAL MAULE COL model VAL M5 COL series VAL 180C COL name VAL LUNAR ROCKET COL cert VAL 3A23,COL make VAL BE COL model VAL 65 COL series VAL A901RU21A COL name VAL UTE COL cert VAL 3A20,0,0.9999976307590441,0,6725,482,0,1,0,0,1
COL make VAL GOODYEAR COL model VAL GZ19 COL series VAL A COL name VAL No Popular Name COL cert VAL TC 1,COL make VAL BE COL model VAL 65 COL series VAL A904 COL name VAL KING AIR COL cert VAL 3A20,0,0.9999976061118596,0,21293,483,0,1,0,0,1
COL make VAL EMBRAER COL model VAL ERJ190 COL series VAL 100IGW COL name VAL 190AR COL cert VAL EA-2005T13,COL make VAL BE COL model VAL 65 COL series VAL A904RU21E COL name VAL UTE COL cert VAL 3A20,0,0.9999979165829155,0,4947,484,0,1,0,0,1
COL make VAL PIPER COL model VAL PA25 COL series VAL PA25 COL name VAL PAWNEE 150 COL cert VAL AV-0004,COL make VAL BE COL model VAL 90 COL series VAL B90 COL name VAL KING AIR COL cert VAL 3A20,0,0.9999977908269547,0,7552,485,0,1,0,0,1
COL make VAL BOEING COL model VAL 737 COL series VAL 4M0 COL name VAL No Popular Name COL cert VAL A16WE,COL make VAL BE COL model VAL 90 COL series VAL C90 COL name VAL KING AIR COL cert VAL 3A20,0,0.9999972083171551,0,2161,486,0,1,0,0,1
COL make VAL SIKORSKY COL model VAL UH60 COL series VAL A COL name VAL BLACK HAWK COL cert VAL R00113SE,COL make VAL BE COL model VAL 90 COL series VAL C90A COL name VAL KING AIR COL cert VAL 3A20,0,0.9999975849664784,0,25973,487,0,1,0,0,1
COL make VAL SCHWEIZER COL model VAL SGS2 33 COL series VAL SGS2 33 COL name VAL No Popular Name COL cert VAL G2EA,COL make VAL BE COL model VAL 90 COL series VAL C90GT COL cert VAL 3A20,0,0.9999976222084703,0,8302,488,0,1,0,0,1
COL make VAL BOEING COL model VAL 707 COL series VAL 399C COL name VAL No Popular Name COL cert VAL 4A26,COL make VAL BE COL model VAL 90 COL series VAL F90 COL name VAL KING AIR COL cert VAL A31CE,0,0.999997380804237,0,1667,489,0,1,0,0,1
COL make VAL GRUMMAN COL model VAL G1159 COL series VAL G1159 COL name VAL GULFSTREAM II COL cert VAL A12EA,COL make VAL BE COL model VAL 95 COL series VAL B95 COL name VAL TRAVEL AIR COL cert VAL 3A16,0,0.9999975372814839,0,5541,490,0,1,0,0,1
COL make VAL ZLIN COL model VAL Z526 COL series VAL L COL name VAL SKYDEVIL COL cert VAL EASA.A.353,COL make VAL BE COL model VAL 95 COL series VAL B95A COL name VAL TRAVEL AIR COL cert VAL 3A16,0,0.9999976450521502,0,9715,491,0,1,0,0,1
COL make VAL AEROSPATIALE COL model VAL AS350 COL series VAL D1 COL name VAL ASTAR COL cert VAL NOT CERTIFICATED,COL make VAL BE COL model VAL 95 COL series VAL D95A COL name VAL TRAVEL AIR COL cert VAL 3A16,0,0.9999975324632685,0,12480,492,0,1,0,0,1
COL make VAL SIKORSKY COL model VAL S58 COL series VAL F COL name VAL No Popular Name COL cert VAL 1H11,COL make VAL BE COL model VAL 95 COL series VAL E95 COL name VAL TRAVEL AIR COL cert VAL 3A16,0,0.9999974608809638,0,11417,493,0,1,0,0,1
COL make VAL FOKKER COL model VAL F28 COL series VAL 0100 COL name VAL FOKKER 100 COL cert VAL EASA.A.037,COL make VAL BE COL model VAL 95 COL series VAL 95 COL name VAL TRAVEL AIR COL cert VAL 3A16,0,0.9999978022552707,0,5297,494,0,1,0,0,1
COL make VAL SCHWEIZER COL model VAL SGS1 26 COL series VAL B COL name VAL No Popular Name COL cert VAL 1G10,COL make VAL BE COL model VAL 99 COL series VAL A99 COL name VAL AIRLINER COL cert VAL A14CE,0,0.9999977111367768,0,8288,495,0,1,0,0,1
COL make VAL LEARJET COL model VAL 45 COL series VAL 45 COL name VAL LEARJET 75 COL cert VAL T00008WI,COL make VAL BE COL model VAL 99 COL series VAL 99 COL name VAL AIRLINER COL cert VAL A14CE,0,0.9999976524450823,0,11421,496,0,1,0,0,1
COL make VAL GLASFLUGEL COL model VAL H301 COL series VAL H301 COL name VAL LIBELLE COL cert VAL EASA.A.241,COL make VAL BE COL model VAL 99 COL series VAL A COL name VAL AIRLINER COL cert VAL A14CE,0,0.9999976457235629,0,5441,497,0,1,0,0,1
COL make VAL AEROSPATIALE COL model VAL AS350 COL series VAL D1 COL name VAL ASTAR COL cert VAL NOT CERTIFICATED,COL make VAL BE COL model VAL 99 COL series VAL B99 COL name VAL AIRLINER COL cert VAL A14CE,0,0.9999976417641814,0,12480,498,0,1,0,0,1
COL make VAL SCHWEIZER COL model VAL SGS1 23 COL series VAL F COL name VAL No Popular Name COL cert VAL 1G1,COL make VAL BE COL model VAL 99 COL series VAL C99 COL name VAL AIRLINER COL cert VAL A14CE,0,0.9999977428034793,0,8282,499,0,1,0,0,1
COL make VAL PIPER COL model VAL PA60 COL series VAL 601P COL name VAL AEROSTAR 601P COL cert VAL A17WE,COL make VAL BE COL model VAL 18 COL series VAL AT11 COL name VAL TWIN BEECH COL cert VAL A2582,0,0.9999974514280892,0,7640,500,0,1,0,0,1
COL make VAL CESSNA COL model VAL 210 COL series VAL E COL name VAL CENTURION COL cert VAL 3A21,COL make VAL BE COL model VAL 18 COL series VAL AT7A COL name VAL TWIN BEECH COL cert VAL A757,0,0.9999973091999157,0,3753,501,0,1,0,0,1
COL make VAL STINSON COL model VAL SR10 COL series VAL K COL name VAL RELIANT COL cert VAL TC 679,COL make VAL BE COL model VAL 18 COL series VAL AT7C COL name VAL TWIN BEECH COL cert VAL A757,0,0.9999972448050382,0,22190,502,0,1,0,0,1
COL make VAL BOEING COL model VAL 737 COL series VAL 2Y5 COL name VAL No Popular Name COL cert VAL A16WE,COL make VAL BE COL model VAL 18 COL series VAL AT7 COL name VAL TWIN BEECH COL cert VAL A757,0,0.9999971378036178,0,2054,503,0,1,0,0,1
COL make VAL CESSNA COL model VAL 337 COL series VAL G COL name VAL No Popular Name COL cert VAL A6CE,COL make VAL HS COL model VAL 125 COL series VAL 403A COL cert VAL A3EU,0,0.9999973365472073,0,3810,504,0,1,0,0,1
COL make VAL PIPER COL model VAL L4 COL series VAL J COL name VAL CUB COL cert VAL A-691,COL make VAL DH COL model VAL 125 COL series VAL 400A COL cert VAL A3EU,0,0.9999974341961719,0,7486,505,0,1,0,0,1
COL make VAL PIPER COL model VAL J4 COL series VAL AS COL name VAL CUB COUPE COL cert VAL A-703,COL make VAL BH COL model VAL 125 COL series VAL 400A COL cert VAL A3EU,0,0.9999974701648792,0,7468,506,0,1,0,0,1
COL make VAL CESSNA COL model VAL AT17 COL series VAL AT17 COL name VAL BOBCAT COL cert VAL A-722,COL make VAL BE COL model VAL 400 COL series VAL A COL name VAL BEECHJET COL cert VAL A16SW,0,0.9999971003619117,0,3873,507,0,1,0,0,1
COL make VAL AER PEGASO COL model VAL M100 COL series VAL S COL name VAL No Popular Name COL cert VAL NOT CERTIFICATED,COL make VAL BE COL model VAL 400 COL series VAL 400 COL name VAL BEECHJET COL cert VAL A16SW,0,0.9999972843171874,0,25,508,0,1,0,0,1
COL make VAL CESSNA COL model VAL P206 COL series VAL C COL name VAL SUPER SKYLANE COL cert VAL A4CE,COL make VAL BH COL model VAL 125 COL series VAL 600A COL cert VAL A3EU,0,0.9999973200021531,0,3945,509,0,1,0,0,1
COL make VAL SCHWEIZER COL model VAL SGS2 32 COL series VAL SGS2 32 COL name VAL No Popular Name COL cert VAL G1EA,COL make VAL BE COL model VAL 18 COL series VAL RC45J COL name VAL TWIN BEECH COL cert VAL A765,0,0.9999975148326129,0,8299,510,0,1,0,0,1
COL make VAL BOMBARDIER COL model VAL BD500 COL series VAL 1A10 COL name VAL CS100 COL cert VAL A-236,COL make VAL BE COL model VAL 18 COL series VAL TC45G COL name VAL TWIN BEECH COL cert VAL A765,0,0.9999974128365506,0,10910,511,0,1,0,0,1
COL make VAL PIPER COL model VAL PA32R COL series VAL 301 COL name VAL SARATOGA II TC COL cert VAL A3SO,COL make VAL BE COL model VAL 18 COL series VAL TC45H COL name VAL TWIN BEECH COL cert VAL A765,0,0.9999974902519052,0,7603,512,0,1,0,0,1
COL make VAL CESSNA COL model VAL 310 COL series VAL A COL name VAL BLUE CANOE COL cert VAL 3A10,COL make VAL BE COL model VAL 18 COL series VAL UC45F COL name VAL TWIN BEECH COL cert VAL A757,0,0.9999973733675821,0,3770,513,0,1,0,0,1
COL make VAL CESSNA COL model VAL 182 COL series VAL P COL name VAL SKYLANE COL cert VAL 3A13,COL make VAL BE COL model VAL 18 COL series VAL UC45J COL name VAL TWIN BEECH COL cert VAL A765,0,0.9999973476444066,0,3721,514,0,1,0,0,1
COL make VAL STINSON COL model VAL SR10 COL series VAL K COL name VAL RELIANT COL cert VAL TC 679,COL make VAL G58 COL name VAL BARON COL cert VAL 3A16,0,0.9999974169007073,0,22190,515,0,1,0,0,1
COL make VAL BOEING COL model VAL 737 COL series VAL 228 COL name VAL No Popular Name COL cert VAL A16WE,COL make VAL BE COL model VAL 18 COL series VAL JRB4 COL name VAL TWIN BEECH COL cert VAL A757,0,0.9999973910416121,0,1929,516,0,1,0,0,1
COL make VAL BOEING COL model VAL 777 COL series VAL 224 COL name VAL No Popular Name COL cert VAL T00001SE,COL make VAL BE COL model VAL 18 COL series VAL JRB6 COL name VAL TWIN BEECH COL cert VAL A765,0,0.9999972242840164,0,2818,517,0,1,0,0,1
COL make VAL PIPER COL model VAL PA18 COL series VAL A135 COL name VAL SUPER CUB COL cert VAL 1A2,COL make VAL BE COL model VAL 50 COL series VAL L23D COL name VAL TWIN BONANZA COL cert VAL 5A4,0,0.9999972886129702,0,7507,518,0,1,0,0,1
COL make VAL AERO COMMANDER COL model VAL 695 COL series VAL 695 COL name VAL JETPROP 980 COL cert VAL 2A4,COL make VAL BE COL model VAL 18 COL series VAL SNB1 COL name VAL TWIN BEECH COL cert VAL A2582,0,0.9999975985684346,0,98,519,0,1,0,0,1
COL make VAL BELL COL model VAL AH1 COL series VAL G COL name VAL COBRA COL cert VAL H10NM,COL make VAL BE COL model VAL 45 COL series VAL T34A COL cert VAL 5A3,0,0.9999969304115911,0,12100,520,0,1,0,0,1
COL make VAL BOEING COL model VAL 777 COL series VAL 21B COL name VAL No Popular Name COL cert VAL T00001SE,COL make VAL BE COL model VAL 45 COL series VAL T34B COL cert VAL 5A3,0,0.9999972970965212,0,2813,521,0,1,0,0,1
COL make VAL TAYLORCRAFT COL model VAL BL12 COL series VAL 65 COL name VAL DELUXE COL cert VAL A-700,COL make VAL BE COL model VAL 45 COL series VAL T34C COL name VAL TURBINE-MENTOR COL cert VAL A26CE,0,0.9999974592386649,0,8942,522,0,1,0,0,1
COL make VAL PIPER COL model VAL PA31T COL series VAL 2 COL name VAL CHEYENNE IIXL COL cert VAL A8EA,COL make VAL BE COL model VAL 18 COL series VAL C45 COL name VAL TWIN BEECH COL cert VAL A757,0,0.9999975837731518,0,7592,523,0,1,0,0,1
COL make VAL CESSNA COL model VAL 150 COL series VAL E COL name VAL No Popular Name COL cert VAL 3A19,COL make VAL BHT COL model VAL 204 COL series VAL B COL cert VAL H1SW,0,0.9999973784339514,0,3656,524,0,1,0,0,1
COL make VAL NORTH AMERICAN COL model VAL B25 COL series VAL J COL name VAL MITCHELL COL cert VAL AL-2,COL make VAL BHT COL model VAL 210 COL series VAL 210 COL cert VAL H1SW,0,0.9999970894225316,0,7173,525,0,1,0,0,1
COL make VAL CESSNA COL model VAL T50 COL series VAL T50 COL name VAL BOBCAT COL cert VAL A-722,COL make VAL BHT COL model VAL 205 COL series VAL A COL cert VAL H1SW,0,0.9999969786364176,0,3992,526,0,1,0,0,1
COL make VAL LEARJET COL model VAL 23 COL series VAL 23 COL name VAL No Popular Name COL cert VAL A5CE,COL make VAL BHT COL model VAL 205 COL series VAL A1 COL cert VAL H1SW,0,0.9999972092674518,0,6337,527,0,1,0,0,1
COL make VAL LOCKHEED COL model VAL 10 COL series VAL A COL name VAL ELECTRA COL cert VAL TC 551,COL make VAL BHT COL model VAL 206 COL series VAL B COL cert VAL H2SW,0,0.9999976251228592,0,6506,528,0,1,0,0,1
COL make VAL CESSNA COL model VAL FR172 COL series VAL K COL name VAL HAWK XP COL cert VAL A18EU,COL make VAL BHT COL model VAL 206 COL series VAL A COL cert VAL H2SW,0,0.999997123392043,0,3918,529,0,1,0,0,1
COL make VAL SCHWEIZER COL model VAL SGS1 35 COL series VAL SGS1 35 COL name VAL No Popular Name COL cert VAL G4EA,COL make VAL BHT COL model VAL 206 COL series VAL A1 COL cert VAL H2SW,0,0.9999974333616313,0,8297,530,0,1,0,0,1
COL make VAL BAC COL model VAL ONE ELEVEN COL series VAL 410AQ COL name VAL No Popular Name COL cert VAL NOT CERTIFICATED,COL make VAL GARLIK COL model VAL OH58 COL series VAL A COL cert VAL R00006DE,0,0.9999974494160555,0,935,531,0,1,0,0,1
COL make VAL PIPER COL model VAL PA34 COL series VAL 200 COL name VAL SENECA COL cert VAL A7SO,COL make VAL BHT COL model VAL 206 COL series VAL 206 COL cert VAL H2SW,0,0.999996970339615,0,7611,532,0,1,0,0,1
COL make VAL SIKORSKY COL model VAL S55 COL series VAL S55 COL name VAL CHICKASAW COL cert VAL 1H4,COL make VAL BHT COL model VAL 206 COL series VAL B1 COL cert VAL H2SW,0,0.9999971597292986,0,8467,533,0,1,0,0,1
COL make VAL CESSNA COL model VAL 210 COL series VAL N COL name VAL CENTURION COL cert VAL 3A21,COL make VAL BHT COL model VAL 206 COL series VAL L COL cert VAL H2SW,0,0.9999973703925283,0,3761,534,0,1,0,0,1
COL make VAL PIPER COL model VAL PA28RT COL series VAL 201 COL name VAL ARROW IV COL cert VAL 2A13,COL make VAL BHT COL model VAL 206 COL series VAL L1 COL cert VAL H2SW,0,0.9999974710598074,0,7578,535,0,1,0,0,1
COL make VAL STINSON COL model VAL 10 COL series VAL A COL name VAL No Popular Name COL cert VAL A-738,COL make VAL BHT COL model VAL 206 COL series VAL L3 COL cert VAL H2SW,0,0.9999971338525334,0,8753,536,0,1,0,0,1
COL make VAL CESSNA COL model VAL T50 COL series VAL T50 COL name VAL BOBCAT COL cert VAL A-722,COL make VAL BHT COL model VAL 206 COL series VAL L4 COL cert VAL H2SW,0,0.9999971619481992,0,3992,537,0,1,0,0,1
COL make VAL BOEING COL model VAL 737 COL series VAL 89L COL name VAL No Popular Name COL cert VAL A16WE,COL make VAL BHT COL model VAL 214 COL series VAL B COL cert VAL H6SW,0,0.9999972208088191,0,2362,538,0,1,0,0,1
COL make VAL BEECH COL model VAL 36 COL series VAL B36TC COL name VAL BONANZA COL cert VAL 3A15,COL make VAL BHT COL model VAL 214 COL series VAL B1 COL cert VAL H6SW,0,0.9999973360594712,0,1236,539,0,1,0,0,1
COL make VAL CESSNA COL model VAL 310 COL series VAL A COL name VAL BLUE CANOE COL cert VAL 3A10,COL make VAL BHT COL model VAL 214 COL series VAL ST COL cert VAL H10SW,0,0.9999972959131058,0,3770,540,0,1,0,0,1
COL make VAL PIPER COL model VAL PA31P COL series VAL 350 COL name VAL MOJAVE COL cert VAL A8EA,COL make VAL BHT COL model VAL 222 COL series VAL B COL cert VAL H9SW,0,0.9999974107249099,0,7588,541,0,1,0,0,1
COL make VAL LOCKHEED COL model VAL 10 COL series VAL B COL name VAL ELECTRA COL cert VAL TC 584,COL make VAL BHT COL model VAL 222 COL series VAL U COL cert VAL H9SW,0,0.9999972599910075,0,6507,542,0,1,0,0,1
COL make VAL NATIONAL BALLOONING COL model VAL 752 COL series VAL 12 COL name VAL No Popular Name COL cert VAL A33CE,COL make VAL BHT COL model VAL 222 COL series VAL 222 COL cert VAL H9SW,0,0.9999974049847986,0,7097,543,0,1,0,0,1
COL make VAL STINSON COL model VAL SR10 COL series VAL K COL name VAL RELIANT COL cert VAL TC 679,COL make VAL BHT COL model VAL 230 COL series VAL 230 COL cert VAL H9SW,0,0.9999973450744787,0,22190,544,0,1,0,0,1
COL make VAL CESSNA COL model VAL T337 COL series VAL F COL name VAL No Popular Name COL cert VAL A6CE,COL make VAL BHT COL model VAL 505 COL series VAL 505 COL cert VAL R00008RD,0,0.9999970545519223,0,3983,545,0,1,0,0,1
COL make VAL STINSON COL model VAL SR10 COL series VAL J COL name VAL RELIANT COL cert VAL TC 678,COL make VAL BHT COL model VAL 407 COL series VAL 407 COL cert VAL H2SW,0,0.9999973332799581,0,22187,546,0,1,0,0,1
COL make VAL BOEING COL model VAL 737 COL series VAL 4B7 COL name VAL No Popular Name COL cert VAL A16WE,COL make VAL BHT COL model VAL 412 COL series VAL 412 COL cert VAL H4SW,0,0.999997339134271,0,2155,547,0,1,0,0,1
COL make VAL DOUGLAS COL model VAL DC3C COL series VAL R1830 90C COL name VAL No Popular Name COL cert VAL A-669,COL make VAL BHT COL model VAL 412 COL series VAL EP COL cert VAL H4SW,0,0.9999973989442339,0,4739,548,0,1,0,0,1
COL make VAL BOEING COL model VAL 737 COL series VAL 296 COL name VAL No Popular Name COL cert VAL A16WE,COL make VAL BHT COL model VAL 427 COL series VAL 427 COL cert VAL R00001RC,0,0.9999973160786281,0,1967,549,0,1,0,0,1
COL make VAL BOEING COL model VAL 737 COL series VAL 8FH COL name VAL No Popular Name COL cert VAL A16WE,COL make VAL BHT COL model VAL 430 COL series VAL 430 COL cert VAL H9SW,0,0.9999971020247641,0,2392,551,0,1,0,0,1
COL make VAL PIPER COL model VAL J5A COL series VAL 80 COL name VAL CUB CRUISER COL cert VAL A-725,COL make VAL BHT COL model VAL 47 COL series VAL 47 COL cert VAL H1,0,0.9999972644400612,0,7473,552,0,1,0,0,1
COL make VAL CESSNA COL model VAL 310 COL series VAL P COL name VAL No Popular Name COL cert VAL 3A10,COL make VAL BHT COL model VAL 47 COL series VAL B3 COL cert VAL H1,0,0.99999723939486,0,3784,553,0,1,0,0,1
COL make VAL BOEING COL model VAL 737 COL series VAL 2N7 COL name VAL No Popular Name COL cert VAL A16WE,COL make VAL BHT COL model VAL 47 COL series VAL B COL cert VAL H1,0,0.9999972555922982,0,2021,554,0,1,0,0,1
COL make VAL BEECH COL model VAL 55 COL series VAL 95 55 COL name VAL BARON COL cert VAL 3A16,COL make VAL BHT COL model VAL 47 COL series VAL D1 COL cert VAL H1,0,0.9999975332350042,0,1263,555,0,1,0,0,1
COL make VAL CESSNA COL model VAL T337 COL series VAL C COL name VAL No Popular Name COL cert VAL A6CE,COL make VAL BHT COL model VAL 47 COL series VAL D COL cert VAL H1,0,0.9999969307335859,0,3980,556,0,1,0,0,1
COL make VAL PIPER COL model VAL PA60 COL series VAL 602P COL name VAL AEROSTAR 602P COL cert VAL A17WE,COL make VAL BHT COL model VAL 47 COL series VAL E COL cert VAL H1,0,0.9999975101521329,0,7641,557,0,1,0,0,1
COL make VAL BELLANCA COL model VAL 17 30 COL series VAL A COL name VAL VIKING 300 COL cert VAL A18CE,COL make VAL BHT COL model VAL 47 COL series VAL G2 COL cert VAL H1,0,0.9999972717766598,0,1529,558,0,1,0,0,1
COL make VAL HELIO COL model VAL H391 COL series VAL B COL name VAL No Popular Name COL cert VAL 1A8,COL make VAL BHT COL model VAL 47 COL series VAL G2A COL cert VAL 2H3,0,0.9999972616432753,0,5750,559,0,1,0,0,1
COL make VAL CESSNA COL model VAL 210 COL series VAL N COL name VAL CENTURION COL cert VAL 3A21,COL make VAL BHT COL model VAL 47 COL series VAL G2A1 COL cert VAL 2H3,0,0.9999971550353352,0,3761,560,0,1,0,0,1
COL make VAL BEECH COL model VAL 55 COL series VAL D55 COL name VAL BARON COL cert VAL 3A16,COL make VAL BHT COL model VAL 47 COL series VAL G3 COL cert VAL 2H3,0,0.9999972212235815,0,1270,561,0,1,0,0,1
COL make VAL MITSUBISHI COL model VAL MU2B COL series VAL 25 COL name VAL MARQUISE COL cert VAL NOT IDENTIFIED,COL make VAL BHT COL model VAL 47 COL series VAL G3B COL cert VAL 2H3,0,0.9999972885754762,0,6992,562,0,1,0,0,1
COL make VAL LEARJET COL model VAL 31 COL series VAL 31 COL name VAL No Popular Name COL cert VAL A10CE,COL make VAL BHT COL model VAL 47 COL series VAL G3B1 COL cert VAL 2H3,0,0.9999972371258474,0,6350,563,0,1,0,0,1
COL make VAL PIPER COL model VAL PA11 COL series VAL PA11 COL name VAL CUB SPECIAL COL cert VAL A-691,COL make VAL BHT COL model VAL 47 COL series VAL G3B2 COL cert VAL 2H3,0,0.9999972776907033,0,7493,564,0,1,0,0,1
COL make VAL BOEING COL model VAL 737 COL series VAL 2B1C COL name VAL No Popular Name COL cert VAL A16WE,COL make VAL BHT COL model VAL 47 COL series VAL G3B2A COL cert VAL 2H3,0,0.9999972655603224,0,1979,565,0,1,0,0,1
COL make VAL CESSNA COL model VAL 182 COL series VAL T COL name VAL SKYLANE COL cert VAL 3A13,COL make VAL BHT COL model VAL 47 COL series VAL G4 COL cert VAL 2H3,0,0.9999971429156734,0,3725,566,0,1,0,0,1
COL make VAL STINSON COL model VAL SR10 COL series VAL F COL name VAL RELIANT COL cert VAL TC 685,COL make VAL BHT COL model VAL 47 COL series VAL G5 COL cert VAL 2H3,0,0.9999974638092725,0,22380,567,0,1,0,0,1
COL make VAL BOEING COL model VAL 737 COL series VAL 8CX COL name VAL No Popular Name COL cert VAL A16WE,COL make VAL BHT COL model VAL 47 COL series VAL G5A COL cert VAL 2H1,0,0.9999970823218817,0,2375,568,0,1,0,0,1
COL make VAL CESSNA COL model VAL 150 COL series VAL E COL name VAL No Popular Name COL cert VAL 3A19,COL make VAL BHT COL model VAL 47 COL series VAL G COL cert VAL H1,0,0.9999973645981919,0,3656,569,0,1,0,0,1
COL make VAL CESSNA COL model VAL P210 COL series VAL R COL name VAL PRESSURIZED CENTURION COL cert VAL 3A21,COL make VAL BHT COL model VAL 47 COL series VAL H1 COL cert VAL H1,0,0.9999973777288245,0,3950,570,0,1,0,0,1
COL make VAL REARWIN COL model VAL 8500 COL series VAL 8500 COL name VAL SPORTSTER COL cert VAL A-591,COL make VAL BHT COL model VAL 47 COL series VAL J2 COL cert VAL 2H1,0,0.9999972010328001,0,7939,571,0,1,0,0,1
COL make VAL FAIRCHILD COL model VAL 24 COL series VAL J COL name VAL No Popular Name COL cert VAL TC 663,COL make VAL BHT COL model VAL 47 COL series VAL J2A COL cert VAL 2H1,0,0.9999968218339161,0,5081,572,0,1,0,0,1
COL make VAL MCDONNELL DOUGLAS HELICOPTER COL model VAL 369 COL series VAL F COL name VAL 500 COL cert VAL H3WE,COL make VAL BHT COL model VAL 47 COL series VAL J COL cert VAL 2H1,0,0.9999972122892133,0,6818,573,0,1,0,0,1
COL make VAL CESSNA COL model VAL TU206 COL series VAL B COL name VAL TURBO SKYWAGON COL cert VAL A4CE,COL make VAL BHT COL model VAL 47 COL series VAL K COL cert VAL 2H1,0,0.9999970412551399,0,4001,574,0,1,0,0,1
COL make VAL BRITTEN NORMAN COL model VAL BN2A COL series VAL 21 COL name VAL ISLANDER COL cert VAL UK.TC.A.00042,COL make VAL BHT COL model VAL P39 COL series VAL P39 COL name VAL AIR COBRA,0,0.9999970916991313,0,3033,575,0,1,0,0,1
COL make VAL BOEING COL model VAL 737 COL series VAL 36E COL name VAL No Popular Name COL cert VAL A16WE,COL make VAL BELL COL model VAL P63 COL series VAL P63E COL name VAL KING COBRA COL cert VAL L-21-3,0,0.999997137390054,0,2080,576,0,1,0,0,1
COL make VAL BOEING COL model VAL 707 COL series VAL 131 COL name VAL No Popular Name COL cert VAL 4A21,COL make VAL RDC COL model VAL UH COL series VAL 1H COL name VAL HUEY COL cert VAL H13WE,0,0.9999972765403485,0,1601,577,0,1,0,0,1
COL make VAL STEARMAN COL model VAL C3 COL series VAL R COL name VAL BUSINESS SPEEDSTER COL cert VAL ATC 251,COL make VAL RDC COL model VAL UH COL series VAL 1B COL name VAL HUEY COL cert VAL H13WE,0,0.9999972018561566,0,8725,578,0,1,0,0,1
COL make VAL AYRES COL model VAL S2R COL series VAL T15 COL name VAL No Popular Name COL cert VAL A3SW,COL make VAL PILOT COL model VAL UH1B COL series VAL UH1B COL cert VAL H3NM,0,0.999997058888616,0,868,579,0,1,0,0,1
COL make VAL BOEING COL model VAL 767 COL series VAL 37E COL name VAL No Popular Name COL cert VAL A1NM,COL make VAL GARLIK COL model VAL UH COL series VAL 1B COL cert VAL H13WE,0,0.9999971356573513,0,2785,580,0,1,0,0,1
COL make VAL BOEING COL model VAL 747 COL series VAL 249F COL name VAL No Popular Name COL cert VAL A20WE,COL make VAL INTHEL COL model VAL UH1B COL series VAL UH1B COL cert VAL H5SO,0,0.9999972232421787,0,2485,581,0,1,0,0,1
COL make VAL BOMBARDIER COL model VAL CL600 2B19 COL series VAL 100 COL name VAL REGIONAL JET 100 COL cert VAL A-276,COL make VAL BHT COL model VAL UH1B COL series VAL UH1B COL cert VAL H13WE,0,0.9999971905629744,0,2952,582,0,1,0,0,1
COL make VAL PIPER COL model VAL PA28R COL series VAL 201 COL name VAL ARROW III COL cert VAL 2A13,COL make VAL WCOAST COL model VAL UH1E COL series VAL UH1E COL cert VAL H9NM,0,0.9999967289425724,0,7574,583,0,1,0,0,1
COL make VAL MCDONNELL DOUGLAS COL model VAL MD90 COL series VAL 30 COL name VAL No Popular Name COL cert VAL A6WE,COL make VAL OREGON COL model VAL UH1 COL series VAL E COL cert VAL H4NM,0,0.9999972283549485,0,6837,584,0,1,0,0,1
COL make VAL MAULE COL model VAL M7 COL series VAL 420AC COL name VAL No Popular Name COL cert VAL 3A23,COL make VAL HRCULS COL model VAL UH1 COL series VAL E COL cert VAL H5NM,0,0.9999971350631576,0,6740,585,0,1,0,0,1
COL make VAL STINSON COL model VAL L5 COL series VAL L5 COL name VAL SENTINEL COL cert VAL A-764,COL make VAL BHT COL model VAL UH1E COL series VAL UH1E COL cert VAL H5NM,0,0.9999966971824692,0,8771,586,0,1,0,0,1
COL make VAL PITCAIRN COL model VAL PA19 COL series VAL PA19 COL name VAL No Popular Name COL cert VAL ATC 509,COL make VAL UH COL model VAL 1F COL series VAL TAM COL name VAL BELL204 COL cert VAL H7NE,0,0.9999970338276606,0,21622,587,0,1,0,0,1
COL make VAL SNOW COL model VAL 600S2C COL series VAL 600S2C COL name VAL No Popular Name COL cert VAL 2A7,COL make VAL RDC COL model VAL UH COL series VAL 1F COL name VAL HUEY COL cert VAL H12NM,0,0.9999971931941347,0,8596,588,0,1,0,0,1
COL make VAL BOEING COL model VAL 737 COL series VAL 266 COL name VAL No Popular Name COL cert VAL A16WE,COL make VAL RANGER COL model VAL UH COL series VAL 1F COL cert VAL H7NE,0,0.9999971086983529,0,1947,589,0,1,0,0,1
COL make VAL CESSNA COL model VAL P210 COL series VAL N COL name VAL PRESSURIZED CENTURION COL cert VAL 3A21,COL make VAL CALFOR COL model VAL UH1F COL series VAL UH1F COL cert VAL H2NM,0,0.9999972925508261,0,3949,590,0,1,0,0,1
COL make VAL MARTIN COL model VAL 404 COL series VAL 404 COL name VAL No Popular Name COL cert VAL 1A7,COL make VAL WM COL model VAL UH COL series VAL 1H COL name VAL BELL 205 COL cert VAL H7SO,0,0.9999971021159653,0,6695,591,0,1,0,0,1
COL make VAL CESSNA COL model VAL 210 COL series VAL M COL name VAL CENTURION COL cert VAL 3A21,COL make VAL ARROWF COL model VAL UH COL series VAL 1H COL cert VAL R00007DE,0,0.9999969918904603,0,3760,592,0,1,0,0,1
COL make VAL BOEING COL model VAL 737 COL series VAL 54K COL name VAL No Popular Name COL cert VAL A16WE,COL make VAL OAS COL model VAL UH COL series VAL 1H COL cert VAL H7SO,0,0.999996681338884,0,2179,593,0,1,0,0,1
COL make VAL BOEING COL model VAL 737 COL series VAL 89L COL name VAL No Popular Name COL cert VAL A16WE,COL make VAL BL COL model VAL 1412 COL series VAL F3 COL cert VAL 745,0,0.9999969033612146,0,2362,594,0,1,0,0,1
COL make VAL CESSNA COL model VAL 414 COL series VAL A COL name VAL CHANCELLOR COL cert VAL A7CE,COL make VAL BL COL model VAL 1413 COL series VAL 2 COL cert VAL A773,0,0.9999969574592591,0,3828,595,0,1,0,0,1
COL make VAL BOEING COL model VAL 707 COL series VAL 347C COL name VAL No Popular Name COL cert VAL 4A26,COL make VAL BL COL model VAL 1413 COL series VAL 3 COL cert VAL A773,0,0.9999968533572903,0,1640,596,0,1,0,0,1
COL make VAL BOEING COL model VAL 707 COL series VAL 321C COL name VAL No Popular Name COL cert VAL 4A26,COL make VAL BL COL model VAL 1413 COL series VAL 3W COL cert VAL A773,0,0.9999970502327454,0,1614,597,0,1,0,0,1
COL make VAL CESSNA COL model VAL 320 COL series VAL C COL name VAL SKYKNIGHT COL cert VAL 3A25,COL make VAL BL COL model VAL 1413 COL series VAL 1413 COL cert VAL A773,0,0.9999962719281837,0,3796,598,0,1,0,0,1
COL make VAL AEROSTAR INTERNATIONAL COL model VAL RXS8 COL series VAL RXS8 COL name VAL No Popular Name COL cert VAL A15CE,COL make VAL BL COL model VAL 149 COL series VAL L COL cert VAL 716,0,0.9999972781631689,0,292,599,0,1,0,0,1
COL make VAL BOEING COL model VAL 737 COL series VAL 2M6C COL name VAL No Popular Name COL cert VAL A16WE,COL make VAL BL COL model VAL 149 COL series VAL 149 COL cert VAL 716,0,0.9999958519934165,0,2015,600,0,1,0,0,1
COL make VAL SZD COL model VAL SZD24 COL series VAL 4A COL name VAL FOKA 4 COL cert VAL EASA.A.319,COL make VAL BL COL model VAL 17 COL series VAL 30A COL name VAL SUPER VIKING COL cert VAL A18CE,0,0.9999976447556796,0,11528,601,0,1,0,0,1
COL make VAL BEECH COL model VAL C12 COL series VAL D COL name VAL HURON COL cert VAL A24CE,COL make VAL BL COL model VAL 17 COL series VAL 30 COL name VAL VIKING COL cert VAL 1A3,0,0.999997135543986,0,1333,602,0,1,0,0,1
COL make VAL BOEING COL model VAL 707 COL series VAL 3L6B COL name VAL No Popular Name COL cert VAL 4A26,COL make VAL BL COL model VAL 17 COL series VAL 31A COL name VAL SUPER VIKING COL cert VAL A18CE,0,0.9999975428531576,0,1679,603,0,1,0,0,1
COL make VAL GRUMMAN COL model VAL G1159 COL series VAL G1159 COL name VAL GULFSTREAM II COL cert VAL A12EA,COL make VAL BL COL model VAL 17 COL series VAL 31ATC COL name VAL SUPER VIKING COL cert VAL A18CE,0,0.9999975679347909,0,5541,604,0,1,0,0,1
COL make VAL BOEING COL model VAL 737 COL series VAL 275C COL name VAL No Popular Name COL cert VAL A16WE,COL make VAL BL COL model VAL 17 COL series VAL 31TC COL name VAL SUPER VIKING COL cert VAL A13,0,0.9999970552330235,0,1953,605,0,1,0,0,1
COL make VAL CESSNA COL model VAL M337 COL series VAL B COL name VAL No Popular Name COL cert VAL A6CE,COL make VAL BL COL model VAL 17 COL series VAL 31 COL name VAL VIKING COL cert VAL 1A3,0,0.9999973435827545,0,3933,606,0,1,0,0,1
COL make VAL CIRRUS COL model VAL SR22 COL series VAL T COL name VAL No Popular Name COL cert VAL A00009CH,COL make VAL BL COL model VAL PACMKR COL series VAL 3142 COL cert VAL 578,0,0.9999970048478616,0,4080,607,0,1,0,0,1
COL make VAL AIR TRACTOR COL model VAL AT502 COL series VAL AT502 COL name VAL No Popular Name COL cert VAL A17SW,COL make VAL BL COL model VAL PACMKR COL series VAL 3142FLOAT COL cert VAL 2509,0,0.9999971274712367,0,368,608,0,1,0,0,1
COL make VAL WEATHERLY COL model VAL 201 COL series VAL B COL name VAL No Popular Name COL cert VAL A10WE,COL make VAL BL COL model VAL CH COL series VAL CH COL cert VAL ATC47,0,0.9999964689177837,0,9586,609,0,1,0,0,1
COL make VAL BOEING COL model VAL 737 COL series VAL 79L COL name VAL No Popular Name COL cert VAL A16WE,COL make VAL BL COL model VAL PACMKR COL series VAL CH300 COL cert VAL ATC129,0,0.9999966006526921,0,2244,610,0,1,0,0,1
COL make VAL STEARMAN COL model VAL PT13 COL series VAL B COL name VAL KAYDET COL cert VAL A-743,COL make VAL BL COL model VAL SKYRKT COL series VAL CH400 COL cert VAL ATC319,0,0.9999968418730882,0,8740,611,0,1,0,0,1
COL make VAL BEECH COL model VAL UC45 COL series VAL F COL name VAL EXPEDITOR COL cert VAL A-757,COL make VAL HELIO COL model VAL 391 COL series VAL B COL cert VAL 1A8,0,0.9999977549513043,0,1362,612,0,1,0,0,1
COL make VAL BOEING COL model VAL 707 COL series VAL 131 COL name VAL No Popular Name COL cert VAL 4A21,COL make VAL BERIEV COL model VAL BE COL series VAL 103 COL cert VAL A55CE,0,0.9999973183096541,0,1601,613,0,1,0,0,1
COL make VAL MCDONNELL DOUGLAS COL model VAL DC10 COL series VAL 40F COL name VAL No Popular Name COL cert VAL A22WE,COL make VAL PERTH COL model VAL BIRD COL series VAL A COL cert VAL ATC101,0,0.999996939940026,0,6830,614,0,1,0,0,1
COL make VAL CONVAIR COL model VAL 240 COL series VAL 8 COL name VAL No Popular Name COL cert VAL A-219,COL make VAL PERTH COL model VAL BIRD COL series VAL BK COL cert VAL ATC239,0,0.9999967666906715,0,23865,615,0,1,0,0,1
COL make VAL LAIRD COL model VAL LC COL series VAL 1B200 COL name VAL COMMERCIAL COL cert VAL ATC 86,COL make VAL PERTH COL model VAL BIRD COL series VAL CK COL cert VAL ATC388,0,0.9999967376126672,0,19309,616,0,1,0,0,1
COL make VAL BOEING COL model VAL 727 COL series VAL 2B7 COL name VAL No Popular Name COL cert VAL A3WE,COL make VAL B COL model VAL 100 COL series VAL 100 COL cert VAL ATC133,0,0.9999965644883868,0,1828,617,0,1,0,0,1
COL make VAL PIPER COL model VAL PA20S COL series VAL 135 COL name VAL PACER COL cert VAL 1A4,COL make VAL B COL model VAL 247 COL series VAL D COL cert VAL ATC558,0,0.9999968353714259,0,7523,618,0,1,0,0,1
COL make VAL PIPER COL model VAL PA36 COL series VAL 300 COL name VAL PAWNEE BRAVE 300 COL cert VAL A9SO,COL make VAL B COL model VAL 314 COL series VAL 314 COL cert VAL 704,0,0.999996780504515,0,7619,619,0,1,0,0,1
COL make VAL CESSNA COL model VAL T207 COL series VAL A COL name VAL TURBO SKYWAGON COL cert VAL A16CE,COL make VAL B COL model VAL 314 COL series VAL A314 COL cert VAL 704,0,0.9999974697740025,0,3964,620,0,1,0,0,1
COL make VAL CESSNA COL model VAL R172 COL series VAL H COL name VAL No Popular Name COL cert VAL 3A17,COL make VAL B COL model VAL 377 COL series VAL 377 COL cert VAL A812,0,0.999997261639358,0,3955,621,0,1,0,0,1
COL make VAL SWEARINGEN COL model VAL SA227 COL series VAL DC COL name VAL METRO 23 COL cert VAL A18SW,COL make VAL B COL model VAL 377 COL series VAL MG COL cert VAL A812,0,0.9999976475571832,0,8902,622,0,1,0,0,1
COL make VAL CESSNA COL model VAL 172RG COL series VAL 172RG COL name VAL CUTLASS RG COL cert VAL 3A17,COL make VAL B COL model VAL 40 COL series VAL C COL cert VAL ATC54,0,0.9999973984282275,0,3688,623,0,1,0,0,1
COL make VAL MCDONNELL DOUGLAS HELICOPTER COL model VAL 600 COL series VAL N COL name VAL No Popular Name COL cert VAL H3WE,COL make VAL B COL model VAL 707 COL series VAL 123B COL cert VAL 4A21,0,0.9999974420473606,0,6821,624,0,1,0,0,1
COL make VAL LEARJET COL model VAL 55 COL series VAL C COL name VAL No Popular Name COL cert VAL A10CE,COL make VAL B COL model VAL 707 COL series VAL 131 COL cert VAL 4A21,0,0.9999974014657338,0,6358,625,0,1,0,0,1
COL make VAL NAVION COL model VAL NAVION COL series VAL D COL name VAL No Popular Name COL cert VAL A-782,COL make VAL B COL model VAL 707 COL series VAL 131B COL cert VAL 4A21,0,0.9999973176663777,0,7104,626,0,1,0,0,1
COL make VAL FAIRCHILD HILLER COL model VAL FH227 COL series VAL C COL name VAL No Popular Name COL cert VAL 7A1,COL make VAL B COL model VAL 707 COL series VAL 138B COL cert VAL 4A21,0,0.999997332494001,0,5307,627,0,1,0,0,1
COL make VAL BEECH COL model VAL 95 COL series VAL B95A COL name VAL TRAVEL AIR COL cert VAL 3A16,COL make VAL B COL model VAL 707 COL series VAL 227 COL cert VAL 4A21,0,0.9999974090081645,0,1313,628,0,1,0,0,1
COL make VAL LEARJET COL model VAL 24 COL series VAL C COL name VAL No Popular Name COL cert VAL A10CE,COL make VAL B COL model VAL 707 COL series VAL 311C COL cert VAL 4A26,0,0.9999975090928814,0,25589,629,0,1,0,0,1
COL make VAL CESSNA COL model VAL 182 COL series VAL M COL name VAL SKYLANE COL cert VAL 3A13,COL make VAL B COL model VAL 707 COL series VAL 320C COL cert VAL 4A26,0,0.9999973026804501,0,3719,630,0,1,0,0,1
COL make VAL CESSNA COL model VAL 150 COL series VAL J COL name VAL No Popular Name COL cert VAL 3A19,COL make VAL B COL model VAL 707 COL series VAL 321 COL cert VAL 4A26,0,0.9999973810877281,0,3660,631,0,1,0,0,1
COL make VAL BOEING COL model VAL 737 COL series VAL 401 COL name VAL No Popular Name COL cert VAL A16WE,COL make VAL B COL model VAL 707 COL series VAL 321B COL cert VAL 4A26,0,0.9999972243687231,0,2126,632,0,1,0,0,1
COL make VAL BOEING COL model VAL 737 COL series VAL 7ET COL name VAL No Popular Name COL cert VAL A16WE,COL make VAL B COL model VAL 707 COL series VAL 321C COL cert VAL 4A26,0,0.999997328356918,0,2291,633,0,1,0,0,1
COL make VAL SCHWEIZER COL model VAL SGS1 35 COL series VAL A COL name VAL No Popular Name COL cert VAL G4EA,COL make VAL B COL model VAL 707 COL series VAL 323B COL cert VAL 4A26,0,0.9999972528860226,0,8295,634,0,1,0,0,1
COL make VAL BOEING COL model VAL 777 COL series VAL FHT COL name VAL No Popular Name COL cert VAL T00001SE,COL make VAL B COL model VAL 707 COL series VAL 323C COL cert VAL 4A26,0,0.9999974016565444,0,9866,635,0,1,0,0,1
COL make VAL MAULE COL model VAL M5 COL series VAL 210TC COL name VAL LUNAR ROCKET COL cert VAL 3A23,COL make VAL B COL model VAL 707 COL series VAL 324C COL cert VAL 4A26,0,0.9999974874643517,0,6728,636,0,1,0,0,1
COL make VAL CESSNA COL model VAL 310 COL series VAL E COL name VAL BLUE CANOE COL cert VAL 3A10,COL make VAL B COL model VAL 707 COL series VAL 327C COL cert VAL 4A26,0,0.9999974294533042,0,3774,637,0,1,0,0,1
COL make VAL CESSNA COL model VAL 210 COL series VAL F COL name VAL CENTURION COL cert VAL 3A21,COL make VAL B COL model VAL 707 COL series VAL 328 COL cert VAL 4A26,0,0.9999973621239358,0,3754,638,0,1,0,0,1
COL make VAL BOEING COL model VAL 737 COL series VAL 75T COL name VAL No Popular Name COL cert VAL A16WE,COL make VAL B COL model VAL 707 COL series VAL 328C COL cert VAL 4A26,0,0.9999973785027036,0,2229,639,0,1,0,0,1
COL make VAL FLEET COL model VAL 16 COL series VAL B COL name VAL FINCH II COL cert VAL NOT CERTIFICATED,COL make VAL B COL model VAL 707 COL series VAL 329C COL cert VAL 4A26,0,0.9999972468629558,0,5228,640,0,1,0,0,1
COL make VAL BOEING COL model VAL 737 COL series VAL 3Y9 COL name VAL No Popular Name COL cert VAL A16WE,COL make VAL B COL model VAL 707 COL series VAL 330B COL cert VAL 4A26,0,0.9999974033199664,0,2121,641,0,1,0,0,1
COL make VAL BOEING COL model VAL 737 COL series VAL 8DC COL name VAL No Popular Name COL cert VAL A16WE,COL make VAL B COL model VAL 707 COL series VAL 330C COL cert VAL 4A26,0,0.9999972474523372,0,2377,642,0,1,0,0,1
COL make VAL BELL COL model VAL UH1 COL series VAL F COL name VAL IROQUOIS COL cert VAL H7NE,COL make VAL B COL model VAL 707 COL series VAL 331 COL cert VAL 4A26,0,0.9999975833537351,0,21392,643,0,1,0,0,1
COL make VAL AIR TRACTOR COL model VAL AT502 COL series VAL A COL name VAL No Popular Name COL cert VAL A17SW,COL make VAL B COL model VAL 707 COL series VAL 331B COL cert VAL 4A26,0,0.9999974387153466,0,366,644,0,1,0,0,1
COL make VAL CESSNA COL model VAL 320 COL series VAL E COL name VAL EXECUTIVE SKYKNIGHT COL cert VAL 3A25,COL make VAL B COL model VAL 707 COL series VAL 331C COL cert VAL 4A26,0,0.9999974423754454,0,3798,645,0,1,0,0,1
COL make VAL CESSNA COL model VAL 182 COL series VAL A COL name VAL SKYLANE COL cert VAL 3A13,COL make VAL B COL model VAL 707 COL series VAL 336C COL cert VAL 4A26,0,0.9999973807180597,0,3708,646,0,1,0,0,1
COL make VAL LOCKHEED COL model VAL 14 COL series VAL H COL name VAL SUPER ELECTRA COL cert VAL ATC 657,COL make VAL B COL model VAL 707 COL series VAL 338C COL cert VAL 4A26,0,0.9999974187771584,0,6524,647,0,1,0,0,1
COL make VAL BOEING COL model VAL 777 COL series VAL FFX COL name VAL No Popular Name COL cert VAL T00001SE,COL make VAL B COL model VAL 707 COL series VAL 341C COL cert VAL 4A26,0,0.9999975560829033,0,9865,648,0,1,0,0,1
COL make VAL BOEING COL model VAL 737 COL series VAL 705 COL name VAL No Popular Name COL cert VAL A16WE,COL make VAL B COL model VAL 707 COL series VAL 344B COL cert VAL 4A26,0,0.9999976648754424,0,2204,649,0,1,0,0,1
COL make VAL BEECH COL model VAL AT7 COL series VAL AT7 COL name VAL NAVIGATOR COL cert VAL A-757,COL make VAL B COL model VAL 707 COL series VAL 347C COL cert VAL 4A26,0,0.9999972270026017,0,1327,650,0,1,0,0,1
COL make VAL STINSON COL model VAL SR7 COL series VAL C COL name VAL RELIANT COL cert VAL ATC 594,COL make VAL B COL model VAL 707 COL series VAL 348C COL cert VAL 4A26,0,0.9999971663875571,0,22195,651,0,1,0,0,1
COL make VAL BEECH COL model VAL RU21 COL series VAL A COL name VAL UTE COL cert VAL 3A20,COL make VAL B COL model VAL 707 COL series VAL 349C COL cert VAL 4A26,0,0.9999971754596078,0,1398,652,0,1,0,0,1
COL make VAL MCKINNON COL model VAL G21 COL series VAL E COL name VAL TURBO GOOSE COL cert VAL 4A24,COL make VAL B COL model VAL 707 COL series VAL 351C COL cert VAL 4A26,0,0.9999975515711791,0,6841,653,0,1,0,0,1
COL make VAL BOEING COL model VAL S307 COL series VAL S307 COL name VAL STRATOLINER COL cert VAL TC 719,COL make VAL B COL model VAL 707 COL series VAL 355C COL cert VAL 4A26,0,0.9999973224456978,0,2933,654,0,1,0,0,1
COL make VAL PIPER COL model VAL PA60 COL series VAL 700P COL name VAL AEROSTAR 700P COL cert VAL A17WE,COL make VAL B COL model VAL 707 COL series VAL 372C COL cert VAL 4A26,0,0.9999974319807399,0,7642,655,0,1,0,0,1
COL make VAL LEARJET COL model VAL 35 COL series VAL A COL name VAL No Popular Name COL cert VAL A10CE,COL make VAL B COL model VAL 707 COL series VAL 359B COL cert VAL 4A26,0,0.9999974844554024,0,6351,656,0,1,0,0,1
COL make VAL BOEING COL model VAL 737 COL series VAL 89L COL name VAL No Popular Name COL cert VAL A16WE,COL make VAL B COL model VAL 707 COL series VAL 345C COL cert VAL 4A26,0,0.9999974284234857,0,2362,657,0,1,0,0,1
COL make VAL BOEING COL model VAL 377 COL series VAL MGT1 COL name VAL MINI GUPPY TURBINE COL cert VAL NOT CERTIFICATED,COL make VAL B COL model VAL 707 COL series VAL 369C COL cert VAL 4A26,0,0.9999973538142014,0,1595,658,0,1,0,0,1
COL make VAL BOEING COL model VAL 737 COL series VAL 2V6 COL name VAL No Popular Name COL cert VAL A16WE,COL make VAL B COL model VAL 707 COL series VAL 373C COL cert VAL 4A26,0,0.9999974278716273,0,2049,659,0,1,0,0,1
COL make VAL CESSNA COL model VAL 501 COL series VAL 501 COL name VAL CITATION I SP COL cert VAL A27CE,COL make VAL B COL model VAL 707 COL series VAL 384C COL cert VAL 4A26,0,0.9999971433311632,0,3838,660,0,1,0,0,1
COL make VAL GRUMMAN COL model VAL G164 COL series VAL B34T COL name VAL SUPER AG-CAT COL cert VAL 1A16,COL make VAL B COL model VAL 707 COL series VAL 385C COL cert VAL 4A26,0,0.9999972901239333,0,5550,661,0,1,0,0,1
COL make VAL BOEING COL model VAL 777 COL series VAL F16 COL name VAL No Popular Name COL cert VAL T00001SE,COL make VAL B COL model VAL 707 COL series VAL 399C COL cert VAL 4A26,0,0.9999974895708688,0,10231,662,0,1,0,0,1
COL make VAL MAULE COL model VAL M5 COL series VAL 180C COL name VAL LUNAR ROCKET COL cert VAL 3A23,COL make VAL B COL model VAL 707 COL series VAL 3J6B COL cert VAL 4A26,0,0.9999975276509524,0,6725,663,0,1,0,0,1
COL make VAL WACO COL model VAL YKC COL series VAL S COL name VAL No Popular Name COL cert VAL A-533,COL make VAL B COL model VAL 707 COL series VAL 3K1C COL cert VAL 4A26,0,0.9999973974865003,0,9540,664,0,1,0,0,1
COL make VAL BELL COL model VAL OH58 COL series VAL C COL name VAL KIOWA COL cert VAL R00006DE,COL make VAL B COL model VAL 707 COL series VAL 3L6B COL cert VAL 4A26,0,0.9999974384955009,0,21379,666,0,1,0,0,1
COL make VAL CESSNA COL model VAL 310 COL series VAL N COL name VAL No Popular Name COL cert VAL 3A10,COL make VAL B COL model VAL 707 COL series VAL 3L6C COL cert VAL 4A26,0,0.9999975531409618,0,3783,667,0,1,0,0,1
COL make VAL STEARMAN COL model VAL N2S COL series VAL 5 COL name VAL KAYDET COL cert VAL A-743,COL make VAL B COL model VAL 707 COL series VAL 3M1C COL cert VAL 4A26,0,0.9999971744075281,0,8738,668,0,1,0,0,1
COL make VAL AIR TRACTOR COL model VAL AT602 COL series VAL AT602 COL name VAL No Popular Name COL cert VAL A19SW,COL make VAL B COL model VAL 707 COL series VAL 430 COL cert VAL 4A26,0,0.9999973348791359,0,371,670,0,1,0,0,1
COL make VAL BOEING COL model VAL 737 COL series VAL 4Y0 COL name VAL No Popular Name COL cert VAL A16WE,COL make VAL B COL model VAL 707 COL series VAL 436 COL cert VAL 4A26,0,0.9999975274540672,0,2166,671,0,1,0,0,1
COL make VAL PIPER COL model VAL PA18S COL series VAL 105 SPECIAL COL name VAL SUPER CUB COL cert VAL 1A2,COL make VAL B COL model VAL 717 COL series VAL 200 COL cert VAL A6WE,0,0.9999974598419334,0,7512,672,0,1,0,0,1
COL make VAL LEARJET COL model VAL 29 COL series VAL 29 COL name VAL LONGHORN COL cert VAL A10CE,COL make VAL B COL model VAL 720 COL series VAL B COL cert VAL 4A28,0,0.9999972883013667,0,10920,673,0,1,0,0,1
COL make VAL PIPER COL model VAL J3F COL series VAL 60 COL name VAL CUB COL cert VAL A-692,COL make VAL B COL model VAL 720 COL series VAL 022 COL cert VAL 4A28,0,0.9999971883825343,0,7458,674,0,1,0,0,1
COL make VAL SLINGSBY COL model VAL T43 COL series VAL F COL name VAL SKYLARK 3 COL cert VAL NOT IDENTIFIED,COL make VAL B COL model VAL 720 COL series VAL 024B COL cert VAL 4A28,0,0.999997118877082,0,8569,675,0,1,0,0,1
COL make VAL WACO COL model VAL ZGC COL series VAL 7 COL name VAL No Popular Name COL cert VAL ATC 627,COL make VAL B COL model VAL 720 COL series VAL 025 COL cert VAL 4A28,0,0.9999972234195966,0,9551,676,0,1,0,0,1
COL make VAL AYRES COL model VAL S2R COL series VAL R1340 COL name VAL THRUSH 400 COL cert VAL A3SW,COL make VAL B COL model VAL 720 COL series VAL 030B COL cert VAL 4A28,0,0.9999970846916145,0,862,677,0,1,0,0,1
COL make VAL PIPER COL model VAL PA34 COL series VAL 200 COL name VAL SENECA COL cert VAL A7SO,COL make VAL B COL model VAL 720 COL series VAL 040B COL cert VAL 4A28,0,0.9999974867058606,0,7611,678,0,1,0,0,1
COL make VAL BOEING COL model VAL 737 COL series VAL 8KN COL name VAL No Popular Name COL cert VAL A16WE,COL make VAL B COL model VAL 720 COL series VAL 048 COL cert VAL 4A28,0,0.9999973665440305,0,2409,679,0,1,0,0,1
COL make VAL MAULE COL model VAL M4 COL series VAL 210 COL name VAL ROCKET COL cert VAL 3A23,COL make VAL B COL model VAL 720 COL series VAL 051B COL cert VAL 4A28,0,0.999997446496698,0,6713,680,0,1,0,0,1
COL make VAL BOEING COL model VAL 737 COL series VAL 210C COL name VAL No Popular Name COL cert VAL A16WE,COL make VAL B COL model VAL 720 COL series VAL 058B COL cert VAL 4A28,0,0.9999971043025526,0,1922,681,0,1,0,0,1
COL make VAL MAULE COL model VAL M5 COL series VAL 180C COL name VAL LUNAR ROCKET COL cert VAL 3A23,COL make VAL B COL model VAL 720 COL series VAL 059B COL cert VAL 4A28,0,0.9999974354193476,0,6725,682,0,1,0,0,1
COL make VAL VULCANAIR COL model VAL V1 COL series VAL 0 COL name VAL No Popular Name COL cert VAL EASA.A.613,COL make VAL B COL model VAL 720 COL series VAL 060B COL cert VAL 4A28,0,0.999996977531203,0,11068,683,0,1,0,0,1
COL make VAL BEECH COL model VAL 55 COL series VAL 95 55 COL name VAL BARON COL cert VAL 3A16,COL make VAL B COL model VAL 720 COL series VAL 062 COL cert VAL 4A28,0,0.9999975309202501,0,1263,684,0,1,0,0,1
COL make VAL LEARJET COL model VAL 55 COL series VAL 55 COL name VAL No Popular Name COL cert VAL A10CE,COL make VAL B COL model VAL 720 COL series VAL 068B COL cert VAL 4A28,0,0.9999973728477544,0,6359,685,0,1,0,0,1
COL make VAL LOCKHEED COL model VAL 382 COL series VAL B COL name VAL L100 COL cert VAL A1SO,COL make VAL B COL model VAL 727 COL series VAL 108C COL cert VAL A3WE,0,0.9999973622446849,0,6539,686,0,1,0,0,1
COL make VAL BOEING COL model VAL 737 COL series VAL 242 COL name VAL No Popular Name COL cert VAL A16WE,COL make VAL B COL model VAL 727 COL series VAL 11 COL cert VAL A3WE,0,0.9999970151559368,0,1937,687,0,1,0,0,1
COL make VAL PIPER COL model VAL PA18 COL series VAL 150 COL name VAL SUPER CUB COL cert VAL 1A2,COL make VAL B COL model VAL 727 COL series VAL 116 COL cert VAL A3WE,0,0.9999973130450925,0,7505,688,0,1,0,0,1
COL make VAL BOEING COL model VAL 777 COL series VAL 223 COL name VAL No Popular Name COL cert VAL T00001SE,COL make VAL B COL model VAL 727 COL series VAL 116C COL cert VAL A3WE,0,0.9999973483462434,0,2817,689,0,1,0,0,1
COL make VAL SHINN COL model VAL 2150 COL series VAL A COL name VAL KACHINA COL cert VAL 4A19,COL make VAL B COL model VAL 727 COL series VAL 123 COL cert VAL A3WE,0,0.9999970693265463,0,8372,691,0,1,0,0,1
COL make VAL AEROSTAR COL model VAL M20C COL series VAL M20C COL name VAL RANGER COL cert VAL 2A3,COL make VAL B COL model VAL 727 COL series VAL 134C COL cert VAL A3WE,0,0.9999972781164451,0,263,692,0,1,0,0,1
COL make VAL BELLANCA COL model VAL 17 31 COL series VAL TC COL name VAL TURBO SUPER VIKING COL cert VAL 1A3,COL make VAL B COL model VAL 727 COL series VAL 14 COL cert VAL A3WE,0,0.9999973446870655,0,1533,693,0,1,0,0,1
COL make VAL HAWKER COL model VAL 4000 COL series VAL 4000 COL name VAL HORIZON COL cert VAL T00013WI,COL make VAL B COL model VAL 727 COL series VAL 151C COL cert VAL A3WE,0,0.9999973761315863,0,5668,694,0,1,0,0,1
COL make VAL KAMAN COL model VAL HH43 COL series VAL F COL name VAL HUSKIE COL cert VAL H1NW,COL make VAL B COL model VAL 727 COL series VAL 162 COL cert VAL A3WE,0,0.9999971063936671,0,6160,695,0,1,0,0,1
COL make VAL BOEING COL model VAL 737 COL series VAL 230 COL name VAL No Popular Name COL cert VAL A16WE,COL make VAL B COL model VAL 727 COL series VAL 172C COL cert VAL A3WE,0,0.9999971043370717,0,1932,696,0,1,0,0,1
COL make VAL CESSNA COL model VAL 401 COL series VAL B COL name VAL No Popular Name COL cert VAL A7CE,COL make VAL B COL model VAL 727 COL series VAL 173C COL cert VAL A3WE,0,0.9999973292676264,0,3816,697,0,1,0,0,1
COL make VAL BOEING COL model VAL 777 COL series VAL F COL name VAL No Popular Name COL cert VAL T00001SE,COL make VAL B COL model VAL 727 COL series VAL 180C COL cert VAL A3WE,0,0.9999969047961255,0,11572,698,0,1,0,0,1
COL make VAL MONOCOUPE COL model VAL 90AF COL series VAL 100 COL name VAL No Popular Name COL cert VAL A-306,COL make VAL B COL model VAL 727 COL series VAL 185C COL cert VAL A3WE,0,0.9999973080230832,0,7016,699,0,1,0,0,1
COL make VAL MAULE COL model VAL M7 COL series VAL 420AC COL name VAL No Popular Name COL cert VAL 3A23,COL make VAL B COL model VAL 727 COL series VAL 191 COL cert VAL A3WE,0,0.9999970614385248,0,6740,700,0,1,0,0,1
COL make VAL AERONCA COL model VAL PC3 COL series VAL PC3 COL name VAL COLLEGIAN COL cert VAL A-396,COL make VAL B COL model VAL 727 COL series VAL 1A7C COL cert VAL A3WE,0,0.9999976638653051,0,176,701,0,1,0,0,1
COL make VAL BELL COL model VAL 214 COL series VAL ST COL name VAL SUPER TRANSPORT COL cert VAL H10SW,COL make VAL B COL model VAL 727 COL series VAL 1H2 COL cert VAL A3WE,0,0.9999973577606783,0,1430,702,0,1,0,0,1
COL make VAL CESSNA COL model VAL 182 COL series VAL P COL name VAL SKYLANE COL cert VAL 3A13,COL make VAL B COL model VAL 727 COL series VAL 212 COL cert VAL A3WE,0,0.9999970591817087,0,3721,703,0,1,0,0,1
COL make VAL CESSNA COL model VAL 172 COL series VAL H COL name VAL SKYHAWK COL cert VAL 3A12,COL make VAL B COL model VAL 727 COL series VAL 214 COL cert VAL A3WE,0,0.9999970262638456,0,3677,704,0,1,0,0,1
COL make VAL CENTRAIR COL model VAL 101 COL series VAL 101 COL name VAL CLUB COL cert VAL 171,COL make VAL B COL model VAL 727 COL series VAL 21C COL cert VAL A3WE,0,0.9999971723615202,0,3642,705,0,1,0,0,1
COL make VAL AIR TRACTOR COL model VAL AT502 COL series VAL B COL name VAL No Popular Name COL cert VAL A17SW,COL make VAL B COL model VAL 727 COL series VAL 221 COL cert VAL A3WE,0,0.9999974867478054,0,367,706,0,1,0,0,1
COL make VAL PIPER COL model VAL PA18S COL series VAL 135 COL name VAL SUPER CUB COL cert VAL 1A2,COL make VAL B COL model VAL 727 COL series VAL 222 COL cert VAL A3WE,0,0.9999972744968163,0,7514,707,0,1,0,0,1
COL make VAL MOONEY COL model VAL M20S COL series VAL M20S COL name VAL EAGLE COL cert VAL 2A3,COL make VAL B COL model VAL 727 COL series VAL 223 COL cert VAL A3WE,0,0.999997141427589,0,7039,708,0,1,0,0,1
COL make VAL PIPER COL model VAL PA30 COL series VAL PA30 COL name VAL TWIN COMANCHE COL cert VAL A1EA,COL make VAL B COL model VAL 727 COL series VAL 224 COL cert VAL A3WE,0,0.9999967139502538,0,7582,709,0,1,0,0,1
COL make VAL AEROSTAR INTERNATIONAL COL model VAL S55A COL series VAL S55A COL name VAL No Popular Name COL cert VAL A15CE,COL make VAL B COL model VAL 727 COL series VAL 227 COL cert VAL A3WE,0,0.9999971652672176,0,298,710,0,1,0,0,1
COL make VAL CESSNA COL model VAL T337 COL series VAL G COL name VAL No Popular Name COL cert VAL A6CE,COL make VAL B COL model VAL 727 COL series VAL 228 COL cert VAL A3WE,0,0.9999975099099223,0,3984,711,0,1,0,0,1
COL make VAL CESSNA COL model VAL T337 COL series VAL G COL name VAL No Popular Name COL cert VAL A6CE,COL make VAL B COL model VAL 727 COL series VAL 230 COL cert VAL A3WE,0,0.9999975692727124,0,3984,712,0,1,0,0,1
COL make VAL SNOW COL model VAL 600S2C COL series VAL 600S2C COL name VAL No Popular Name COL cert VAL 2A7,COL make VAL B COL model VAL 727 COL series VAL 231 COL cert VAL A3WE,0,0.9999970424597479,0,8596,713,0,1,0,0,1
COL make VAL SIKORSKY COL model VAL S58 COL series VAL DT COL name VAL No Popular Name COL cert VAL 1H11,COL make VAL B COL model VAL 727 COL series VAL 232 COL cert VAL A3WE,0,0.9999971202135012,0,8473,714,0,1,0,0,1
COL make VAL PIPER COL model VAL PA32RT COL series VAL 300 COL name VAL LANCE II COL cert VAL A3SO,COL make VAL B COL model VAL 727 COL series VAL 233 COL cert VAL A3WE,0,0.9999973411508924,0,7608,715,0,1,0,0,1
COL make VAL SIKORSKY COL model VAL UH19 COL series VAL D COL name VAL CHICKASAW COL cert VAL HR1SO,COL make VAL B COL model VAL 727 COL series VAL 235 COL cert VAL A3WE,0,0.9999972631614377,0,21358,716,0,1,0,0,1
COL make VAL CESSNA COL model VAL T210 COL series VAL N COL name VAL TURBO CENTURION COL cert VAL 3A21,COL make VAL B COL model VAL 727 COL series VAL 243 COL cert VAL A3WE,0,0.9999974350867017,0,3973,717,0,1,0,0,1
COL make VAL AYRES COL model VAL S2R COL series VAL R3S COL name VAL No Popular Name COL cert VAL A3SW,COL make VAL B COL model VAL 727 COL series VAL 247 COL cert VAL A3WE,0,0.9999973958280335,0,864,718,0,1,0,0,1
COL make VAL MOONEY COL model VAL M20A COL series VAL M20A COL name VAL MARK 20A COL cert VAL 2A3,COL make VAL B COL model VAL 727 COL series VAL 24C COL cert VAL A3WE,0,0.9999973695836442,0,7026,719,0,1,0,0,1
COL make VAL AERO COMMANDER COL model VAL 680 COL series VAL V COL name VAL TURBO COMMANDER COL cert VAL 2A4,COL make VAL B COL model VAL 727 COL series VAL 251 COL cert VAL A3WE,0,0.9999973031164294,0,7985,720,0,1,0,0,1
COL make VAL STINSON COL model VAL SR8 COL series VAL E COL name VAL RELIANT COL cert VAL ATC 609,COL make VAL B COL model VAL 727 COL series VAL 254 COL cert VAL A3WE,0,0.9999968589459299,0,22207,721,0,1,0,0,1
COL make VAL BOEING COL model VAL 777 COL series VAL FFX COL name VAL No Popular Name COL cert VAL T00001SE,COL make VAL B COL model VAL 727 COL series VAL 256 COL cert VAL A3WE,0,0.9999973714706538,0,9865,722,0,1,0,0,1
COL make VAL CESSNA COL model VAL A150 COL series VAL L COL name VAL AEROBAT COL cert VAL 3A19,COL make VAL B COL model VAL 727 COL series VAL 259 COL cert VAL A3WE,0,0.9999974689341372,0,3857,723,0,1,0,0,1
COL make VAL VERTOL COL model VAL CH47 COL series VAL D COL name VAL CHINOOK COL cert VAL R00051SE,COL make VAL B COL model VAL 727 COL series VAL 25C COL cert VAL A3WE,0,0.9999974366724976,0,11076,724,0,1,0,0,1
COL make VAL SWEARINGEN COL model VAL SA227 COL series VAL DC COL name VAL METRO 23 COL cert VAL A18SW,COL make VAL B COL model VAL 727 COL series VAL 260 COL cert VAL A3WE,0,0.9999972936815138,0,8902,725,0,1,0,0,1
COL make VAL THRUSH COL model VAL S2R COL series VAL H80 COL name VAL THRUSH 510G COL cert VAL A4SW,COL make VAL B COL model VAL 727 COL series VAL 264 COL cert VAL A3WE,0,0.9999972617803753,0,11519,726,0,1,0,0,1
COL make VAL CESSNA COL model VAL FR172 COL series VAL G COL name VAL REIMS ROCKET COL cert VAL A18EU,COL make VAL B COL model VAL 727 COL series VAL 269 COL cert VAL A3WE,0,0.9999975201559258,0,3915,727,0,1,0,0,1
COL make VAL WEATHERLY COL model VAL 201 COL series VAL C COL name VAL No Popular Name COL cert VAL A10WE,COL make VAL B COL model VAL 727 COL series VAL 270 COL cert VAL A3WE,0,0.999997382821725,0,9587,728,0,1,0,0,1
COL make VAL NORTH AMERICAN COL model VAL SNJ COL series VAL 3 COL name VAL TEXAN COL cert VAL A-2-575,COL make VAL B COL model VAL 727 COL series VAL 276 COL cert VAL A3WE,0,0.9999968966132492,0,7227,729,0,1,0,0,1
COL make VAL BOEING COL model VAL 707 COL series VAL 321 COL name VAL No Popular Name COL cert VAL 4A26,COL make VAL B COL model VAL 727 COL series VAL 277 COL cert VAL A3WE,0,0.9999970704177514,0,1612,730,0,1,0,0,1
COL make VAL SIKORSKY COL model VAL S58 COL series VAL D COL name VAL No Popular Name COL cert VAL 1H11,COL make VAL B COL model VAL 727 COL series VAL 27C COL cert VAL A3WE,0,0.9999970706091246,0,8472,731,0,1,0,0,1
COL make VAL AIR TRACTOR COL model VAL AT402 COL series VAL B COL name VAL No Popular Name COL cert VAL A17SW,COL make VAL B COL model VAL 727 COL series VAL 281 COL cert VAL A3WE,0,0.9999973629124796,0,363,732,0,1,0,0,1
COL make VAL BRITTEN NORMAN COL model VAL BN2A COL series VAL 21 COL name VAL ISLANDER COL cert VAL UK.TC.A.00042,COL make VAL B COL model VAL 727 COL series VAL 282 COL cert VAL A3WE,0,0.9999970368429929,0,3033,733,0,1,0,0,1
COL make VAL SCHLEICHER COL model VAL KA6 COL series VAL E COL name VAL RHONSEGLER COL cert VAL 205/SP,COL make VAL B COL model VAL 727 COL series VAL 284 COL cert VAL A3WE,0,0.9999965150581064,0,8272,734,0,1,0,0,1
COL make VAL CESSNA COL model VAL 337 COL series VAL B COL name VAL No Popular Name COL cert VAL A6CE,COL make VAL B COL model VAL 727 COL series VAL 41 COL cert VAL A3WE,0,0.9999974982572561,0,3805,735,0,1,0,0,1
COL make VAL AEROSTAR INTERNATIONAL COL model VAL S77A COL series VAL S77A COL name VAL No Popular Name COL cert VAL A15CE,COL make VAL B COL model VAL 727 COL series VAL 287 COL cert VAL A3WE,0,0.9999971945923991,0,306,736,0,1,0,0,1
COL make VAL BOEING COL model VAL 707 COL series VAL 331B COL name VAL No Popular Name COL cert VAL 4A26,COL make VAL B COL model VAL 727 COL series VAL 29 COL cert VAL A3WE,0,0.9999971979306953,0,1627,737,0,1,0,0,1
COL make VAL VERTOL COL model VAL H21 COL series VAL B COL name VAL WORKHORSE COL cert VAL 1H12,COL make VAL B COL model VAL 727 COL series VAL 290 COL cert VAL A3WE,0,0.9999971788354685,0,9343,738,0,1,0,0,1
COL make VAL PIPER COL model VAL PA34 COL series VAL 200T COL name VAL SENECA II COL cert VAL A7SO,COL make VAL B COL model VAL 727 COL series VAL 291 COL cert VAL A3WE,0,0.9999974368093901,0,7612,739,0,1,0,0,1
COL make VAL WEATHERLY COL model VAL 201 COL series VAL C COL name VAL No Popular Name COL cert VAL A10WE,COL make VAL B COL model VAL 727 COL series VAL 294 COL cert VAL A3WE,0,0.9999972110979238,0,9587,740,0,1,0,0,1
COL make VAL CESSNA COL model VAL T210 COL series VAL R COL name VAL TURBO CENTURION COL cert VAL 3A21,COL make VAL B COL model VAL 727 COL series VAL 295 COL cert VAL A3WE,0,0.9999974132399234,0,3974,741,0,1,0,0,1
COL make VAL IAI COL model VAL 1123 COL series VAL 1123 COL name VAL WESTWIND COL cert VAL A2IL,COL make VAL B COL model VAL 727 COL series VAL 29C COL cert VAL A3WE,0,0.9999973443122591,0,5910,742,0,1,0,0,1
COL make VAL BEECH COL model VAL AT7 COL series VAL AT7 COL name VAL NAVIGATOR COL cert VAL A-757,COL make VAL B COL model VAL 727 COL series VAL 193 COL cert VAL A3WE,0,0.999997003033504,0,1327,743,0,1,0,0,1
COL make VAL NATIONAL BALLOONING COL model VAL 755 COL series VAL 12 COL name VAL No Popular Name COL cert VAL A33CE,COL make VAL B COL model VAL 727 COL series VAL 2A1 COL cert VAL A3WE,0,0.9999974004048697,0,7098,744,0,1,0,0,1
COL make VAL AERO COMMANDER COL model VAL 500 COL series VAL U COL name VAL SHRIKE COMMANDER COL cert VAL 6A1,COL make VAL B COL model VAL 727 COL series VAL 2A7 COL cert VAL A3WE,0,0.9999973041552938,0,81,745,0,1,0,0,1
COL make VAL MONOCOUPE COL model VAL 90AF COL series VAL 100 COL name VAL No Popular Name COL cert VAL A-306,COL make VAL B COL model VAL 727 COL series VAL 2B6 COL cert VAL A3WE,0,0.9999974609971923,0,7016,746,0,1,0,0,1
COL make VAL CESSNA COL model VAL 310 COL series VAL A COL name VAL BLUE CANOE COL cert VAL 3A10,COL make VAL B COL model VAL 727 COL series VAL 2D3 COL cert VAL A3WE,0,0.9999973059530741,0,3770,747,0,1,0,0,1
COL make VAL DORNIER COL model VAL DO27 COL series VAL Q6 COL name VAL No Popular Name COL cert VAL 514/SA,COL make VAL B COL model VAL 727 COL series VAL 2D4 COL cert VAL A3WE,0,0.9999971916626038,0,4681,748,0,1,0,0,1
COL make VAL EMBRAER COL model VAL EMB135 COL series VAL BJ COL name VAL LEGACY 600 COL cert VAL EA-9606,COL make VAL B COL model VAL 727 COL series VAL 2D6 COL cert VAL A3WE,0,0.999997378478953,0,4906,749,0,1,0,0,1
COL make VAL NORTH AMERICAN COL model VAL NA260 COL series VAL NA260 COL name VAL NOMAD COL cert VAL 1A18,COL make VAL B COL model VAL 727 COL series VAL 2F9 COL cert VAL A3WE,0,0.9999972589390452,0,21389,750,0,1,0,0,1
COL make VAL GULFSTREAM COL model VAL GVI COL series VAL GVI COL name VAL No Popular Name COL cert VAL T00015AT,COL make VAL B COL model VAL 727 COL series VAL 208 COL cert VAL A3WE,0,0.9999970698910616,0,10257,751,0,1,0,0,1
COL make VAL DOUGLAS COL model VAL R4D COL series VAL 1 COL name VAL SKYTRAIN COL cert VAL A-669,COL make VAL B COL model VAL 727 COL series VAL 2H3 COL cert VAL A3WE,0,0.9999971755983291,0,10819,752,0,1,0,0,1
COL make VAL KODIAK COL model VAL KODIAK 200 COL series VAL KODIAK 200 COL name VAL KODIAK 900 COL cert VAL A00007SE,COL make VAL B COL model VAL 727 COL series VAL 2J0 COL cert VAL A3WE,0,0.999997410335963,0,23020,753,0,1,0,0,1
COL make VAL KODIAK COL model VAL KODIAK 200 COL series VAL KODIAK 200 COL name VAL KODIAK 900 COL cert VAL A00007SE,COL make VAL B COL model VAL 727 COL series VAL 2J4 COL cert VAL A3WE,0,0.9999974105224178,0,23020,754,0,1,0,0,1
COL make VAL CESSNA COL model VAL 337 COL series VAL 337 COL name VAL SUPER SKYMASTER COL cert VAL A6CE,COL make VAL B COL model VAL 727 COL series VAL 2J7 COL cert VAL A3WE,0,0.9999973280549782,0,3812,755,0,1,0,0,1
COL make VAL HUGHES COL model VAL 269C COL series VAL 1 COL name VAL 300C COL cert VAL 4H12,COL make VAL B COL model VAL 727 COL series VAL 2L4 COL cert VAL A3WE,0,0.9999971229146623,0,5876,756,0,1,0,0,1
COL make VAL KAMAN COL model VAL HH43 COL series VAL F COL name VAL HUSKIE COL cert VAL H1NW,COL make VAL B COL model VAL 727 COL series VAL 2L5 COL cert VAL A3WE,0,0.9999970079525768,0,6160,757,0,1,0,0,1
COL make VAL BOEING COL model VAL 707 COL series VAL 138B COL name VAL No Popular Name COL cert VAL 4A21,COL make VAL B COL model VAL 727 COL series VAL 2M1 COL cert VAL A3WE,0,0.9999972245791549,0,1603,758,0,1,0,0,1
COL make VAL PIPER COL model VAL PA20 COL series VAL 135 COL name VAL PACER COL cert VAL 1A4,COL make VAL B COL model VAL 727 COL series VAL 2M7 COL cert VAL A3WE,0,0.999997381319993,0,7520,759,0,1,0,0,1
COL make VAL PIPER COL model VAL PA22S COL series VAL 160 COL name VAL TRIPACER COL cert VAL 1A6,COL make VAL B COL model VAL 727 COL series VAL 2N6 COL cert VAL A3WE,0,0.9999974321080871,0,7532,760,0,1,0,0,1
COL make VAL FAIRCHILD COL model VAL PILGRIM 100 COL series VAL A COL name VAL No Popular Name COL cert VAL ATC 443,COL make VAL B COL model VAL 727 COL series VAL 63 COL cert VAL A3WE,0,0.9999973188607285,0,21439,761,0,1,0,0,1
COL make VAL CESSNA COL model VAL 414 COL series VAL 414 COL name VAL No Popular Name COL cert VAL A7CE,COL make VAL B COL model VAL 727 COL series VAL 2Q4 COL cert VAL A3WE,0,0.9999976614501208,0,3829,762,0,1,0,0,1
COL make VAL BOEING COL model VAL 777 COL series VAL 267 COL name VAL No Popular Name COL cert VAL T00001SE,COL make VAL B COL model VAL 727 COL series VAL 2Q6 COL cert VAL A3WE,0,0.9999971988965486,0,2833,763,0,1,0,0,1
COL make VAL STEARMAN COL model VAL PT13 COL series VAL D COL name VAL KAYDET COL cert VAL A-743,COL make VAL B COL model VAL 727 COL series VAL 2Q8 COL cert VAL A3WE,0,0.9999973780088977,0,8742,764,0,1,0,0,1
COL make VAL MORANE SAULNIER COL model VAL MS760 COL series VAL A COL name VAL PARIS IA COL cert VAL 3,COL make VAL B COL model VAL 727 COL series VAL 2Q9 COL cert VAL A3WE,0,0.9999974629674272,0,7042,765,0,1,0,0,1
COL make VAL MORANE SAULNIER COL model VAL MS760 COL series VAL B COL name VAL PARIS II COL cert VAL 3,COL make VAL B COL model VAL 727 COL series VAL 2S2F COL cert VAL A3WE,0,0.999997475524888,0,7044,766,0,1,0,0,1
COL make VAL SCHWEIZER COL model VAL SGS2 33 COL series VAL AK COL name VAL No Popular Name COL cert VAL G2EA,COL make VAL B COL model VAL 727 COL series VAL 2S7 COL cert VAL A3WE,0,0.9999975025516601,0,8301,768,0,1,0,0,1
COL make VAL MONOCOUPE COL model VAL 90AF COL series VAL 100 COL name VAL No Popular Name COL cert VAL A-306,COL make VAL B COL model VAL 727 COL series VAL 2T3 COL cert VAL A3WE,0,0.9999973874538095,0,7016,769,0,1,0,0,1
COL make VAL CESSNA COL model VAL 510 COL series VAL 510 COL name VAL CITATION MUSTANG COL cert VAL A00014WI,COL make VAL B COL model VAL 727 COL series VAL 2U5 COL cert VAL A3WE,0,0.999997356069332,0,3839,770,0,1,0,0,1
COL make VAL PIPER COL model VAL PA18S COL series VAL 105 SPECIAL COL name VAL SUPER CUB COL cert VAL 1A2,COL make VAL B COL model VAL 727 COL series VAL 2X3 COL cert VAL A3WE,0,0.9999972898939181,0,7512,771,0,1,0,0,1
COL make VAL AMERICAN BLIMP COL model VAL A60 COL series VAL PLUS COL name VAL LIGHTSHIP COL cert VAL AS1NM,COL make VAL B COL model VAL 727 COL series VAL 2X8 COL cert VAL A3WE,0,0.9999972344514736,0,542,772,0,1,0,0,1
COL make VAL AIR TRACTOR COL model VAL AT502 COL series VAL AT502 COL name VAL No Popular Name COL cert VAL A17SW,COL make VAL B COL model VAL 727 COL series VAL 2Y4 COL cert VAL A3WE,0,0.9999971136931131,0,368,773,0,1,0,0,1
COL make VAL CESSNA COL model VAL 401 COL series VAL B COL name VAL No Popular Name COL cert VAL A7CE,COL make VAL B COL model VAL 727 COL series VAL 171C COL cert VAL A3WE,0,0.9999973980932648,0,3816,774,0,1,0,0,1
COL make VAL HELIO COL model VAL HT295 COL series VAL HT295 COL name VAL No Popular Name COL cert VAL 1A8,COL make VAL B COL model VAL 727 COL series VAL 30C COL cert VAL A3WE,0,0.9999976715245179,0,5758,775,0,1,0,0,1
COL make VAL NORTH AMERICAN COL model VAL SNJ COL series VAL 3 COL name VAL TEXAN COL cert VAL A-2-575,COL make VAL B COL model VAL 727 COL series VAL 31C COL cert VAL A3WE,0,0.9999974179585335,0,7227,776,0,1,0,0,1
COL make VAL NORTH AMERICAN COL model VAL NA265 COL series VAL 40 COL name VAL SABRELINER 40 COL cert VAL A2WE,COL make VAL B COL model VAL 727 COL series VAL 44 COL cert VAL A3WE,0,0.9999974033286337,0,7206,777,0,1,0,0,1
COL make VAL SCHWEIZER COL model VAL SGU22 2 COL series VAL SGU22 2 COL name VAL No Popular Name COL cert VAL G-18,COL make VAL B COL model VAL 727 COL series VAL 46 COL cert VAL A3WE,0,0.9999970523249562,0,8313,778,0,1,0,0,1
COL make VAL VERTOL COL model VAL H21 COL series VAL B COL name VAL WORKHORSE COL cert VAL 1H12,COL make VAL B COL model VAL 727 COL series VAL 61 COL cert VAL A3WE,0,0.9999973472965806,0,9343,779,0,1,0,0,1
COL make VAL BEECH COL model VAL 24 COL series VAL B24R COL name VAL SIERRA 200 COL cert VAL A1CE,COL make VAL B COL model VAL 727 COL series VAL 62C COL cert VAL A3WE,0,0.9999974664225332,0,1193,780,0,1,0,0,1
COL make VAL ERCOUPE COL model VAL 415 COL series VAL CD COL name VAL No Popular Name COL cert VAL A-718,COL make VAL B COL model VAL 727 COL series VAL 76 COL cert VAL A3WE,0,0.9999971978211307,0,4993,781,0,1,0,0,1
COL make VAL PIPER COL model VAL PA32RT COL series VAL 300 COL name VAL LANCE II COL cert VAL A3SO,COL make VAL B COL model VAL 727 COL series VAL 77C COL cert VAL A3WE,0,0.9999975005656854,0,7608,782,0,1,0,0,1
COL make VAL BELL COL model VAL 206 COL series VAL L COL name VAL LONG RANGER COL cert VAL H-92,COL make VAL B COL model VAL 727 COL series VAL 81 COL cert VAL A3WE,0,0.9999971239941428,0,1418,783,0,1,0,0,1
COL make VAL BOEING COL model VAL 707 COL series VAL 131B COL name VAL No Popular Name COL cert VAL 4A21,COL make VAL B COL model VAL 727 COL series VAL 82 COL cert VAL A3WE,0,0.9999974178600347,0,1602,784,0,1,0,0,1
COL make VAL BOEING COL model VAL 777 COL series VAL 268 COL name VAL No Popular Name COL cert VAL T00001SE,COL make VAL B COL model VAL 727 COL series VAL 89 COL cert VAL A3WE,0,0.9999974216999302,0,2834,785,0,1,0,0,1
COL make VAL SCHWEIZER COL model VAL SGS1 26 COL series VAL A COL name VAL No Popular Name COL cert VAL 1G10,COL make VAL B COL model VAL 727 COL series VAL 90C COL cert VAL A3WE,0,0.9999975653507758,0,8287,786,0,1,0,0,1
COL make VAL MORANE SAULNIER COL model VAL MS760 COL series VAL A COL name VAL PARIS IA COL cert VAL 3,COL make VAL B COL model VAL 727 COL series VAL 92C COL cert VAL A3WE,0,0.9999975166272655,0,7042,787,0,1,0,0,1
COL make VAL DART COL model VAL DART GC COL series VAL DART GC COL name VAL No Popular Name COL cert VAL TC 674,COL make VAL B COL model VAL 737 COL series VAL 112 COL cert VAL A16WE,0,0.9999972040434798,0,18387,788,0,1,0,0,1
COL make VAL FAIRCHILD HILLER COL model VAL FH227 COL series VAL FH227 COL name VAL No Popular Name COL cert VAL 7A1,COL make VAL B COL model VAL 737 COL series VAL 130 COL cert VAL A16WE,0,0.9999966921752172,0,5310,789,0,1,0,0,1
COL make VAL CESSNA COL model VAL 310 COL series VAL N COL name VAL No Popular Name COL cert VAL 3A10,COL make VAL B COL model VAL 737 COL series VAL 201 COL cert VAL A16WE,0,0.9999971827943971,0,3783,790,0,1,0,0,1
COL make VAL MAULE COL model VAL M4 COL series VAL 210 COL name VAL ROCKET COL cert VAL 3A23,COL make VAL B COL model VAL 737 COL series VAL 202C COL cert VAL A16WE,0,0.9999972055309487,0,6713,791,0,1,0,0,1
COL make VAL CESSNA COL model VAL 320 COL series VAL B COL name VAL No Popular Name COL cert VAL 3A25,COL make VAL B COL model VAL 737 COL series VAL 204 COL cert VAL A16WE,0,0.9999972205782217,0,3795,792,0,1,0,0,1
COL make VAL MAULE COL model VAL M4 COL series VAL M4 COL name VAL JETASEN COL cert VAL 3A23,COL make VAL B COL model VAL 737 COL series VAL 204C COL cert VAL A16WE,0,0.9999972390381046,0,6724,793,0,1,0,0,1
COL make VAL AEROSTAR COL model VAL M20F COL series VAL M20F COL name VAL EXECUTIVE COL cert VAL 2A3,COL make VAL B COL model VAL 737 COL series VAL 205 COL cert VAL A16WE,0,0.9999972202190346,0,265,794,0,1,0,0,1
COL make VAL CESSNA COL model VAL 182 COL series VAL S COL name VAL SKYLANE COL cert VAL 3A13,COL make VAL B COL model VAL 737 COL series VAL 210C COL cert VAL A16WE,0,0.9999972783487578,0,3724,795,0,1,0,0,1
COL make VAL PIPER COL model VAL J4 COL series VAL B COL name VAL CUB COUPE COL cert VAL TC 708,COL make VAL B COL model VAL 737 COL series VAL 212 COL cert VAL A16WE,0,0.9999971469467752,0,7470,796,0,1,0,0,1
COL make VAL LOCKHEED COL model VAL C121 COL series VAL C COL name VAL SUPER CONSTELLATION COL cert VAL 6A5,COL make VAL B COL model VAL 737 COL series VAL 214 COL cert VAL A16WE,0,0.9999967859497589,0,21908,797,0,1,0,0,1
COL make VAL PIPER COL model VAL PA36 COL series VAL 285 COL name VAL PAWNEE BRAVE COL cert VAL A9SO,COL make VAL B COL model VAL 737 COL series VAL 217 COL cert VAL A16WE,0,0.999997515331455,0,7617,798,0,1,0,0,1
COL make VAL EVANGEL COL model VAL 4500 COL series VAL 300 SERIES II COL name VAL No Popular Name COL cert VAL A17CE,COL make VAL B COL model VAL 737 COL series VAL 219 COL cert VAL A16WE,0,0.9999975219609136,0,5029,799,0,1,0,0,1
COL make VAL CESSNA COL model VAL TP206 COL series VAL A COL name VAL TURBO SUPER SKYLANE COL cert VAL A4CE,COL make VAL B COL model VAL 737 COL series VAL 222 COL cert VAL A16WE,0,0.9999972919362362,0,3994,800,0,1,0,0,1
COL make VAL CESSNA COL model VAL 150 COL series VAL B COL name VAL No Popular Name COL cert VAL 3A19,COL make VAL B COL model VAL 737 COL series VAL 228 COL cert VAL A16WE,0,0.9999973199382566,0,3653,801,0,1,0,0,1
COL make VAL BEECH COL model VAL 35 COL series VAL P35 COL name VAL BONANZA COL cert VAL 3A15,COL make VAL B COL model VAL 737 COL series VAL 229 COL cert VAL A16WE,0,0.9999972160087148,0,1223,802,0,1,0,0,1
COL make VAL AERO COMMANDER COL model VAL 560 COL series VAL F COL name VAL COMMANDER 560F COL cert VAL 2A4,COL make VAL B COL model VAL 737 COL series VAL 230 COL cert VAL A16WE,0,0.9999973089497054,0,86,803,0,1,0,0,1
COL make VAL BELL COL model VAL UH1 COL series VAL L COL name VAL IROQUOIS COL cert VAL H7SO,COL make VAL B COL model VAL 737 COL series VAL 236 COL cert VAL A16WE,0,0.9999972725401899,0,12562,804,0,1,0,0,1
COL make VAL DOUGLAS COL model VAL DC8 COL series VAL 61 COL name VAL SUPER 60 COL cert VAL 4A25,COL make VAL B COL model VAL 737 COL series VAL 241 COL cert VAL A16WE,0,0.9999975043278111,0,4772,805,0,1,0,0,1
COL make VAL MOONEY COL model VAL M20V COL series VAL M20V COL name VAL ACCLAIM ULTRA COL cert VAL 2A3,COL make VAL B COL model VAL 737 COL series VAL 242 COL cert VAL A16WE,0,0.9999975219739115,0,11867,806,0,1,0,0,1
COL make VAL BEECH COL model VAL T34 COL series VAL B COL name VAL MENTOR COL cert VAL 5A3,COL make VAL B COL model VAL 737 COL series VAL 244 COL cert VAL A16WE,0,0.9999973734890691,0,1389,807,0,1,0,0,1
COL make VAL CESSNA COL model VAL R172 COL series VAL J COL name VAL No Popular Name COL cert VAL 3A17,COL make VAL B COL model VAL 737 COL series VAL 248 COL cert VAL A16WE,0,0.9999974594724786,0,3956,808,0,1,0,0,1
COL make VAL EVANGEL COL model VAL 4500 COL series VAL 300 COL name VAL No Popular Name COL cert VAL A17CE,COL make VAL B COL model VAL 737 COL series VAL 248C COL cert VAL A16WE,0,0.9999976757498161,0,5028,809,0,1,0,0,1
COL make VAL GULFSTREAM COL model VAL GIV COL series VAL GIV COL name VAL G300 COL cert VAL A12EA,COL make VAL B COL model VAL 737 COL series VAL 25A COL cert VAL A16WE,0,0.9999972501259403,0,5611,810,0,1,0,0,1
COL make VAL CESSNA COL model VAL 150 COL series VAL F COL name VAL No Popular Name COL cert VAL 3A19,COL make VAL B COL model VAL 737 COL series VAL 266 COL cert VAL A16WE,0,0.9999976247672504,0,3657,811,0,1,0,0,1
COL make VAL CAMAIR COL model VAL 480 COL series VAL 480 COL name VAL TWIN NAVION COL cert VAL 2A2,COL make VAL B COL model VAL 737 COL series VAL 268 COL cert VAL A16WE,0,0.9999975381233223,0,16648,812,0,1,0,0,1
COL make VAL MOONEY COL model VAL M20B COL series VAL M20B COL name VAL MARK 21 COL cert VAL 2A3,COL make VAL B COL model VAL 737 COL series VAL 275C COL cert VAL A16WE,0,0.9999977186584117,0,7027,813,0,1,0,0,1
COL make VAL AEROCAR COL model VAL I COL series VAL I COL name VAL No Popular Name COL cert VAL 4A16,COL make VAL B COL model VAL 737 COL series VAL 277 COL cert VAL A16WE,0,0.99999726535039,0,122,814,0,1,0,0,1
COL make VAL PIPER COL model VAL J4 COL series VAL B COL name VAL CUB COUPE COL cert VAL TC 708,COL make VAL B COL model VAL 737 COL series VAL 281 COL cert VAL A16WE,0,0.9999974936148776,0,7470,815,0,1,0,0,1
COL make VAL AERO COMMANDER COL model VAL 680 COL series VAL F COL name VAL COMMANDER 680F COL cert VAL 2A4,COL make VAL B COL model VAL 737 COL series VAL 282 COL cert VAL A16WE,0,0.9999974111668802,0,89,816,0,1,0,0,1
COL make VAL PIPER COL model VAL PA18S COL series VAL 105 SPECIAL COL name VAL SUPER CUB COL cert VAL 1A2,COL make VAL B COL model VAL 737 COL series VAL 282C COL cert VAL A16WE,0,0.9999975908059531,0,7512,817,0,1,0,0,1
COL make VAL AIR TRACTOR COL model VAL AT400 COL series VAL A COL name VAL No Popular Name COL cert VAL A9SW,COL make VAL B COL model VAL 737 COL series VAL 284 COL cert VAL A16WE,0,0.9999966545320038,0,357,818,0,1,0,0,1
COL make VAL SCHWEIZER COL model VAL SGS1 35 COL series VAL SGS1 35 COL name VAL No Popular Name COL cert VAL G4EA,COL make VAL B COL model VAL 737 COL series VAL 291 COL cert VAL A16WE,0,0.9999974568229453,0,8297,819,0,1,0,0,1
COL make VAL PIPER COL model VAL PA36 COL series VAL 285 COL name VAL PAWNEE BRAVE COL cert VAL A9SO,COL make VAL B COL model VAL 737 COL series VAL 293 COL cert VAL A16WE,0,0.999997462090208,0,7617,820,0,1,0,0,1
COL make VAL AIR TRACTOR COL model VAL AT502 COL series VAL B COL name VAL No Popular Name COL cert VAL A17SW,COL make VAL B COL model VAL 737 COL series VAL 296 COL cert VAL A16WE,0,0.9999972571831335,0,367,821,0,1,0,0,1
COL make VAL CESSNA COL model VAL 172 COL series VAL F COL name VAL SKYHAWK COL cert VAL 3A12,COL make VAL B COL model VAL 737 COL series VAL 297 COL cert VAL A16WE,0,0.9999969347322856,0,3675,822,0,1,0,0,1
COL make VAL DOUGLAS COL model VAL DC8 COL series VAL 63 COL name VAL SUPER 60 COL cert VAL 4A25,COL make VAL B COL model VAL 737 COL series VAL 298C COL cert VAL A16WE,0,0.9999974950749065,0,4780,823,0,1,0,0,1
COL make VAL CESSNA COL model VAL 552 COL series VAL 552 COL name VAL CITATION II COL cert VAL A22CE,COL make VAL B COL model VAL 737 COL series VAL 2A1 COL cert VAL A16WE,0,0.999996822002128,0,3846,824,0,1,0,0,1
COL make VAL BELL COL model VAL 206 COL series VAL L4 COL name VAL LONG RANGER IV COL cert VAL H-92,COL make VAL B COL model VAL 737 COL series VAL 2A6 COL cert VAL A16WE,0,0.9999973142671142,0,1422,825,0,1,0,0,1
COL make VAL BEECH COL model VAL 35 COL series VAL M35 COL name VAL BONANZA COL cert VAL 3A15,COL make VAL B COL model VAL 737 COL series VAL 2A8 COL cert VAL A16WE,0,0.9999969823266609,0,1221,826,0,1,0,0,1
COL make VAL CESSNA COL model VAL FR172 COL series VAL G COL name VAL REIMS ROCKET COL cert VAL A18EU,COL make VAL B COL model VAL 737 COL series VAL 2B1C COL cert VAL A16WE,0,0.9999971885527953,0,3915,827,0,1,0,0,1
COL make VAL EUROCOPTER COL model VAL AS365 COL series VAL N3 COL name VAL DAUPHIN 2 COL cert VAL EASA.R.105,COL make VAL B COL model VAL 737 COL series VAL 2C0 COL cert VAL A16WE,0,0.9999968194567816,0,220,828,0,1,0,0,1
COL make VAL CESSNA COL model VAL T210 COL series VAL N COL name VAL TURBO CENTURION COL cert VAL 3A21,COL make VAL B COL model VAL 737 COL series VAL 2E3 COL cert VAL A16WE,0,0.9999972189568729,0,3973,829,0,1,0,0,1
COL make VAL CESSNA COL model VAL 310 COL series VAL 310 COL name VAL No Popular Name COL cert VAL 3A10,COL make VAL B COL model VAL 737 COL series VAL 2H4 COL cert VAL A16WE,0,0.9999970835918195,0,3787,830,0,1,0,0,1
COL make VAL MURRAYAIR COL model VAL MA1 COL series VAL NO SERIES EXIST COL name VAL No Popular Name COL cert VAL A6PC,COL make VAL B COL model VAL 737 COL series VAL 2H4C COL cert VAL A16WE,0,0.9999969482211265,0,23812,831,0,1,0,0,1
COL make VAL PIPER COL model VAL PA28RT COL series VAL 201 COL name VAL ARROW IV COL cert VAL 2A13,COL make VAL B COL model VAL 737 COL series VAL 2H5 COL cert VAL A16WE,0,0.9999974253069998,0,7578,832,0,1,0,0,1
COL make VAL HUGHES COL model VAL 369 COL series VAL E COL name VAL 500E COL cert VAL H3WE,COL make VAL B COL model VAL 737 COL series VAL 2H7C COL cert VAL A16WE,0,0.9999970151103914,0,5884,833,0,1,0,0,1
COL make VAL MAULE COL model VAL MX7 COL series VAL 180 COL name VAL STAR ROCKET COL cert VAL 3A23,COL make VAL B COL model VAL 737 COL series VAL 2J8 COL cert VAL A16WE,0,0.999997270104472,0,6747,834,0,1,0,0,1
COL make VAL SWEARINGEN COL model VAL SA227 COL series VAL CC COL name VAL METRO 23 COL cert VAL A18SW,COL make VAL B COL model VAL 737 COL series VAL 2K2 COL cert VAL A16WE,0,0.9999970069066118,0,8901,835,0,1,0,0,1
COL make VAL LOCKHEED COL model VAL 10 COL series VAL A COL name VAL ELECTRA COL cert VAL TC 551,COL make VAL B COL model VAL 737 COL series VAL 159 COL cert VAL A16WE,0,0.9999975900809571,0,6506,836,0,1,0,0,1
COL make VAL CESSNA COL model VAL 310 COL series VAL J COL name VAL No Popular Name COL cert VAL 3A10,COL make VAL B COL model VAL 737 COL series VAL 2K6 COL cert VAL A16WE,0,0.9999967718283452,0,3779,837,0,1,0,0,1
COL make VAL BEECH COL model VAL JU21 COL series VAL A COL name VAL UTE COL cert VAL 3A20,COL make VAL B COL model VAL 737 COL series VAL 2K9 COL cert VAL A16WE,0,0.9999971101028826,0,1397,838,0,1,0,0,1
COL make VAL GRUMMAN COL model VAL G21 COL series VAL G21 COL name VAL GOOSE COL cert VAL TC 654,COL make VAL B COL model VAL 737 COL series VAL 2L9 COL cert VAL A16WE,0,0.9999972578356848,0,5557,839,0,1,0,0,1
COL make VAL BEECH COL model VAL 23 COL series VAL A23A COL name VAL MUSKETEER CUSTOM III COL cert VAL A1CE,COL make VAL B COL model VAL 737 COL series VAL 2M6C COL cert VAL A16WE,0,0.9999967129786288,0,1186,840,0,1,0,0,1
COL make VAL EMBRAER COL model VAL ERJ190 COL series VAL 100IGW COL name VAL 190AR COL cert VAL EA-2005T13,COL make VAL B COL model VAL 737 COL series VAL 2M8 COL cert VAL A16WE,0,0.9999971018285335,0,4947,841,0,1,0,0,1
COL make VAL MOONEY COL model VAL M20B COL series VAL M20B COL name VAL MARK 21 COL cert VAL 2A3,COL make VAL B COL model VAL 737 COL series VAL 2N7 COL cert VAL A16WE,0,0.9999973743981649,0,7027,842,0,1,0,0,1
COL make VAL HUGHES COL model VAL 369 COL series VAL E COL name VAL 500E COL cert VAL H3WE,COL make VAL B COL model VAL 737 COL series VAL 2N8 COL cert VAL A16WE,0,0.9999969662991256,0,5884,843,0,1,0,0,1
COL make VAL DASSAULT COL model VAL FANJET FALCON COL series VAL E COL name VAL No Popular Name COL cert VAL 103,COL make VAL B COL model VAL 737 COL series VAL 2P6 COL cert VAL A16WE,0,0.999997056057156,0,4433,844,0,1,0,0,1
COL make VAL BEECH COL model VAL 55 COL series VAL 95B55 COL name VAL BARON COL cert VAL 3A16,COL make VAL B COL model VAL 737 COL series VAL 2Q3 COL cert VAL A16WE,0,0.9999973773799417,0,1265,845,0,1,0,0,1
COL make VAL CESSNA COL model VAL 680 COL series VAL A COL name VAL LATITUDE COL cert VAL T00012WI,COL make VAL B COL model VAL 737 COL series VAL 2Q8 COL cert VAL A16WE,0,0.9999971910626158,0,11056,846,0,1,0,0,1
COL make VAL STINSON COL model VAL SR10 COL series VAL E COL name VAL RELIANT COL cert VAL TC 679,COL make VAL B COL model VAL 737 COL series VAL 2Q8C COL cert VAL A16WE,0,0.999997564094327,0,22189,847,0,1,0,0,1
COL make VAL BEECH COL model VAL 55 COL series VAL 95B55 COL name VAL BARON COL cert VAL 3A16,COL make VAL B COL model VAL 737 COL series VAL 2Q9 COL cert VAL A16WE,0,0.9999973658394737,0,1265,848,0,1,0,0,1
COL make VAL BOEING COL model VAL 777 COL series VAL 200LR COL name VAL No Popular Name COL cert VAL T00001SE,COL make VAL B COL model VAL 737 COL series VAL 2R4C COL cert VAL A16WE,0,0.9999972028206567,0,11592,849,0,1,0,0,1
COL make VAL CESSNA COL model VAL 172 COL series VAL Q COL name VAL CUTLASS COL cert VAL 3A12,COL make VAL B COL model VAL 737 COL series VAL 2S3C COL cert VAL A16WE,0,0.9999971321737567,0,3684,850,0,1,0,0,1
COL make VAL PIPER COL model VAL PA34 COL series VAL 200T COL name VAL SENECA II COL cert VAL A7SO,COL make VAL B COL model VAL 737 COL series VAL 2S2C COL cert VAL A16WE,0,0.9999970814076852,0,7612,851,0,1,0,0,1
COL make VAL PIPER COL model VAL PA22 COL series VAL 108 COL name VAL COLT COL cert VAL 1A6,COL make VAL B COL model VAL 737 COL series VAL 2S3 COL cert VAL A16WE,0,0.9999969912635736,0,7525,852,0,1,0,0,1
COL make VAL DART COL model VAL DART GW COL series VAL DART GW COL name VAL No Popular Name COL cert VAL TC 674,COL make VAL B COL model VAL 737 COL series VAL 2S5C COL cert VAL A16WE,0,0.9999969998736151,0,18389,853,0,1,0,0,1
COL make VAL SHINN COL model VAL 2150 COL series VAL A COL name VAL KACHINA COL cert VAL 4A19,COL make VAL B COL model VAL 737 COL series VAL 2S9 COL cert VAL A16WE,0,0.9999971692276389,0,8372,854,0,1,0,0,1
COL make VAL MORANE SAULNIER COL model VAL MS893 COL series VAL E COL name VAL RALLYE COMMODORE COL cert VAL EASA.A.379,COL make VAL B COL model VAL 737 COL series VAL 230C COL cert VAL A16WE,0,0.9999969403047907,0,7071,855,0,1,0,0,1
COL make VAL CONVAIR COL model VAL 30 COL series VAL 30 COL name VAL 990 COL cert VAL 4A30,COL make VAL B COL model VAL 737 COL series VAL 2T2 COL cert VAL A16WE,0,0.9999973254979524,0,4339,856,0,1,0,0,1
COL make VAL CESSNA COL model VAL T303 COL series VAL T303 COL name VAL CRUSADER COL cert VAL A34CE,COL make VAL B COL model VAL 737 COL series VAL 2T5 COL cert VAL A16WE,0,0.999997125557094,0,3975,857,0,1,0,0,1
COL make VAL BOEING COL model VAL 707 COL series VAL 338C COL name VAL No Popular Name COL cert VAL 4A26,COL make VAL B COL model VAL 737 COL series VAL 2T7 COL cert VAL A16WE,0,0.9999971849724597,0,1633,858,0,1,0,0,1
COL make VAL BELL COL model VAL 206 COL series VAL L COL name VAL LONG RANGER COL cert VAL H-92,COL make VAL B COL model VAL 737 COL series VAL 2A9 COL cert VAL A16WE,0,0.9999968547073889,0,1418,859,0,1,0,0,1
COL make VAL SCHWEIZER COL model VAL SGS2 33 COL series VAL A COL name VAL No Popular Name COL cert VAL G2EA,COL make VAL B COL model VAL 737 COL series VAL 2U4 COL cert VAL A16WE,0,0.9999973151749443,0,8300,860,0,1,0,0,1
COL make VAL BOEING COL model VAL 777 COL series VAL 268 COL name VAL No Popular Name COL cert VAL T00001SE,COL make VAL B COL model VAL 737 COL series VAL 2U9 COL cert VAL A16WE,0,0.9999973024978065,0,2834,861,0,1,0,0,1
COL make VAL CESSNA COL model VAL T337 COL series VAL C COL name VAL No Popular Name COL cert VAL A6CE,COL make VAL B COL model VAL 737 COL series VAL 2V5 COL cert VAL A16WE,0,0.9999969778352852,0,3980,862,0,1,0,0,1
COL make VAL LEARJET COL model VAL 31 COL series VAL 31 COL name VAL No Popular Name COL cert VAL A10CE,COL make VAL B COL model VAL 737 COL series VAL 2A9C COL cert VAL A16WE,0,0.9999969067112556,0,6350,863,0,1,0,0,1
COL make VAL MOONEY COL model VAL M20B COL series VAL M20B COL name VAL MARK 21 COL cert VAL 2A3,COL make VAL B COL model VAL 737 COL series VAL 2V6 COL cert VAL A16WE,0,0.9999972488812935,0,7027,864,0,1,0,0,1
COL make VAL SCHLEICHER COL model VAL ASW24 COL series VAL ASW24 COL name VAL No Popular Name COL cert VAL 366/SP,COL make VAL B COL model VAL 737 COL series VAL 2E7 COL cert VAL A16WE,0,0.9999973170395784,0,8250,865,0,1,0,0,1
COL make VAL PIPER COL model VAL PA36 COL series VAL 285 COL name VAL PAWNEE BRAVE COL cert VAL A9SO,COL make VAL B COL model VAL 737 COL series VAL 2X2 COL cert VAL A16WE,0,0.9999974463688466,0,7617,866,0,1,0,0,1
COL make VAL CESSNA COL model VAL 310 COL series VAL A COL name VAL BLUE CANOE COL cert VAL 3A10,COL make VAL B COL model VAL 737 COL series VAL 2Y5 COL cert VAL A16WE,0,0.9999973679651292,0,3770,867,0,1,0,0,1
COL make VAL CESSNA COL model VAL 310 COL series VAL R COL name VAL No Popular Name COL cert VAL 3A10,COL make VAL B COL model VAL 737 COL series VAL 2Z6 COL cert VAL A16WE,0,0.9999973458491356,0,3786,868,0,1,0,0,1
COL make VAL SCHWEIZER COL model VAL SGS2 33 COL series VAL AK COL name VAL No Popular Name COL cert VAL G2EA,COL make VAL B COL model VAL 737 COL series VAL 317 COL cert VAL A16WE,0,0.9999971827245423,0,8301,869,0,1,0,0,1
COL make VAL BEECH COL model VAL 99 COL series VAL B99 COL name VAL AIRLINER COL cert VAL A14CE,COL make VAL B COL model VAL 737 COL series VAL 322 COL cert VAL A16WE,0,0.9999976378184156,0,1320,870,0,1,0,0,1
COL make VAL AERO COMMANDER COL model VAL 680 COL series VAL W COL name VAL TURBO COMMANDER COL cert VAL 2A4,COL make VAL B COL model VAL 737 COL series VAL 329 COL cert VAL A16WE,0,0.9999974827503323,0,7986,871,0,1,0,0,1
COL make VAL GRUMMAN COL model VAL G164 COL series VAL B COL name VAL SUPER AG-CAT COL cert VAL 1A16,COL make VAL B COL model VAL 737 COL series VAL 332 COL cert VAL A16WE,0,0.9999973525685154,0,5545,872,0,1,0,0,1
COL make VAL STEARMAN COL model VAL PT13 COL series VAL B COL name VAL KAYDET COL cert VAL A-743,COL make VAL B COL model VAL 737 COL series VAL 33R COL cert VAL A16WE,0,0.9999972203502558,0,8740,873,0,1,0,0,1
COL make VAL CESSNA COL model VAL 182 COL series VAL M COL name VAL SKYLANE COL cert VAL 3A13,COL make VAL B COL model VAL 737 COL series VAL 347 COL cert VAL A16WE,0,0.9999974172825106,0,3719,874,0,1,0,0,1
COL make VAL BEECH COL model VAL 99 COL series VAL C99 COL name VAL AIRLINER COL cert VAL A14CE,COL make VAL B COL model VAL 737 COL series VAL 34S COL cert VAL A16WE,0,0.9999975681075797,0,1321,875,0,1,0,0,1
COL make VAL CESSNA COL model VAL 172 COL series VAL Q COL name VAL CUTLASS COL cert VAL 3A12,COL make VAL B COL model VAL 737 COL series VAL 35B COL cert VAL A16WE,0,0.9999972468603301,0,3684,876,0,1,0,0,1
COL make VAL PILATUS COL model VAL PC6 COL series VAL H2 COL name VAL PORTER COL cert VAL F56-10,COL make VAL B COL model VAL 737 COL series VAL 36Q COL cert VAL A16WE,0,0.9999973061470446,0,11251,877,0,1,0,0,1
COL make VAL CESSNA COL model VAL TR182 COL series VAL TR182 COL name VAL TURBO SKYLANE RG COL cert VAL 3A13,COL make VAL B COL model VAL 737 COL series VAL 375 COL cert VAL A16WE,0,0.9999975871511787,0,3999,878,0,1,0,0,1
COL make VAL AVIAT COL model VAL A1 COL series VAL A COL name VAL HUSKY COL cert VAL A22NM,COL make VAL B COL model VAL 737 COL series VAL 377 COL cert VAL A16WE,0,0.9999972494453234,0,740,879,0,1,0,0,1
COL make VAL HELIO COL model VAL H800 COL series VAL H800 COL name VAL No Popular Name COL cert VAL 1A8,COL make VAL B COL model VAL 737 COL series VAL 37Q COL cert VAL A16WE,0,0.999997409142828,0,5755,880,0,1,0,0,1
COL make VAL CESSNA COL model VAL 310 COL series VAL B COL name VAL No Popular Name COL cert VAL 3A10,COL make VAL B COL model VAL 737 COL series VAL 382 COL cert VAL A16WE,0,0.9999976032598562,0,3771,881,0,1,0,0,1
COL make VAL BOEING COL model VAL 767 COL series VAL 231 COL name VAL No Popular Name COL cert VAL A1NM,COL make VAL B COL model VAL 737 COL series VAL 3A4 COL cert VAL A16WE,0,0.9999973751392331,0,2708,882,0,1,0,0,1
COL make VAL GRUMMAN COL model VAL G21 COL series VAL G21 COL name VAL GOOSE COL cert VAL TC 654,COL make VAL B COL model VAL 737 COL series VAL 3J6 COL cert VAL A16WE,0,0.9999975935821276,0,5557,883,0,1,0,0,1
COL make VAL CESSNA COL model VAL 320 COL series VAL E COL name VAL EXECUTIVE SKYKNIGHT COL cert VAL 3A25,COL make VAL B COL model VAL 737 COL series VAL 3K9 COL cert VAL A16WE,0,0.9999971071772731,0,3798,884,0,1,0,0,1
COL make VAL AEROSTAR COL model VAL M20F COL series VAL M20F COL name VAL EXECUTIVE COL cert VAL 2A3,COL make VAL B COL model VAL 737 COL series VAL 3Q4 COL cert VAL A16WE,0,0.9999972377660481,0,265,885,0,1,0,0,1
COL make VAL ERICKSON AIR CRANE COL model VAL S64 COL series VAL E COL name VAL SKYCRANE COL cert VAL H6EA,COL make VAL B COL model VAL 737 COL series VAL 3S1 COL cert VAL A16WE,0,0.9999972866600085,0,5007,886,0,1,0,0,1
COL make VAL SCHLEICHER COL model VAL ASW24 COL series VAL ASW24 COL name VAL No Popular Name COL cert VAL 366/SP,COL make VAL B COL model VAL 737 COL series VAL 3S3 COL cert VAL A16WE,0,0.999997305437893,0,8250,887,0,1,0,0,1
COL make VAL PIPER COL model VAL J5A COL series VAL 80 COL name VAL CUB CRUISER COL cert VAL A-725,COL make VAL B COL model VAL 737 COL series VAL 3T5 COL cert VAL A16WE,0,0.9999972044807391,0,7473,888,0,1,0,0,1
COL make VAL AEROCAR COL model VAL I COL series VAL I COL name VAL No Popular Name COL cert VAL 4A16,COL make VAL B COL model VAL 737 COL series VAL 33A COL cert VAL A16WE,0,0.9999969922877556,0,122,889,0,1,0,0,1
COL make VAL BELL COL model VAL HH1 COL series VAL K COL name VAL IROQUOIS COL cert VAL NOT CERTIFICATED,COL make VAL B COL model VAL 737 COL series VAL 3Y9 COL cert VAL A16WE,0,0.9999966923550232,0,23363,890,0,1,0,0,1
COL make VAL BEECH COL model VAL 33 COL series VAL 35B33 COL name VAL DEBONAIR COL cert VAL 3A15,COL make VAL B COL model VAL 737 COL series VAL 3Z0 COL cert VAL A16WE,0,0.9999973663895717,0,1201,891,0,1,0,0,1
COL make VAL CESSNA COL model VAL T210 COL series VAL G COL name VAL TURBO CENTURION COL cert VAL 3A21,COL make VAL B COL model VAL 737 COL series VAL 401 COL cert VAL A16WE,0,0.9999974743364967,0,3967,892,0,1,0,0,1
COL make VAL MITSUBISHI COL model VAL MU2B COL series VAL 36A COL name VAL MARQUISE COL cert VAL 25,COL make VAL B COL model VAL 737 COL series VAL 406 COL cert VAL A16WE,0,0.9999975298851461,0,11474,893,0,1,0,0,1
COL make VAL LOCKHEED COL model VAL 188 COL series VAL A COL name VAL ELECTRA COL cert VAL 4A22,COL make VAL B COL model VAL 737 COL series VAL 408 COL cert VAL A15WE,0,0.9999972988565051,0,6537,894,0,1,0,0,1
COL make VAL CESSNA COL model VAL R172 COL series VAL G COL name VAL No Popular Name COL cert VAL 3A17,COL make VAL B COL model VAL 737 COL series VAL 45R COL cert VAL A16WE,0,0.9999971864700746,0,3954,895,0,1,0,0,1
COL make VAL CESSNA COL model VAL F150 COL series VAL L COL name VAL No Popular Name COL cert VAL A13EU,COL make VAL B COL model VAL 737 COL series VAL 46B COL cert VAL A16WE,0,0.9999974229094016,0,3888,896,0,1,0,0,1
COL make VAL CESSNA COL model VAL A185 COL series VAL E COL name VAL SKYWAGON COL cert VAL 3A24,COL make VAL B COL model VAL 737 COL series VAL 46Q COL cert VAL A16WE,0,0.9999975022170023,0,3865,897,0,1,0,0,1
COL make VAL AERO COMMANDER COL model VAL 680 COL series VAL V COL name VAL TURBO COMMANDER COL cert VAL 2A4,COL make VAL B COL model VAL 737 COL series VAL 497 COL cert VAL A16WE,0,0.9999974008647132,0,7985,898,0,1,0,0,1
COL make VAL BOEING COL model VAL 707 COL series VAL 348C COL name VAL No Popular Name COL cert VAL 4A26,COL make VAL B COL model VAL 737 COL series VAL 49R COL cert VAL A16WE,0,0.9999973625943236,0,1641,899,0,1,0,0,1
COL make VAL PIPER COL model VAL PA11S COL series VAL PA11S COL name VAL CUB SPECIAL COL cert VAL A-691,COL make VAL B COL model VAL 737 COL series VAL 4B7 COL cert VAL A16WE,0,0.9999970910361742,0,7494,900,0,1,0,0,1
COL make VAL BELLANCA COL model VAL 17 30 COL series VAL A COL name VAL VIKING 300 COL cert VAL A18CE,COL make VAL B COL model VAL 737 COL series VAL 4S3 COL cert VAL A16WE,0,0.9999974702396696,0,1529,901,0,1,0,0,1
COL make VAL PIPER COL model VAL PA28 COL series VAL 180 COL name VAL CHEROKEE 180 COL cert VAL 2A13,COL make VAL B COL model VAL 737 COL series VAL 522 COL cert VAL A16WE,0,0.9999972452477449,0,7562,902,0,1,0,0,1
COL make VAL FOKKER COL model VAL F27 COL series VAL 100 COL name VAL FRIENDSHIP COL cert VAL EASA.A.036,COL make VAL B COL model VAL 737 COL series VAL 2E1 COL cert VAL A16WE,0,0.9999958975049323,0,5279,903,0,1,0,0,1
COL make VAL BOEING COL model VAL 707 COL series VAL 384C COL name VAL No Popular Name COL cert VAL 4A26,COL make VAL B COL model VAL 737 COL series VAL 524 COL cert VAL A16WE,0,0.9999973504784347,0,1661,904,0,1,0,0,1
COL make VAL BOEING COL model VAL 767 COL series VAL 316BCF COL name VAL No Popular Name COL cert VAL A1NM,COL make VAL B COL model VAL 737 COL series VAL 53S COL cert VAL A16WE,0,0.9999971388884262,0,15230,905,0,1,0,0,1
COL make VAL CESSNA COL model VAL 320 COL series VAL E COL name VAL EXECUTIVE SKYKNIGHT COL cert VAL 3A25,COL make VAL B COL model VAL 737 COL series VAL 54K COL cert VAL A16WE,0,0.9999970370111279,0,3798,906,0,1,0,0,1
COL make VAL AERO COMMANDER COL model VAL 695 COL series VAL 695 COL name VAL JETPROP 980 COL cert VAL 2A4,COL make VAL B COL model VAL 737 COL series VAL 55S COL cert VAL A16WE,0,0.9999975853015634,0,98,907,0,1,0,0,1
COL make VAL LOCKHEED COL model VAL 1329 COL series VAL 23D COL name VAL JETSTAR COL cert VAL 2A15,COL make VAL B COL model VAL 737 COL series VAL 5H4 COL cert VAL A16WE,0,0.9999971987536287,0,6520,908,0,1,0,0,1
COL make VAL CESSNA COL model VAL 210 COL series VAL M COL name VAL CENTURION COL cert VAL 3A21,COL make VAL B COL model VAL 737 COL series VAL 5L9 COL cert VAL A16WE,0,0.999997328702132,0,3760,909,0,1,0,0,1
COL make VAL CESSNA COL model VAL 182 COL series VAL T COL name VAL SKYLANE COL cert VAL 3A13,COL make VAL B COL model VAL 737 COL series VAL 5Q8 COL cert VAL A16WE,0,0.9999974776305901,0,3725,910,0,1,0,0,1
COL make VAL LEARJET COL model VAL 24 COL series VAL BA COL name VAL No Popular Name COL cert VAL A10CE,COL make VAL B COL model VAL 737 COL series VAL 683 COL cert VAL A16WE,0,0.9999972851600591,0,6340,911,0,1,0,0,1
COL make VAL CESSNA COL model VAL 310 COL series VAL P COL name VAL No Popular Name COL cert VAL 3A10,COL make VAL B COL model VAL 737 COL series VAL 705 COL cert VAL A16WE,0,0.9999972346281755,0,3784,912,0,1,0,0,1
COL make VAL PIPER COL model VAL PA28 COL series VAL 201T COL name VAL TURBO DAKOTA COL cert VAL 2A13,COL make VAL B COL model VAL 737 COL series VAL 71B COL cert VAL A16WE,0,0.9999973790389091,0,7568,913,0,1,0,0,1
COL make VAL HAWKER SIDDELEY COL model VAL HS125 COL series VAL 400B COL name VAL No Popular Name COL cert VAL A3EU,COL make VAL B COL model VAL 737 COL series VAL 71Q COL cert VAL A16WE,0,0.9999971709211483,0,5709,914,0,1,0,0,1
COL make VAL AYRES COL model VAL 600S2D COL series VAL 600S2D COL name VAL THRUSH 660 COL cert VAL A3SW,COL make VAL B COL model VAL 737 COL series VAL 724 COL cert VAL A16WE,0,0.9999970216006988,0,860,915,0,1,0,0,1
COL make VAL AYRES COL model VAL S2R COL series VAL T15 COL name VAL No Popular Name COL cert VAL A3SW,COL make VAL B COL model VAL 737 COL series VAL 72T COL cert VAL A16WE,0,0.9999969256685044,0,868,916,0,1,0,0,1
COL make VAL BEECH COL model VAL 80 COL series VAL 65A80 8800 COL name VAL No Popular Name COL cert VAL 3A20,COL make VAL B COL model VAL 737 COL series VAL 72U COL cert VAL A16WE,0,0.9999969450282101,0,1295,917,0,1,0,0,1
COL make VAL STINSON COL model VAL SR10 COL series VAL F COL name VAL RELIANT COL cert VAL TC 685,COL make VAL B COL model VAL 737 COL series VAL 73A COL cert VAL A16WE,0,0.9999971656186384,0,22380,918,0,1,0,0,1
COL make VAL LOCKHEED COL model VAL 382 COL series VAL E COL name VAL L100 20 COL cert VAL A1SO,COL make VAL B COL model VAL 737 COL series VAL 73Q COL cert VAL A16WE,0,0.9999975933881979,0,6540,919,0,1,0,0,1
COL make VAL DOUGLAS COL model VAL DC8 COL series VAL 61 COL name VAL SUPER 60 COL cert VAL 4A25,COL make VAL B COL model VAL 737 COL series VAL 73S COL cert VAL A16WE,0,0.9999973796987037,0,4772,920,0,1,0,0,1
COL make VAL CONVAIR COL model VAL 240 COL series VAL 23 COL name VAL No Popular Name COL cert VAL A-219,COL make VAL B COL model VAL 737 COL series VAL 73T COL cert VAL A16WE,0,0.9999967241584233,0,4332,921,0,1,0,0,1
COL make VAL SCHWEIZER COL model VAL SGS1 35 COL series VAL C COL name VAL No Popular Name COL cert VAL G4EA,COL make VAL B COL model VAL 737 COL series VAL 73V COL cert VAL A16WE,0,0.9999973159788027,0,8296,922,0,1,0,0,1
COL make VAL LOCKHEED COL model VAL R2O COL series VAL R2O COL name VAL No Popular Name COL cert VAL TC 551,COL make VAL B COL model VAL 737 COL series VAL 74Q COL cert VAL A16WE,0,0.9999971075731342,0,6607,923,0,1,0,0,1
COL make VAL CESSNA COL model VAL 320 COL series VAL 320 COL name VAL SKYKNIGHT COL cert VAL 3A25,COL make VAL B COL model VAL 737 COL series VAL 74U COL cert VAL A16WE,0,0.9999975473984887,0,3800,924,0,1,0,0,1
COL make VAL LOCKHEED COL model VAL 382 COL series VAL B COL name VAL L100 COL cert VAL A1SO,COL make VAL B COL model VAL 737 COL series VAL 74V COL cert VAL A16WE,0,0.9999976305839282,0,6539,925,0,1,0,0,1
COL make VAL MAULE COL model VAL M5 COL series VAL 200 COL name VAL LUNAR ROCKET COL cert VAL 3A23,COL make VAL B COL model VAL 737 COL series VAL 752 COL cert VAL A16WE,0,0.9999972053337314,0,6726,926,0,1,0,0,1
COL make VAL GRUMMAN COL model VAL TBM3 COL series VAL E COL name VAL AVENGER COL cert VAL LTC-8,COL make VAL B COL model VAL 737 COL series VAL 758 COL cert VAL A16WE,0,0.9999972113293076,0,5595,927,0,1,0,0,1
COL make VAL BOEING COL model VAL 707 COL series VAL 131B COL name VAL No Popular Name COL cert VAL 4A21,COL make VAL B COL model VAL 737 COL series VAL 75B COL cert VAL A16WE,0,0.9999969380294079,0,1602,928,0,1,0,0,1
COL make VAL BOEING COL model VAL 707 COL series VAL 347C COL name VAL No Popular Name COL cert VAL 4A26,COL make VAL B COL model VAL 737 COL series VAL 7BX COL cert VAL A16WE,0,0.9999969899634789,0,1640,929,0,1,0,0,1
COL make VAL LOCKHEED COL model VAL 382 COL series VAL E COL name VAL L100 20 COL cert VAL A1SO,COL make VAL B COL model VAL 737 COL series VAL 75T COL cert VAL A16WE,0,0.9999976497379356,0,6540,930,0,1,0,0,1
COL make VAL CURTISS WRIGHT COL model VAL CW20 COL series VAL T COL name VAL No Popular Name COL cert VAL 2A5,COL make VAL B COL model VAL 737 COL series VAL 75V COL cert VAL A16WE,0,0.9999971122972131,0,23807,931,0,1,0,0,1
COL make VAL CESSNA COL model VAL 182 COL series VAL G COL name VAL SKYLANE COL cert VAL 3A13,COL make VAL B COL model VAL 737 COL series VAL 76N COL cert VAL A16WE,0,0.9999974745881884,0,3714,932,0,1,0,0,1
COL make VAL BOEING COL model VAL 777 COL series VAL 323ER COL name VAL No Popular Name COL cert VAL T00001SE,COL make VAL B COL model VAL 737 COL series VAL 79L COL cert VAL A16WE,0,0.9999975068482033,0,10262,933,0,1,0,0,1
COL make VAL NATIONAL BALLOONING COL model VAL 755 COL series VAL 12 COL name VAL No Popular Name COL cert VAL A33CE,COL make VAL B COL model VAL 737 COL series VAL 79P COL cert VAL A16WE,0,0.9999973782889409,0,7098,934,0,1,0,0,1
COL make VAL SIKORSKY COL model VAL S55 COL series VAL B COL name VAL CHICKASAW COL cert VAL 1H4,COL make VAL B COL model VAL 737 COL series VAL 79U COL cert VAL A16WE,0,0.9999973194155243,0,8464,935,0,1,0,0,1
COL make VAL CESSNA COL model VAL T210 COL series VAL R COL name VAL TURBO CENTURION COL cert VAL 3A21,COL make VAL B COL model VAL 737 COL series VAL 7AD COL cert VAL A16WE,0,0.9999974610286699,0,3974,936,0,1,0,0,1
COL make VAL CESSNA COL model VAL 210 COL series VAL F COL name VAL CENTURION COL cert VAL 3A21,COL make VAL B COL model VAL 737 COL series VAL 7AV COL cert VAL A16WE,0,0.9999975090204276,0,3754,937,0,1,0,0,1
COL make VAL CONSOLIDATED VULTEE COL model VAL PBY5 COL series VAL A COL name VAL CATALINA COL cert VAL TC 2-548,COL make VAL B COL model VAL 737 COL series VAL 7AW COL cert VAL A16WE,0,0.9999973053466663,0,4321,938,0,1,0,0,1
COL make VAL CESSNA COL model VAL 210 COL series VAL H COL name VAL CENTURION COL cert VAL 3A21,COL make VAL B COL model VAL 737 COL series VAL 7B6 COL cert VAL A16WE,0,0.9999971460174448,0,3756,939,0,1,0,0,1
COL make VAL BEECH COL model VAL 19 COL series VAL A COL name VAL MUSKETEER SPORT COL cert VAL A1CE,COL make VAL B COL model VAL 737 COL series VAL 7BC COL cert VAL A16WE,0,0.9999969429473061,0,1164,940,0,1,0,0,1
COL make VAL CESSNA COL model VAL 182 COL series VAL A COL name VAL SKYLANE COL cert VAL 3A13,COL make VAL B COL model VAL 737 COL series VAL 7BD COL cert VAL A16WE,0,0.9999971170960578,0,3708,941,0,1,0,0,1
COL make VAL RYAN COL model VAL PT22 COL series VAL PT22 COL name VAL RECRUIT COL cert VAL A-749,COL make VAL B COL model VAL 737 COL series VAL 7BF COL cert VAL A16WE,0,0.9999968837582643,0,8079,942,0,1,0,0,1
COL make VAL CONSOLIDATED VULTEE COL model VAL OA10 COL series VAL OA10 COL name VAL CATALINA COL cert VAL TC 2-548,COL make VAL B COL model VAL 737 COL series VAL 7BH COL cert VAL A16WE,0,0.9999970250214323,0,23802,943,0,1,0,0,1
COL make VAL SIKORSKY COL model VAL UH19 COL series VAL C COL name VAL CHICKASAW COL cert VAL HR1SO,COL make VAL B COL model VAL 737 COL series VAL 7BJ COL cert VAL A16WE,0,0.9999971736421334,0,21357,944,0,1,0,0,1
COL make VAL CESSNA COL model VAL 150 COL series VAL E COL name VAL No Popular Name COL cert VAL 3A19,COL make VAL B COL model VAL 737 COL series VAL 7BK COL cert VAL A16WE,0,0.9999972354838327,0,3656,945,0,1,0,0,1
COL make VAL BOEING COL model VAL 707 COL series VAL 331B COL name VAL No Popular Name COL cert VAL 4A26,COL make VAL B COL model VAL 737 COL series VAL 2W8 COL cert VAL A16WE,0,0.9999969992398068,0,1627,946,0,1,0,0,1
COL make VAL BELLANCA COL model VAL 17 31 COL series VAL A COL name VAL TURBO SUPER VIKING COL cert VAL A18CE,COL make VAL B COL model VAL 737 COL series VAL 7CG COL cert VAL A16WE,0,0.9999972966118735,0,1531,947,0,1,0,0,1
COL make VAL PIPER COL model VAL PA36 COL series VAL 300 COL name VAL PAWNEE BRAVE 300 COL cert VAL A9SO,COL make VAL B COL model VAL 737 COL series VAL 7CT COL cert VAL A16WE,0,0.9999975515326514,0,7619,948,0,1,0,0,1
COL make VAL PIPER COL model VAL PA22S COL series VAL 135 COL name VAL TRIPACER COL cert VAL 1A6,COL make VAL B COL model VAL 737 COL series VAL 200 COL cert VAL A16WE,0,0.9999967834123485,0,7530,949,0,1,0,0,1
COL make VAL MOONEY COL model VAL M18 COL series VAL C55 COL name VAL MITE COL cert VAL A-803,COL make VAL B COL model VAL 737 COL series VAL 7ET COL cert VAL A16WE,0,0.9999974095578938,0,7022,950,0,1,0,0,1
COL make VAL CESSNA COL model VAL 150 COL series VAL K COL name VAL No Popular Name COL cert VAL 3A19,COL make VAL B COL model VAL 737 COL series VAL 247 COL cert VAL A16WE,0,0.9999974267319721,0,3661,951,0,1,0,0,1
COL make VAL CESSNA COL model VAL F150 COL series VAL M COL name VAL No Popular Name COL cert VAL A13EU,COL make VAL B COL model VAL 737 COL series VAL 7H4 COL cert VAL A16WE,0,0.999997084706906,0,3889,952,0,1,0,0,1
COL make VAL SIKORSKY COL model VAL UH34 COL series VAL E COL name VAL CHOCTAW COL cert VAL H7NM,COL make VAL B COL model VAL 737 COL series VAL 100 COL cert VAL A16WE,0,0.999996492328083,0,21643,953,0,1,0,0,1
COL make VAL LUSCOMBE COL model VAL 8 COL series VAL E COL name VAL SILVAIRE DELUXE COL cert VAL A-694,COL make VAL B COL model VAL 737 COL series VAL 7JR COL cert VAL A16WE,0,0.9999972488445619,0,6657,954,0,1,0,0,1
COL make VAL CESSNA COL model VAL 210 COL series VAL G COL name VAL CENTURION COL cert VAL 3A21,COL make VAL B COL model VAL 737 COL series VAL 7K5 COL cert VAL A16WE,0,0.9999971042763178,0,3755,955,0,1,0,0,1
COL make VAL CESSNA COL model VAL 150 COL series VAL D COL name VAL No Popular Name COL cert VAL 3A19,COL make VAL B COL model VAL 737 COL series VAL 7K9 COL cert VAL A16WE,0,0.9999967374415444,0,3655,956,0,1,0,0,1
COL make VAL LET COL model VAL L410 COL series VAL UVP E COL name VAL No Popular Name COL cert VAL EASA.A.026,COL make VAL B COL model VAL 737 COL series VAL 7L9 COL cert VAL A16WE,0,0.9999971901248781,0,6374,957,0,1,0,0,1
COL make VAL CESSNA COL model VAL R182 COL series VAL R182 COL name VAL SKYLANE RG COL cert VAL 3A13,COL make VAL B COL model VAL 737 COL series VAL 7Q8 COL cert VAL A16WE,0,0.9999976221325032,0,3958,958,0,1,0,0,1
COL make VAL CESSNA COL model VAL 310 COL series VAL E COL name VAL BLUE CANOE COL cert VAL 3A10,COL make VAL B COL model VAL 737 COL series VAL 7V3 COL cert VAL A16WE,0,0.9999971545862714,0,3774,959,0,1,0,0,1
COL make VAL BEECH COL model VAL 33 COL series VAL E33 COL name VAL BONANZA COL cert VAL 3A15,COL make VAL B COL model VAL 737 COL series VAL 7W0 COL cert VAL A16WE,0,0.9999968979536635,0,1204,960,0,1,0,0,1
COL make VAL BEECH COL model VAL 19 COL series VAL B19 COL name VAL SPORT 150 COL cert VAL A1CE,COL make VAL B COL model VAL 737 COL series VAL 809 COL cert VAL A16WE,0,0.9999970055347449,0,1166,961,0,1,0,0,1
COL make VAL CESSNA COL model VAL TP206 COL series VAL C COL name VAL TURBO SUPER SKYLANE COL cert VAL A4CE,COL make VAL B COL model VAL 737 COL series VAL 823 COL cert VAL A16WE,0,0.999997359122295,0,3996,962,0,1,0,0,1
COL make VAL CESSNA COL model VAL 414 COL series VAL A COL name VAL CHANCELLOR COL cert VAL A7CE,COL make VAL B COL model VAL 737 COL series VAL 824 COL cert VAL A16WE,0,0.9999972951187153,0,3828,963,0,1,0,0,1
COL make VAL DOUGLAS COL model VAL DC8 COL series VAL 61 COL name VAL SUPER 60 COL cert VAL 4A25,COL make VAL B COL model VAL 737 COL series VAL 82R COL cert VAL A16WE,0,0.9999975426070974,0,4772,964,0,1,0,0,1
COL make VAL LEARJET COL model VAL 35 COL series VAL 35 COL name VAL No Popular Name COL cert VAL A10CE,COL make VAL B COL model VAL 737 COL series VAL 832 COL cert VAL A16WE,0,0.9999973179183355,0,6352,965,0,1,0,0,1
COL make VAL AIR TRACTOR COL model VAL AT502 COL series VAL AT502 COL name VAL No Popular Name COL cert VAL A17SW,COL make VAL B COL model VAL 737 COL series VAL 8HX COL cert VAL A16WE,0,0.9999965727201624,0,368,966,0,1,0,0,1
COL make VAL CESSNA COL model VAL 210 COL series VAL M COL name VAL CENTURION COL cert VAL 3A21,COL make VAL B COL model VAL 737 COL series VAL 852 COL cert VAL A16WE,0,0.9999974785036402,0,3760,967,0,1,0,0,1
COL make VAL BEECH COL model VAL JU21 COL series VAL A COL name VAL UTE COL cert VAL 3A20,COL make VAL B COL model VAL 737 COL series VAL 85F COL cert VAL A16WE,0,0.9999972283998831,0,1397,968,0,1,0,0,1
COL make VAL CESSNA COL model VAL E310 COL series VAL H COL name VAL No Popular Name COL cert VAL 3A10,COL make VAL B COL model VAL 737 COL series VAL 883 COL cert VAL A16WE,0,0.9999973885797301,0,3881,969,0,1,0,0,1
COL make VAL AEROSTAR INTERNATIONAL COL model VAL S60A COL series VAL S60A COL name VAL No Popular Name COL cert VAL A15CE,COL make VAL B COL model VAL 737 COL series VAL 8B5 COL cert VAL A16WE,0,0.9999972388722174,0,301,970,0,1,0,0,1
COL make VAL CESSNA COL model VAL 310 COL series VAL A COL name VAL BLUE CANOE COL cert VAL 3A10,COL make VAL B COL model VAL 737 COL series VAL 8B6 COL cert VAL A16WE,0,0.9999972990715931,0,3770,971,0,1,0,0,1
COL make VAL WACO COL model VAL SRE COL series VAL SRE COL name VAL No Popular Name COL cert VAL TC 714,COL make VAL B COL model VAL 737 COL series VAL 8BK COL cert VAL A16WE,0,0.9999968712513774,0,9522,972,0,1,0,0,1
COL make VAL GROB COL model VAL G520 COL series VAL T COL name VAL EGRETT COL cert VAL 2066,COL make VAL B COL model VAL 737 COL series VAL 8CX COL cert VAL A16WE,0,0.9999966730142384,0,5500,973,0,1,0,0,1
COL make VAL PILATUS COL model VAL PC6 COL series VAL AH2 COL name VAL TURBO PORTER COL cert VAL F56-10,COL make VAL B COL model VAL 737 COL series VAL 8DC COL cert VAL A16WE,0,0.9999972012690227,0,11246,974,0,1,0,0,1
COL make VAL PORTERFIELD COL model VAL CS65 COL series VAL CS65 COL name VAL COLLEGIATE COL cert VAL A-720,COL make VAL B COL model VAL 737 COL series VAL 8EH COL cert VAL A16WE,0,0.9999970562354303,0,7692,975,0,1,0,0,1
COL make VAL MOONEY COL model VAL M18 COL series VAL L COL name VAL MITE COL cert VAL A-803,COL make VAL B COL model VAL 737 COL series VAL 8F2 COL cert VAL A16WE,0,0.9999971252445718,0,7023,976,0,1,0,0,1
COL make VAL CESSNA COL model VAL 185 COL series VAL B COL name VAL SKYWAGON COL cert VAL 3A24,COL make VAL B COL model VAL 737 COL series VAL 8FH COL cert VAL A16WE,0,0.999996983165443,0,3728,977,0,1,0,0,1
COL make VAL CONVAIR COL model VAL 30 COL series VAL A COL name VAL 990A COL cert VAL 4A30,COL make VAL B COL model VAL 737 COL series VAL 800A COL cert VAL A16WE,0,0.9999972174937989,0,4338,978,0,1,0,0,1
COL make VAL LANCAIR COL model VAL LC42 COL series VAL 550FG COL name VAL COLUMBIA 350 COL cert VAL A00003SE,COL make VAL B COL model VAL 737 COL series VAL 8GQ COL cert VAL A16WE,0,0.9999974612756354,0,6324,979,0,1,0,0,1
COL make VAL SCHWEIZER COL model VAL SGU22 2 COL series VAL SGU22 2 COL name VAL No Popular Name COL cert VAL G-18,COL make VAL B COL model VAL 737 COL series VAL 2A3 COL cert VAL A16WE,0,0.9999969744728268,0,8313,980,0,1,0,0,1
COL make VAL BELL COL model VAL 222 COL series VAL B COL name VAL No Popular Name COL cert VAL H-88,COL make VAL B COL model VAL 737 COL series VAL 8JP COL cert VAL A16WE,0,0.9999972043940927,0,1435,981,0,1,0,0,1
COL make VAL GROB COL model VAL G109 COL series VAL G109 COL name VAL No Popular Name COL cert VAL EASA.A.249,COL make VAL B COL model VAL 737 COL series VAL 8K2 COL cert VAL A16WE,0,0.9999965133444272,0,5486,982,0,1,0,0,1
COL make VAL AYRES COL model VAL S2R COL series VAL T15 COL name VAL No Popular Name COL cert VAL A3SW,COL make VAL B COL model VAL 737 COL series VAL 8K5 COL cert VAL A16WE,0,0.9999969823439281,0,868,983,0,1,0,0,1
COL make VAL FAIRCHILD COL model VAL M62A COL series VAL M62A COL name VAL No Popular Name COL cert VAL A-724,COL make VAL B COL model VAL 737 COL series VAL 8KN COL cert VAL A16WE,0,0.9999958415685914,0,5138,984,0,1,0,0,1
COL make VAL BOEING COL model VAL 40 COL series VAL C COL name VAL No Popular Name COL cert VAL NOT CERTIFICATED,COL make VAL B COL model VAL 737 COL series VAL 924 COL cert VAL A16WE,0,0.9999973420914593,0,1597,985,0,1,0,0,1
COL make VAL STINSON COL model VAL SR5 COL series VAL A COL name VAL RELIANT COL cert VAL ATC 530,COL make VAL B COL model VAL 737 COL series VAL 990 COL cert VAL A16WE,0,0.999997409648063,0,22197,986,0,1,0,0,1
COL make VAL MAULE COL model VAL M7 COL series VAL 260C COL name VAL ORION COL cert VAL 3A23,COL make VAL B COL model VAL 737 COL series VAL 9GPER COL cert VAL A16WE,0,0.99999719520367,0,6738,987,0,1,0,0,1
COL make VAL BEECH COL model VAL 58 COL series VAL P COL name VAL PRESSURIZED BARON COL cert VAL A23CE,COL make VAL B COL model VAL 747 COL series VAL 124 COL name VAL SUPERJET COL cert VAL A20WE,0,0.9999974494926757,0,1278,988,0,1,0,0,1
COL make VAL BELL COL model VAL 206 COL series VAL L4 COL name VAL LONG RANGER IV COL cert VAL H-92,COL make VAL B COL model VAL 747 COL series VAL 127 COL name VAL SUPERJET COL cert VAL A20WE,0,0.9999971838702107,0,1422,989,0,1,0,0,1
COL make VAL PIPER COL model VAL PA18S COL series VAL 105 SPECIAL COL name VAL SUPER CUB COL cert VAL 1A2,COL make VAL B COL model VAL 747 COL series VAL 128 COL name VAL SUPERJET COL cert VAL A20WE,0,0.9999976001550036,0,7512,990,0,1,0,0,1
COL make VAL BEECH COL model VAL 55 COL series VAL 95B55B COL name VAL BARON COL cert VAL 3A16,COL make VAL B COL model VAL 747 COL series VAL 129 COL name VAL SUPERJET COL cert VAL A20WE,0,0.9999974256310937,0,1267,991,0,1,0,0,1
COL make VAL PIPER COL model VAL L4 COL series VAL A COL name VAL CUB COL cert VAL A-691,COL make VAL B COL model VAL 747 COL series VAL 130 COL name VAL SUPERJET COL cert VAL A20WE,0,0.9999969996847744,0,7481,992,0,1,0,0,1
COL make VAL RAYTHEON COL model VAL 3000 COL series VAL 3000 COL name VAL No Popular Name COL cert VAL A00009WI,COL make VAL B COL model VAL 747 COL series VAL 136 COL name VAL SUPERJET COL cert VAL A20WE,0,0.9999968226870072,0,10239,993,0,1,0,0,1
COL make VAL CESSNA COL model VAL 210 COL series VAL N COL name VAL CENTURION COL cert VAL 3A21,COL make VAL B COL model VAL 747 COL series VAL 143 COL name VAL SUPERJET COL cert VAL A20WE,0,0.9999971576807939,0,3761,994,0,1,0,0,1
COL make VAL BEECH COL model VAL 23 COL series VAL C23 COL name VAL SUNDOWNER 180 COL cert VAL A1CE,COL make VAL B COL model VAL 747 COL series VAL 146 COL name VAL SUPERJET COL cert VAL A20WE,0,0.9999972141150464,0,1188,995,0,1,0,0,1
COL make VAL ROCKWELL COL model VAL 112 COL series VAL TCA COL name VAL ALPINE COMMANDER COL cert VAL A12SO,COL make VAL B COL model VAL 747 COL series VAL 146B COL name VAL SUPERJET COL cert VAL A20WE,0,0.9999971524851772,0,7976,996,0,1,0,0,1
COL make VAL BEECH COL model VAL 58 COL series VAL P COL name VAL PRESSURIZED BARON COL cert VAL A23CE,COL make VAL B COL model VAL 747 COL series VAL 151 COL name VAL SUPERJET COL cert VAL A20WE,0,0.9999973298533725,0,1278,997,0,1,0,0,1
COL make VAL CESSNA COL model VAL 182 COL series VAL P COL name VAL SKYLANE COL cert VAL 3A13,COL make VAL B COL model VAL 747 COL series VAL 156 COL name VAL SUPERJET COL cert VAL A20WE,0,0.9999973066376888,0,3721,998,0,1,0,0,1
COL make VAL OMEGA COL model VAL BS12 COL series VAL D1 COL name VAL No Popular Name COL cert VAL 1H14,COL make VAL B COL model VAL 747 COL series VAL 206B COL name VAL SUPERJET COL cert VAL A20WE,0,0.9999970776853283,0,21346,999,0,1,0,0,1
COL make VAL BEECH COL model VAL 33 COL series VAL F33A COL name VAL BONANZA COL cert VAL 3A15,COL make VAL B COL model VAL 747 COL series VAL 211B COL name VAL SUPERJET COL cert VAL A20WE,0,0.9999971585738092,0,1208,1000,0,1,0,0,1
COL make VAL BALLOON WORKS COL model VAL FIREFLY 6B COL series VAL 15 COL name VAL No Popular Name COL cert VAL A14SO,COL make VAL B COL model VAL 747 COL series VAL 209B COL name VAL SUPERJET COL cert VAL A20WE,0,0.9999974335843653,0,1067,1001,0,1,0,0,1
COL make VAL STINSON COL model VAL SR10 COL series VAL E COL name VAL RELIANT COL cert VAL TC 679,COL make VAL B COL model VAL 747 COL series VAL 212F COL cert VAL A20WE,0,0.9999973035639101,0,22189,1003,0,1,0,0,1
COL make VAL PIPER COL model VAL PA22 COL series VAL PA22 COL name VAL TRIPACER COL cert VAL 1A6,COL make VAL B COL model VAL 747 COL series VAL 219B COL name VAL SUPERJET COL cert VAL A20WE,0,0.9999973337148057,0,7529,1004,0,1,0,0,1
COL make VAL PIPER COL model VAL PA19 COL series VAL PA19 COL name VAL PACER COL cert VAL 1A2,COL make VAL B COL model VAL 747 COL series VAL 21AC COL name VAL CONVERTIBLE COL cert VAL A20WE,0,0.9999975995678894,0,7517,1005,0,1,0,0,1
COL make VAL GRUMMAN COL model VAL G164 COL series VAL B COL name VAL SUPER AG-CAT COL cert VAL 1A16,COL make VAL B COL model VAL 747 COL series VAL 227B COL name VAL SUPERJET COL cert VAL A20WE,0,0.9999975941259653,0,5545,1006,0,1,0,0,1
COL make VAL LEARJET COL model VAL 25 COL series VAL 25 COL name VAL No Popular Name COL cert VAL A10CE,COL make VAL B COL model VAL 747 COL series VAL 228B COL name VAL SUPERJET COL cert VAL A20WE,0,0.9999972391960831,0,6347,1007,0,1,0,0,1
COL make VAL BOEING COL model VAL 707 COL series VAL 321B COL name VAL No Popular Name COL cert VAL 4A26,COL make VAL B COL model VAL 747 COL series VAL 228F COL name VAL FREIGHTER COL cert VAL A20WE,0,0.9999972763208688,0,1613,1008,0,1,0,0,1
COL make VAL AIR TRACTOR COL model VAL AT602 COL series VAL AT602 COL name VAL No Popular Name COL cert VAL A19SW,COL make VAL B COL model VAL 747 COL series VAL 230F COL name VAL FREIGHTER COL cert VAL A20WE,0,0.999996978623451,0,371,1009,0,1,0,0,1
COL make VAL NAVION COL model VAL NAVION COL series VAL NAVION COL name VAL No Popular Name COL cert VAL A-782,COL make VAL B COL model VAL 747 COL series VAL 236F COL name VAL FREIGHTER COL cert VAL A20WE,0,0.9999970048464334,0,7107,1010,0,1,0,0,1
COL make VAL PIPER COL model VAL PA28 COL series VAL 151 COL name VAL CHEROKEE WARRIOR COL cert VAL 2A13,COL make VAL B COL model VAL 747 COL series VAL 238B COL name VAL SUPERJET COL cert VAL A20WE,0,0.9999974104470966,0,7557,1011,0,1,0,0,1
COL make VAL SIKORSKY COL model VAL S70 COL series VAL M COL name VAL BLACK HAWK COL cert VAL H5NE,COL make VAL B COL model VAL 747 COL series VAL 245F COL name VAL FREIGHTER COL cert VAL A20WE,0,0.9999969777286438,0,13073,1012,0,1,0,0,1
COL make VAL BEECH COL model VAL RU21 COL series VAL E COL name VAL UTE COL cert VAL 3A20,COL make VAL B COL model VAL 747 COL series VAL 246B COL name VAL SUPERJET COL cert VAL A20WE,0,0.9999975740271497,0,1402,1013,0,1,0,0,1
COL make VAL MITSUBISHI COL model VAL MU2B COL series VAL 60 COL name VAL MARQUISE COL cert VAL NOT IDENTIFIED,COL make VAL B COL model VAL 747 COL series VAL 246F COL name VAL FREIGHTER COL cert VAL A20WE,0,0.9999974768787553,0,6998,1014,0,1,0,0,1
COL make VAL EAGLE COL model VAL DW1 COL series VAL DW1 COL name VAL No Popular Name COL cert VAL A4NW,COL make VAL B COL model VAL 747 COL series VAL 249F COL name VAL FREIGHTER COL cert VAL A20WE,0,0.9999973903025445,0,4848,1015,0,1,0,0,1
COL make VAL EMBRAER COL model VAL ERJ190 COL series VAL 100IGW COL name VAL 190AR COL cert VAL EA-2005T13,COL make VAL B COL model VAL 747 COL series VAL 251F COL name VAL FREIGHTER COL cert VAL A20WE,0,0.9999976183594522,0,4947,1016,0,1,0,0,1
COL make VAL BEECH COL model VAL 200 COL series VAL 200 COL name VAL SUPER KING AIR COL cert VAL A24CE,COL make VAL B COL model VAL 747 COL series VAL 257B COL name VAL SUPERJET COL cert VAL A20WE,0,0.9999973804220376,0,1182,1017,0,1,0,0,1
COL make VAL GOODYEAR COL model VAL GA22 COL series VAL A COL name VAL DRAKE COL cert VAL 1A12,COL make VAL B COL model VAL 747 COL series VAL 267B COL name VAL SUPERJET COL cert VAL A20WE,0,0.9999977293472906,0,21338,1018,0,1,0,0,1
COL make VAL MITSUBISHI COL model VAL MU2B COL series VAL 36A COL name VAL MARQUISE COL cert VAL 25,COL make VAL B COL model VAL 747 COL series VAL 268F COL cert VAL A20WE,0,0.9999975747430979,0,11474,1019,0,1,0,0,1
COL make VAL PIPER COL model VAL PA46 COL series VAL 500TP COL name VAL MALIBU MERIDIAN COL cert VAL A25SO,COL make VAL B COL model VAL 747 COL series VAL 135 COL name VAL SUPERJET COL cert VAL A20WE,0,0.9999975080700152,0,7635,1020,0,1,0,0,1
COL make VAL PIPER COL model VAL PA60 COL series VAL 600 COL name VAL AEROSTAR 600 COL cert VAL A17WE,COL make VAL B COL model VAL 747 COL series VAL 269B COL name VAL SUPERJET COL cert VAL A20WE,0,0.9999974008572771,0,7638,1021,0,1,0,0,1
COL make VAL CESSNA COL model VAL U3 COL series VAL A COL name VAL No Popular Name COL cert VAL 3A10,COL make VAL B COL model VAL 747 COL series VAL 273C COL name VAL CONVERTIBLE COL cert VAL A20WE,0,0.9999973222299179,0,4015,1022,0,1,0,0,1
COL make VAL SIOUX COL model VAL COUPE COL series VAL 60 COL name VAL No Popular Name COL cert VAL TC 2-81,COL make VAL B COL model VAL 747 COL series VAL 281F COL name VAL FREIGHTER COL cert VAL A20WE,0,0.9999976021944815,0,19273,1023,0,1,0,0,1
COL make VAL PIPER COL model VAL NE COL series VAL 1 COL name VAL GRASSHOPPER COL cert VAL A-691,COL make VAL B COL model VAL 747 COL series VAL 282B COL name VAL SUPERJET COL cert VAL A20WE,0,0.9999971644330947,0,7491,1024,0,1,0,0,1
COL make VAL BOEING COL model VAL 737 COL series VAL 82R COL name VAL No Popular Name COL cert VAL A16WE,COL make VAL B COL model VAL 747 COL series VAL 284B COL name VAL SUPERJET COL cert VAL A20WE,0,0.9999970382089901,0,2337,1025,0,1,0,0,1
COL make VAL WACO COL model VAL ZKS COL series VAL 6 COL name VAL No Popular Name COL cert VAL A-533,COL make VAL B COL model VAL 747 COL series VAL 2B4B COL name VAL SUPERJET COL cert VAL A20WE,0,0.9999967450369707,0,9553,1026,0,1,0,0,1
COL make VAL CHAMPION COL model VAL 8GCBC COL series VAL 8GCBC COL name VAL SCOUT COL cert VAL A21CE,COL make VAL B COL model VAL 747 COL series VAL 2B5F COL name VAL FREIGHTER COL cert VAL A20WE,0,0.9999976199238667,0,4063,1027,0,1,0,0,1
COL make VAL PIPER COL model VAL PA60 COL series VAL 602P COL name VAL AEROSTAR 602P COL cert VAL A17WE,COL make VAL B COL model VAL 747 COL series VAL 2D3B COL name VAL SUPERJET COL cert VAL A20WE,0,0.999997505599625,0,7641,1028,0,1,0,0,1
COL make VAL MAULE COL model VAL M4 COL series VAL 210S COL name VAL ROCKET COL cert VAL 3A23,COL make VAL B COL model VAL 747 COL series VAL 2F6B COL name VAL SUPERJET COL cert VAL A20WE,0,0.9999967553435178,0,6715,1029,0,1,0,0,1
COL make VAL MOONEY COL model VAL M20M COL series VAL M20M COL name VAL TLS COL cert VAL 2A3,COL make VAL B COL model VAL 747 COL series VAL 2R7F COL name VAL FREIGHTER COL cert VAL A20WE,0,0.9999972218926362,0,7037,1030,0,1,0,0,1
COL make VAL BEECH COL model VAL 24 COL series VAL A24R COL name VAL MUSKETEER SUPER R COL cert VAL A1CE,COL make VAL B COL model VAL 747 COL series VAL 312 COL name VAL SUPERJET COL cert VAL A20WE,0,0.9999975320008173,0,1192,1031,0,1,0,0,1
COL make VAL AEROSTAR COL model VAL M20F COL series VAL M20F COL name VAL EXECUTIVE COL cert VAL 2A3,COL make VAL B COL model VAL 747 COL series VAL 329 COL name VAL SUPERJET COL cert VAL A20WE,0,0.9999975218403858,0,265,1032,0,1,0,0,1
COL make VAL PIPER COL model VAL PA22S COL series VAL 135 COL name VAL TRIPACER COL cert VAL 1A6,COL make VAL B COL model VAL 747 COL series VAL 338 COL name VAL SUPERJET COL cert VAL A20WE,0,0.9999976345135795,0,7530,1033,0,1,0,0,1
COL make VAL PIPER COL model VAL PA42 COL series VAL 720 COL name VAL CHEYENNE IIIA COL cert VAL A23SO,COL make VAL B COL model VAL 747 COL series VAL 346 COL name VAL SUPERJET COL cert VAL A20WE,0,0.9999973926894512,0,7626,1034,0,1,0,0,1
COL make VAL SHINN COL model VAL 2150 COL series VAL A COL name VAL KACHINA COL cert VAL 4A19,COL make VAL B COL model VAL 747 COL series VAL 357 COL name VAL SUPERJET COL cert VAL A20WE,0,0.9999971620293951,0,8372,1035,0,1,0,0,1
COL make VAL WACO COL model VAL UPF COL series VAL 7 COL name VAL No Popular Name COL cert VAL A-642,COL make VAL B COL model VAL 747 COL series VAL 3D7 COL name VAL SUPERJET COL cert VAL A20WE,0,0.9999971088334598,0,9534,1036,0,1,0,0,1
COL make VAL SIKORSKY COL model VAL UH34 COL series VAL E COL name VAL CHOCTAW COL cert VAL H7NM,COL make VAL B COL model VAL 747 COL series VAL 3H6 COL name VAL SUPERJET COL cert VAL A20WE,0,0.9999968906616912,0,21643,1037,0,1,0,0,1
COL make VAL TAYLORCRAFT COL model VAL DF COL series VAL 65 COL name VAL No Popular Name COL cert VAL A-746,COL make VAL B COL model VAL 747 COL series VAL 412F COL name VAL FREIGHTER COL cert VAL A20WE,0,0.9999975380341034,0,8948,1038,0,1,0,0,1
COL make VAL SIOUX COL model VAL COUPE COL series VAL 90 COL name VAL No Popular Name COL cert VAL ATC 331,COL make VAL B COL model VAL 747 COL series VAL 422 COL cert VAL A20WE,0,0.999997365472678,0,19274,1039,0,1,0,0,1
COL make VAL LOCKHEED COL model VAL 1329 COL series VAL 25 COL name VAL JETSTAR II COL cert VAL 2A15,COL make VAL B COL model VAL 747 COL series VAL 443 COL cert VAL A20WE,0,0.9999974947237172,0,6522,1040,0,1,0,0,1
COL make VAL PIPER COL model VAL PA20S COL series VAL 135 COL name VAL PACER COL cert VAL 1A4,COL make VAL B COL model VAL 747 COL series VAL 44AF COL cert VAL A20WE,0,0.9999975042956801,0,7523,1041,0,1,0,0,1
COL make VAL MITSUBISHI COL model VAL MU2B COL series VAL 26A COL name VAL MARQUISE COL cert VAL NOT IDENTIFIED,COL make VAL B COL model VAL 747 COL series VAL 451 COL name VAL ADVANCED SUPERJET COL cert VAL A20WE,0,0.9999971929773078,0,6994,1042,0,1,0,0,1
COL make VAL TAYLORCRAFT COL model VAL 19 COL series VAL 19 COL name VAL SPORTSMAN COL cert VAL 1A9,COL make VAL B COL model VAL 747 COL series VAL 45EF COL cert VAL A20WE,0,0.9999970659091879,0,8915,1043,0,1,0,0,1
COL make VAL BELL COL model VAL 206 COL series VAL L3 COL name VAL LONG RANGER III COL cert VAL H-92,COL make VAL B COL model VAL 747 COL series VAL 467F COL cert VAL A20WE,0,0.9999972098741948,0,1420,1044,0,1,0,0,1
COL make VAL LEARJET COL model VAL 24 COL series VAL 24 COL name VAL No Popular Name COL cert VAL A10CE,COL make VAL B COL model VAL 747 COL series VAL 469 COL cert VAL A20WE,0,0.9999973770485225,0,6343,1045,0,1,0,0,1
COL make VAL LEARJET COL model VAL 29 COL series VAL 29 COL name VAL LONGHORN COL cert VAL A10CE,COL make VAL B COL model VAL 747 COL series VAL 46NF COL cert VAL A20WE,0,0.9999973282155074,0,10920,1046,0,1,0,0,1
COL make VAL BEECH COL model VAL T42 COL series VAL A COL name VAL COCHISE COL cert VAL 3A16,COL make VAL B COL model VAL 747 COL series VAL 47UF COL cert VAL A20WE,0,0.9999971942887206,0,1392,1047,0,1,0,0,1
COL make VAL PIPER COL model VAL PA18S COL series VAL 135 COL name VAL SUPER CUB COL cert VAL 1A2,COL make VAL B COL model VAL 747 COL series VAL 481F COL cert VAL A20WE,0,0.99999764436819,0,7514,1048,0,1,0,0,1
COL make VAL BOEING COL model VAL 737 COL series VAL 8LD COL name VAL No Popular Name COL cert VAL A16WE,COL make VAL B COL model VAL 747 COL series VAL 48EF COL cert VAL A20WE,0,0.9999970595112276,0,10220,1049,0,1,0,0,1
COL make VAL MEYERS COL model VAL MAC125 COL series VAL C COL name VAL No Popular Name COL cert VAL 3A1,COL make VAL B COL model VAL 747 COL series VAL 4EVF COL cert VAL A20WE,0,0.9999971539512205,0,6867,1050,0,1,0,0,1
COL make VAL GAME COMPOSITES COL model VAL GB1 COL series VAL GB1 COL name VAL GAMEBIRD COL cert VAL A00073CE,COL make VAL B COL model VAL 747 COL series VAL 4F6 COL cert VAL A20WE,0,0.9999971951408102,0,11871,1051,0,1,0,0,1
COL make VAL MAULE COL model VAL M4 COL series VAL T COL name VAL JETASEN COL cert VAL 3A23,COL make VAL B COL model VAL 747 COL series VAL 4R7F COL cert VAL A20WE,0,0.9999970633687597,0,6723,1052,0,1,0,0,1
COL make VAL AERO COMMANDER COL model VAL 200 COL series VAL 200 COL name VAL No Popular Name COL cert VAL 3A18,COL make VAL B COL model VAL 747 COL series VAL SP09 COL name VAL SUPERJET COL cert VAL A20WE,0,0.9999971594814431,0,78,1053,0,1,0,0,1
COL make VAL STINSON COL model VAL SR10 COL series VAL D COL name VAL RELIANT COL cert VAL TC 679,COL make VAL B COL model VAL 747 COL series VAL SP31 COL name VAL SUPERJET COL cert VAL A20WE,0,0.9999971025194271,0,22191,1054,0,1,0,0,1
COL make VAL BOEING COL model VAL 707 COL series VAL 3L6B COL name VAL No Popular Name COL cert VAL 4A26,COL make VAL B COL model VAL 747 COL series VAL SR81 COL name VAL SUPERJET COL cert VAL A20WE,0,0.9999971485761143,0,1679,1055,0,1,0,0,1
COL make VAL MCKINNON COL model VAL G21 COL series VAL E COL name VAL TURBO GOOSE COL cert VAL 4A24,COL make VAL B COL model VAL 747 COL series VAL SP70 COL name VAL SUPERJET COL cert VAL A20WE,0,0.9999972067912125,0,6841,1056,0,1,0,0,1
COL make VAL CESSNA COL model VAL 680 COL series VAL 680 COL name VAL SOVEREIGN COL cert VAL T00012WI,COL make VAL B COL model VAL 747 COL series VAL SR46 COL name VAL SUPERJET COL cert VAL A20WE,0,0.9999973549369621,0,3854,1057,0,1,0,0,1
COL make VAL PIPER COL model VAL J5A COL series VAL 80 COL name VAL CUB CRUISER COL cert VAL A-725,COL make VAL B COL model VAL 757 COL series VAL 212 COL cert VAL A2NM,0,0.9999969576841234,0,7473,1058,0,1,0,0,1
COL make VAL SWEARINGEN COL model VAL SA227 COL series VAL BC COL name VAL 23 COL cert VAL A8SW,COL make VAL B COL model VAL 757 COL series VAL 21B COL cert VAL A2NM,0,0.9999973586689206,0,8900,1059,0,1,0,0,1
COL make VAL ROBINSON COL model VAL R22 COL series VAL BETA COL name VAL No Popular Name COL cert VAL H10WE,COL make VAL B COL model VAL 757 COL series VAL 223 COL cert VAL A2NM,0,0.9999973297629724,0,7962,1061,0,1,0,0,1
COL make VAL MCDONNELL DOUGLAS COL model VAL DC10 COL series VAL 30 COL name VAL No Popular Name COL cert VAL A22WE,COL make VAL B COL model VAL 757 COL series VAL 224 COL cert VAL A2NM,0,0.9999972883091249,0,6826,1062,0,1,0,0,1
COL make VAL INIZIATIVE COL model VAL SKY ARROW COL series VAL 650TCN COL name VAL No Popular Name COL cert VAL EASA.A.079,COL make VAL B COL model VAL 757 COL series VAL 225 COL cert VAL A2NM,0,0.9999971278533645,0,5979,1063,0,1,0,0,1
COL make VAL PITCAIRN COL model VAL PA18 COL series VAL PA18 COL name VAL No Popular Name COL cert VAL ATC 478,COL make VAL B COL model VAL 757 COL series VAL 236 COL cert VAL A2NM,0,0.999997394587217,0,21621,1064,0,1,0,0,1
COL make VAL AERONCA COL model VAL L16 COL series VAL B COL name VAL CHAMPION COL cert VAL A-759,COL make VAL B COL model VAL 757 COL series VAL 23APF COL cert VAL A2NM,0,0.9999971358116849,0,162,1065,0,1,0,0,1
COL make VAL HUGHES COL model VAL YOH6 COL series VAL A COL name VAL CAYUSE COL cert VAL H3WE,COL make VAL B COL model VAL 757 COL series VAL 24A COL cert VAL A2NM,0,0.9999972266217634,0,5895,1066,0,1,0,0,1
COL make VAL GRUMMAN COL model VAL G164 COL series VAL G164 COL name VAL AG-CAT COL cert VAL 1A16,COL make VAL B COL model VAL 757 COL series VAL 24APF COL cert VAL A2NM,0,0.9999974539242061,0,5554,1067,0,1,0,0,1
COL make VAL NORTH AMERICAN COL model VAL SNJ COL series VAL 4 COL name VAL TEXAN COL cert VAL A-2-575,COL make VAL B COL model VAL 757 COL series VAL 251 COL cert VAL A2NM,0,0.9999975204680805,0,7228,1068,0,1,0,0,1
COL make VAL CESSNA COL model VAL 551 COL series VAL 551 COL name VAL CITATION II SP COL cert VAL A27CE,COL make VAL B COL model VAL 757 COL series VAL 256 COL cert VAL A2NM,0,0.9999974767500187,0,3845,1069,0,1,0,0,1
COL make VAL SCHWEIZER COL model VAL SGS1 26 COL series VAL E COL name VAL No Popular Name COL cert VAL 1G10,COL make VAL B COL model VAL 757 COL series VAL 28A COL cert VAL A2NM,0,0.999997348803918,0,8291,1071,0,1,0,0,1
COL make VAL NORTH AMERICAN COL model VAL NA265 COL series VAL 60 COL name VAL SABRELINER 60 COL cert VAL A2WE,COL make VAL B COL model VAL 757 COL series VAL 2G7 COL cert VAL A2NM,0,0.9999973907181403,0,7207,1072,0,1,0,0,1
COL make VAL TEMCO COL model VAL D16 COL series VAL A COL name VAL TWIN NAVION COL cert VAL 2A1,COL make VAL B COL model VAL 757 COL series VAL 324 COL cert VAL A2NM,0,0.9999973313260839,0,16650,1073,0,1,0,0,1
COL make VAL PIPER COL model VAL PA31P COL series VAL 350 COL name VAL MOJAVE COL cert VAL A8EA,COL make VAL B COL model VAL 747 COL series VAL 430 COL cert VAL A20WE,0,0.9999971875726469,0,7588,1074,0,1,0,0,1
COL make VAL PZL KROSNO COL model VAL KR03 COL series VAL A COL name VAL PUCHATEK COL cert VAL NOT IDENTIFIED,COL make VAL B COL model VAL 757 COL series VAL 33N COL cert VAL A2NM,0,0.9999971084612108,0,7777,1075,0,1,0,0,1
COL make VAL CESSNA COL model VAL 182 COL series VAL F COL name VAL SKYLANE COL cert VAL 3A13,COL make VAL B COL model VAL 757 COL series VAL 351 COL cert VAL A2NM,0,0.9999973285696566,0,3713,1076,0,1,0,0,1
COL make VAL TAYLORCRAFT COL model VAL BL12 COL series VAL 65 COL name VAL DELUXE COL cert VAL A-700,COL make VAL B COL model VAL 767 COL series VAL 201 COL cert VAL A1NM,0,0.9999974131733157,0,8942,1077,0,1,0,0,1
COL make VAL CESSNA COL model VAL 310 COL series VAL K COL name VAL No Popular Name COL cert VAL 3A10,COL make VAL B COL model VAL 767 COL series VAL 204 COL cert VAL A1NM,0,0.9999969601637835,0,3781,1078,0,1,0,0,1
COL make VAL SCHWEIZER COL model VAL SGS1 26 COL series VAL D COL name VAL No Popular Name COL cert VAL 1G10,COL make VAL B COL model VAL 767 COL series VAL 209 COL cert VAL A1NM,0,0.9999972505192837,0,8290,1079,0,1,0,0,1
COL make VAL LEARJET COL model VAL 55 COL series VAL B COL name VAL No Popular Name COL cert VAL A10CE,COL make VAL B COL model VAL 767 COL series VAL 283 COL cert VAL A1NM,0,0.9999974124553238,0,6357,1080,0,1,0,0,1
COL make VAL VERTOL COL model VAL CH47 COL series VAL D COL name VAL CHINOOK COL cert VAL R0011DE,COL make VAL B COL model VAL 767 COL series VAL 216 COL cert VAL A1NM,0,0.9999973271247384,0,10927,1081,0,1,0,0,1
COL make VAL AIR TRACTOR COL model VAL AT602 COL series VAL AT602 COL name VAL No Popular Name COL cert VAL A19SW,COL make VAL B COL model VAL 767 COL series VAL 219 COL cert VAL A1NM,0,0.9999973802334154,0,371,1082,0,1,0,0,1
COL make VAL LEARJET COL model VAL 35 COL series VAL A COL name VAL No Popular Name COL cert VAL A10CE,COL make VAL B COL model VAL 767 COL series VAL 222 COL cert VAL A1NM,0,0.9999973590668868,0,6351,1083,0,1,0,0,1
COL make VAL CESSNA COL model VAL FT337 COL series VAL E COL name VAL SKYMASTER COL cert VAL A23EU,COL make VAL B COL model VAL 757 COL series VAL 2J4 COL cert VAL A2NM,0,0.9999974514317349,0,3922,1084,0,1,0,0,1
COL make VAL PZL KROSNO COL model VAL KR03 COL series VAL A COL name VAL PUCHATEK COL cert VAL NOT IDENTIFIED,COL make VAL B COL model VAL 767 COL series VAL 232 COL cert VAL A1NM,0,0.9999967922088178,0,7777,1086,0,1,0,0,1
COL make VAL SCHWEIZER COL model VAL SGS2 33 COL series VAL A COL name VAL No Popular Name COL cert VAL G2EA,COL make VAL B COL model VAL 767 COL series VAL 233 COL cert VAL A1NM,0,0.9999973204136117,0,8300,1087,0,1,0,0,1
COL make VAL CESSNA COL model VAL P337 COL series VAL H COL name VAL PRESSURIZED SKYMASTER COL cert VAL A6CE,COL make VAL B COL model VAL 767 COL series VAL 238 COL cert VAL A1NM,0,0.9999971396823273,0,3951,1088,0,1,0,0,1
COL make VAL MORANE SAULNIER COL model VAL MS880 COL series VAL B COL name VAL RALLYE CLUB COL cert VAL EASA.A.377,COL make VAL B COL model VAL 767 COL series VAL 23B COL cert VAL A1NM,0,0.9999973619968914,0,7048,1089,0,1,0,0,1
COL make VAL VERTOL COL model VAL CH47 COL series VAL D COL name VAL CHINOOK COL cert VAL R0014DE,COL make VAL B COL model VAL 767 COL series VAL 241 COL cert VAL A1NM,0,0.9999974126095486,0,13110,1090,0,1,0,0,1
COL make VAL PIPER COL model VAL PA42 COL series VAL 720 COL name VAL CHEYENNE IIIA COL cert VAL A23SO,COL make VAL B COL model VAL 767 COL series VAL 246 COL cert VAL A1NM,0,0.9999970670715926,0,7626,1091,0,1,0,0,1
COL make VAL CESSNA COL model VAL 150 COL series VAL F COL name VAL No Popular Name COL cert VAL 3A19,COL make VAL B COL model VAL 767 COL series VAL 258 COL cert VAL A1NM,0,0.9999971437465923,0,3657,1092,0,1,0,0,1
COL make VAL CESSNA COL model VAL T207 COL series VAL T207 COL name VAL TURBO SKYWAGON COL cert VAL A16CE,COL make VAL B COL model VAL 767 COL series VAL 259 COL cert VAL A1NM,0,0.999997807700024,0,3965,1093,0,1,0,0,1
COL make VAL LEARJET COL model VAL 35 COL series VAL 35 COL name VAL No Popular Name COL cert VAL A10CE,COL make VAL B COL model VAL 767 COL series VAL 260 COL cert VAL A1NM,0,0.9999974670977715,0,6352,1094,0,1,0,0,1
COL make VAL BOEING COL model VAL 737 COL series VAL 823 COL name VAL No Popular Name COL cert VAL A16WE,COL make VAL B COL model VAL 767 COL series VAL 266 COL cert VAL A1NM,0,0.9999972352149027,0,2334,1095,0,1,0,0,1
COL make VAL STINSON COL model VAL SR10 COL series VAL F COL name VAL RELIANT COL cert VAL TC 685,COL make VAL B COL model VAL 767 COL series VAL 269 COL cert VAL A1NM,0,0.9999972929316471,0,22380,1096,0,1,0,0,1
COL make VAL CESSNA COL model VAL T337 COL series VAL B COL name VAL No Popular Name COL cert VAL A6CE,COL make VAL B COL model VAL 767 COL series VAL 277 COL cert VAL A1NM,0,0.9999972572694519,0,3979,1097,0,1,0,0,1
COL make VAL EVANGEL COL model VAL 4500 COL series VAL 300 COL name VAL No Popular Name COL cert VAL A17CE,COL make VAL B COL model VAL 767 COL series VAL 27C COL cert VAL A1NM,0,0.9999976535228158,0,5028,1098,0,1,0,0,1
COL make VAL CESSNA COL model VAL A188 COL series VAL B COL name VAL AGWAGON C COL cert VAL A9CE,COL make VAL B COL model VAL 767 COL series VAL 281 COL cert VAL A1NM,0,0.9999973621805375,0,3868,1099,0,1,0,0,1
COL make VAL SWEARINGEN COL model VAL SA227 COL series VAL DC COL name VAL METRO 23 COL cert VAL A18SW,COL make VAL B COL model VAL 767 COL series VAL 284 COL cert VAL A1NM,0,0.9999972284210288,0,8902,1100,0,1,0,0,1
COL make VAL CONSOLIDATED VULTEE COL model VAL SNV COL series VAL 2 COL name VAL VALIANT COL cert VAL A-2-571,COL make VAL B COL model VAL 767 COL series VAL 2AX COL cert VAL A1NM,0,0.9999971815474975,0,4324,1101,0,1,0,0,1
COL make VAL NORTH AMERICAN COL model VAL NA265 COL series VAL 60 COL name VAL SABRELINER 60 COL cert VAL A2WE,COL make VAL B COL model VAL 767 COL series VAL 2B7 COL cert VAL A1NM,0,0.9999970508895333,0,7207,1102,0,1,0,0,1
COL make VAL CESSNA COL model VAL FRA150 COL series VAL L COL name VAL AEROBAT COL cert VAL A13EU,COL make VAL B COL model VAL 767 COL series VAL 2J6 COL cert VAL A1NM,0,0.9999974186725366,0,3920,1103,0,1,0,0,1
COL make VAL BELLANCA COL model VAL 17 31 COL series VAL A COL name VAL TURBO SUPER VIKING COL cert VAL A18CE,COL make VAL B COL model VAL 767 COL series VAL 2Q4 COL cert VAL A1NM,0,0.9999974740414193,0,1531,1104,0,1,0,0,1
COL make VAL AERO COMMANDER COL model VAL 500 COL series VAL S COL name VAL SHRIKE COMMANDER COL cert VAL 6A1,COL make VAL B COL model VAL 767 COL series VAL 2S1 COL cert VAL A1NM,0,0.9999970967038764,0,21792,1105,0,1,0,0,1
COL make VAL SCHWEIZER COL model VAL SGS1 26 COL series VAL B COL name VAL No Popular Name COL cert VAL 1G10,COL make VAL B COL model VAL 767 COL series VAL 316BCF COL cert VAL A1NM,0,0.9999973192416836,0,8288,1106,0,1,0,0,1
COL make VAL SIKORSKY COL model VAL S76 COL series VAL C COL name VAL No Popular Name COL cert VAL H1NE,COL make VAL B COL model VAL 767 COL series VAL 316F COL cert VAL A1NM,0,0.9999975088778887,0,8496,1107,0,1,0,0,1
COL make VAL CESSNA COL model VAL T207 COL series VAL A COL name VAL TURBO SKYWAGON COL cert VAL A16CE,COL make VAL B COL model VAL 767 COL series VAL 3J6 COL cert VAL A1NM,0,0.9999973748638606,0,3964,1108,0,1,0,0,1
COL make VAL BOEING COL model VAL 737 COL series VAL 3K9 COL name VAL No Popular Name COL cert VAL A16WE,COL make VAL B COL model VAL 767 COL series VAL 322 COL cert VAL A1NM,0,0.999997367298614,0,2107,1109,0,1,0,0,1
COL make VAL PIPER COL model VAL PA28 COL series VAL 151 COL name VAL CHEROKEE WARRIOR COL cert VAL 2A13,COL make VAL B COL model VAL 767 COL series VAL 343 COL cert VAL A1NM,0,0.9999969303003486,0,7557,1110,0,1,0,0,1
COL make VAL BOEING COL model VAL 737 COL series VAL 291 COL name VAL No Popular Name COL cert VAL A16WE,COL make VAL B COL model VAL 767 COL series VAL 34AF COL cert VAL A1NM,0,0.9999972255146552,0,1965,1111,0,1,0,0,1
COL make VAL LEARJET COL model VAL 24 COL series VAL C COL name VAL No Popular Name COL cert VAL A10CE,COL make VAL B COL model VAL 767 COL series VAL 352 COL cert VAL A1NM,0,0.9999972279505034,0,25589,1112,0,1,0,0,1
COL make VAL KINNER COL model VAL PLAYBOY COL series VAL R COL name VAL No Popular Name COL cert VAL ATC 554,COL make VAL B COL model VAL 767 COL series VAL 3Y0 COL cert VAL A1NM,0,0.999996953731343,0,21584,1113,0,1,0,0,1
COL make VAL TAYLORCRAFT COL model VAL F21 COL series VAL F21 COL name VAL No Popular Name COL cert VAL 1A9,COL make VAL B COL model VAL 767 COL series VAL 366 COL cert VAL A1NM,0,0.9999971128465678,0,8953,1114,0,1,0,0,1
COL make VAL KAMAN COL model VAL HH43 COL series VAL B COL name VAL HUSKIE COL cert VAL H1NW,COL make VAL B COL model VAL 767 COL series VAL 381F COL cert VAL A1NM,0,0.9999974498052129,0,22024,1115,0,1,0,0,1
COL make VAL DOUGLAS COL model VAL DC8 COL series VAL 55 COL name VAL No Popular Name COL cert VAL 4A25,COL make VAL B COL model VAL 767 COL series VAL 3CB COL cert VAL A1NM,0,0.9999972474129616,0,4771,1116,0,1,0,0,1
COL make VAL VERTOL COL model VAL CH47 COL series VAL D COL name VAL CHINOOK COL cert VAL R0014DE,COL make VAL B COL model VAL 767 COL series VAL 3JHF COL cert VAL A1NM,0,0.9999972651274005,0,13110,1117,0,1,0,0,1
COL make VAL EVANGEL COL model VAL 4500 COL series VAL 300 SERIES II COL name VAL No Popular Name COL cert VAL A17CE,COL make VAL B COL model VAL 767 COL series VAL 3S1 COL cert VAL A1NM,0,0.999997526901055,0,5029,1118,0,1,0,0,1
COL make VAL STEARMAN COL model VAL D75 COL series VAL N1 COL name VAL KAYDET COL cert VAL A-743,COL make VAL B COL model VAL 767 COL series VAL 3Z9 COL cert VAL A1NM,0,0.9999972864064084,0,8726,1119,0,1,0,0,1
COL make VAL CESSNA COL model VAL 210 COL series VAL L COL name VAL CENTURION COL cert VAL 3A21,COL make VAL B COL model VAL 777 COL series VAL FFX COL cert VAL T00001SE,0,0.999997075495376,0,3759,1120,0,1,0,0,1
COL make VAL SWEARINGEN COL model VAL SA227 COL series VAL CC COL name VAL METRO 23 COL cert VAL A18SW,COL make VAL B COL model VAL 767 COL series VAL 424ER COL cert VAL A1NM,0,0.999996997908803,0,8901,1121,0,1,0,0,1
COL make VAL THRUSH COL model VAL S2R COL series VAL G6 COL name VAL No Popular Name COL cert VAL A4SW,COL make VAL B COL model VAL 767 COL series VAL 432ER COL cert VAL A1NM,0,0.9999970423850032,0,11662,1122,0,1,0,0,1
COL make VAL LEARJET COL model VAL 45 COL series VAL 45 COL name VAL LEARJET 40 COL cert VAL T00008WI,COL make VAL B COL model VAL 777 COL series VAL 212 COL cert VAL T00001SE,0,0.999997233131127,0,6355,1123,0,1,0,0,1
COL make VAL NORTH AMERICAN COL model VAL AT6 COL series VAL B COL name VAL TEXAN COL cert VAL A-2-575,COL make VAL B COL model VAL 777 COL series VAL 21B COL cert VAL T00001SE,0,0.9999972943305423,0,7162,1124,0,1,0,0,1
COL make VAL PIPER COL model VAL PA60 COL series VAL 602P COL name VAL AEROSTAR 602P COL cert VAL A17WE,COL make VAL B COL model VAL 777 COL series VAL 21H COL cert VAL T00001SE,0,0.9999977586982064,0,7641,1125,0,1,0,0,1
COL make VAL PIPER COL model VAL PA60 COL series VAL 602P COL name VAL AEROSTAR 602P COL cert VAL A17WE,COL make VAL B COL model VAL 777 COL series VAL 2H6 COL cert VAL T00001SE,0,0.9999976654410173,0,7641,1126,0,1,0,0,1
COL make VAL CESSNA COL model VAL TP206 COL series VAL D COL name VAL TURBO SUPER SKYLANE COL cert VAL A4CE,COL make VAL B COL model VAL 777 COL series VAL 222 COL cert VAL T00001SE,0,0.9999972622268819,0,3997,1127,0,1,0,0,1
COL make VAL LOCKHEED COL model VAL 188 COL series VAL C COL name VAL ELECTRA COL cert VAL 4A22,COL make VAL B COL model VAL 777 COL series VAL 223 COL cert VAL T00001SE,0,0.9999971263889504,0,6538,1128,0,1,0,0,1
COL make VAL BOEING COL model VAL 737 COL series VAL 758 COL name VAL No Popular Name COL cert VAL A16WE,COL make VAL B COL model VAL 777 COL series VAL 224 COL cert VAL T00001SE,0,0.9999972316636295,0,2223,1129,0,1,0,0,1
COL make VAL CESSNA COL model VAL 182 COL series VAL E COL name VAL SKYLANE COL cert VAL 3A13,COL make VAL B COL model VAL 777 COL series VAL 232 COL cert VAL T00001SE,0,0.9999972298347675,0,3712,1130,0,1,0,0,1
COL make VAL MCDONNELL DOUGLAS HELICOPTER COL model VAL 600 COL series VAL N COL name VAL No Popular Name COL cert VAL H3WE,COL make VAL B COL model VAL 777 COL series VAL 232LR COL cert VAL T00001SE,0,0.9999972413844721,0,6821,1131,0,1,0,0,1
COL make VAL DOUGLAS COL model VAL DC7 COL series VAL C COL name VAL SEVEN SEAS COL cert VAL 4A10,COL make VAL B COL model VAL 777 COL series VAL 236 COL cert VAL T00001SE,0,0.9999974592471456,0,4752,1132,0,1,0,0,1
COL make VAL TAYLORCRAFT COL model VAL F22 COL series VAL B COL name VAL No Popular Name COL cert VAL 1A9,COL make VAL B COL model VAL 777 COL series VAL 24Q COL cert VAL T00001SE,0,0.9999974883052544,0,8955,1133,0,1,0,0,1
COL make VAL MCDONNELL DOUGLAS COL model VAL MD90 COL series VAL 30 COL name VAL No Popular Name COL cert VAL A6WE,COL make VAL B COL model VAL 777 COL series VAL 267 COL cert VAL T00001SE,0,0.999997653490368,0,6837,1134,0,1,0,0,1
COL make VAL BEECH COL model VAL 90 COL series VAL F90 COL name VAL KING AIR COL cert VAL A31CE,COL make VAL B COL model VAL 777 COL series VAL 268 COL cert VAL T00001SE,0,0.9999971562980317,0,1309,1135,0,1,0,0,1
COL make VAL BOEING COL model VAL 737 COL series VAL 8B5 COL name VAL No Popular Name COL cert VAL A16WE,COL make VAL B COL model VAL 777 COL series VAL 289 COL cert VAL T00001SE,0,0.9999972895139624,0,2370,1136,0,1,0,0,1
COL make VAL CESSNA COL model VAL TP206 COL series VAL A COL name VAL TURBO SUPER SKYLANE COL cert VAL A4CE,COL make VAL B COL model VAL 777 COL series VAL 2D7 COL cert VAL T00001SE,0,0.9999974748061405,0,3994,1137,0,1,0,0,1
COL make VAL SIKORSKY COL model VAL CH19 COL series VAL E COL name VAL CHICKASAW COL cert VAL HR1SO,COL make VAL B COL model VAL 777 COL series VAL 2Q8 COL cert VAL T00001SE,0,0.9999973150110711,0,21363,1138,0,1,0,0,1
COL make VAL AIR TRACTOR COL model VAL AT501 COL series VAL AT501 COL name VAL No Popular Name COL cert VAL A17SW,COL make VAL B COL model VAL 777 COL series VAL 312 COL cert VAL T00001SE,0,0.9999975388170063,0,365,1139,0,1,0,0,1
COL make VAL BOEING COL model VAL 737 COL series VAL 73S COL name VAL No Popular Name COL cert VAL A16WE,COL make VAL B COL model VAL 777 COL series VAL 346 COL cert VAL T00001SE,0,0.9999974591453757,0,2214,1140,0,1,0,0,1
COL make VAL CESSNA COL model VAL 525 COL series VAL A COL name VAL CITATIONJET COL cert VAL A1WI,COL make VAL B COL model VAL 777 COL series VAL F1B COL cert VAL T00001SE,0,0.9999970183779264,0,3840,1141,0,1,0,0,1
COL make VAL SCHWEIZER COL model VAL SGS1 34 COL series VAL R COL name VAL No Popular Name COL cert VAL G3EA,COL make VAL B COL model VAL 777 COL series VAL F1H COL cert VAL T00001SE,0,0.9999972776894053,0,8293,1142,0,1,0,0,1
COL make VAL CESSNA COL model VAL T210 COL series VAL N COL name VAL TURBO CENTURION COL cert VAL 3A21,COL make VAL B COL model VAL 777 COL series VAL F28 COL cert VAL T00001SE,0,0.9999975051464149,0,3973,1143,0,1,0,0,1
COL make VAL MOONEY COL model VAL M20M COL series VAL M20M COL name VAL TLS COL cert VAL 2A3,COL make VAL B COL model VAL 787 COL series VAL 8 COL name VAL DREAMLINER COL cert VAL T00021SE,0,0.9999974296910847,0,7037,1144,0,1,0,0,1
COL make VAL MOONEY COL model VAL M20U COL series VAL M20U COL name VAL OVATION ULTRA COL cert VAL 2A3,COL make VAL B COL model VAL 17 COL series VAL F COL cert VAL L13,0,0.9999971386564891,0,11868,1145,0,1,0,0,1
COL make VAL MAULE COL model VAL M4 COL series VAL 210S COL name VAL ROCKET COL cert VAL 3A23,COL make VAL B COL model VAL 17 COL series VAL G COL cert VAL L13,0,0.9999966614688734,0,6715,1146,0,1,0,0,1
COL make VAL PIPER COL model VAL L18 COL series VAL C COL name VAL SUPER CUB COL cert VAL 1A2,COL make VAL B COL model VAL 29 COL series VAL 29 COL name VAL SUPERFORTRESS,0,0.9999970417235,0,7478,1147,0,1,0,0,1
COL make VAL MAULE COL model VAL M4 COL series VAL 180C COL name VAL ASTRO ROCKET COL cert VAL 3A23,COL make VAL F COL model VAL 4B COL series VAL 4 COL cert VAL 2555,0,0.999996620968448,0,6709,1148,0,1,0,0,1
COL make VAL CESSNA COL model VAL 408 COL series VAL 408 COL name VAL SKYCOURIER COL cert VAL A00016WI,COL make VAL STIFF COL model VAL KC97 COL series VAL GRESTD COL cert VAL A18NM,0,0.9999968649656693,0,12481,1149,0,1,0,0,1
COL make VAL WACO COL model VAL ZPF COL series VAL 7 COL name VAL No Popular Name COL cert VAL ATC 586,COL make VAL CONAIR COL model VAL KC97 COL series VAL G COL name VAL STRATO-FREIGHTER COL cert VAL A30SO,0,0.999997161803394,0,9556,1150,0,1,0,0,1
COL make VAL MARTIN COL model VAL 202 COL series VAL A COL name VAL No Popular Name COL cert VAL A-795,COL make VAL CENTEQ COL model VAL KC97 COL series VAL GRESTD COL name VAL STRATO-FREIGHTER COL cert VAL A24SO,0,0.9999972814292429,0,6693,1151,0,1,0,0,1
COL make VAL PIPER COL model VAL PA18S COL series VAL 125 COL name VAL SUPER CUB COL cert VAL 1A2,COL make VAL B COL model VAL 307 COL series VAL S307 COL cert VAL 719,0,0.9999971001144065,0,7513,1152,0,1,0,0,1
COL make VAL LEARJET COL model VAL 25 COL series VAL B COL name VAL No Popular Name COL cert VAL A10CE,COL make VAL YL COL model VAL 15 COL series VAL G COL cert VAL AR16,0,0.9999969721593277,0,6344,1153,0,1,0,0,1
COL make VAL BEECH COL model VAL 95 COL series VAL B95 COL name VAL TRAVEL AIR COL cert VAL 3A16,COL make VAL BO COL model VAL 105 COL series VAL A COL cert VAL H3EU,0,0.9999973253296077,0,1312,1154,0,1,0,0,1
COL make VAL NATIONAL BALLOONING COL model VAL 752 COL series VAL 752 COL name VAL No Popular Name COL cert VAL A33CE,COL make VAL BOLKOW COL model VAL JR COL series VAL JR COL cert VAL A1EU,0,0.9999971220420034,0,7099,1155,0,1,0,0,1
COL make VAL MAULE COL model VAL M7 COL series VAL 260C COL name VAL ORION COL cert VAL 3A23,COL make VAL ENTWIC COL model VAL PHEBUS COL series VAL A1 COL cert VAL G16EU,0,0.9999971226334096,0,6738,1156,0,1,0,0,1
COL make VAL CHAMPION COL model VAL 7HC COL series VAL 7HC COL name VAL DX COL cert VAL A-759,COL make VAL ENTWIC COL model VAL PHEBUS COL series VAL B1 COL cert VAL G16EU,0,0.9999968272743123,0,4058,1157,0,1,0,0,1
COL make VAL BOEING COL model VAL 737 COL series VAL 3Y9 COL name VAL No Popular Name COL cert VAL A16WE,COL make VAL ENTWIC COL model VAL PHEBUS COL series VAL C COL cert VAL G16EU,0,0.9999966424102149,0,2121,1158,0,1,0,0,1
COL make VAL BOEING COL model VAL 767 COL series VAL 219 COL name VAL No Popular Name COL cert VAL A1NM,COL make VAL BD COL model VAL 100 COL series VAL 1A10 COL cert VAL T00005NY,0,0.9999965898352631,0,2703,1159,0,1,0,0,1
COL make VAL CESSNA COL model VAL U206 COL series VAL B COL name VAL SUPER SKYWAGON COL cert VAL A4CE,COL make VAL BD COL model VAL 700 COL series VAL 1A11 COL cert VAL T00003NY,0,0.9999974029237153,0,4008,1160,0,1,0,0,1
COL make VAL PIPER COL model VAL PA18 COL series VAL 105 SPECIAL COL name VAL SUPER CUB COL cert VAL 1A2,COL make VAL BD COL model VAL 700 COL series VAL 2A12 COL cert VAL T00003NY,0,0.9999975554500375,0,7502,1161,0,1,0,0,1
COL make VAL TAYLORCRAFT COL model VAL F22 COL series VAL B COL name VAL No Popular Name COL cert VAL 1A9,COL make VAL CL COL model VAL 700 COL series VAL 1A10 COL cert VAL T00003NY,0,0.9999972545556661,0,8955,1162,0,1,0,0,1
COL make VAL BOMBARDIER COL model VAL CL600 2B19 COL series VAL 100 COL name VAL REGIONAL JET 100 COL cert VAL A-276,COL make VAL BD COL model VAL 500 COL series VAL 1A10 COL cert VAL T00008NY,0,0.9999970405157697,0,2952,1163,0,1,0,0,1
COL make VAL FAIRCHILD COL model VAL M84 COL series VAL C COL name VAL No Popular Name COL cert VAL A-2-599,COL make VAL BD COL model VAL 500 COL series VAL 1A11 COL cert VAL T00008NY,0,0.9999972884591123,0,21480,1164,0,1,0,0,1
COL make VAL PIPER COL model VAL L4 COL series VAL F COL name VAL CUB CRUISER COL cert VAL A-725,COL make VAL BD COL model VAL 700 COL series VAL 1A10 COL cert VAL T00003NY,0,0.9999974742823013,0,21047,1165,0,1,0,0,1
COL make VAL VERTOL COL model VAL CH47 COL series VAL D COL name VAL CHINOOK COL cert VAL R0011DE,COL make VAL CL COL model VAL 600 COL series VAL 2B19 COL name VAL REGIONAL JET COL cert VAL A21EA,0,0.9999975969556077,0,10927,1166,0,1,0,0,1
COL make VAL HELIO COL model VAL HT295 COL series VAL HT295 COL name VAL No Popular Name COL cert VAL 1A8,COL make VAL CL COL model VAL 600 COL series VAL 2D15 COL name VAL CRJ 705ER COL cert VAL A21EA,0,0.9999975780679229,0,5758,1167,0,1,0,0,1
COL make VAL SIKORSKY COL model VAL CH54 COL series VAL A COL name VAL SKYCRANE COL cert VAL H18NM,COL make VAL CL COL model VAL 600 COL series VAL 2E25 COL name VAL CRJ 1000 COL cert VAL A21EA,0,0.9999974894691164,0,21663,1168,0,1,0,0,1
COL make VAL PIPER COL model VAL L4 COL series VAL A COL name VAL CUB COL cert VAL A-691,COL make VAL BRNTLY COL model VAL 305 COL series VAL 305 COL cert VAL H3SW,0,0.9999971166657534,0,7481,1169,0,1,0,0,1
COL make VAL CANADAIR COL model VAL CL44 COL series VAL J COL name VAL YUKON COL cert VAL A-55,COL make VAL BRNTLY COL model VAL B2 COL series VAL A COL cert VAL 2R2,0,0.9999970046007737,0,3577,1170,0,1,0,0,1
COL make VAL AERO COMMANDER COL model VAL 695 COL series VAL B COL name VAL No Popular Name COL cert VAL 2A4,COL make VAL BRNTLY COL model VAL B2 COL series VAL B COL cert VAL 2R2,0,0.9999969859391004,0,97,1171,0,1,0,0,1
COL make VAL PIPER COL model VAL L4 COL series VAL H COL name VAL CUB COL cert VAL A-691,COL make VAL BRNTLY COL model VAL B2 COL series VAL B2 COL cert VAL 2R2,0,0.9999971153496959,0,7485,1172,0,1,0,0,1
COL make VAL PIPER COL model VAL J3C COL series VAL 65S COL name VAL CUB COL cert VAL A-691,COL make VAL BN COL model VAL 2 COL series VAL A COL name VAL ISLANDER COL cert VAL A17EU,0,0.999997081144644,0,7454,1173,0,1,0,0,1
COL make VAL LANCAIR COL model VAL LC40 COL series VAL 550FG COL name VAL COLUMBIA 300 COL cert VAL A00003SE,COL make VAL BN COL model VAL 2 COL series VAL 2 COL name VAL ISLANDER COL cert VAL A17EU,0,0.9999976321685395,0,6322,1174,0,1,0,0,1
COL make VAL DE HAVILLAND COL model VAL DHC8 COL series VAL 315 COL name VAL DASH 8 COL cert VAL A-142,COL make VAL BN COL model VAL 2 COL series VAL A2 COL name VAL ISLANDER COL cert VAL A17EU,0,0.9999971415488995,0,4613,1175,0,1,0,0,1
COL make VAL CESSNA COL model VAL P206 COL series VAL D COL name VAL SUPER SKYLANE COL cert VAL A4CE,COL make VAL BN COL model VAL 2 COL series VAL B20 COL name VAL ISLANDER COL cert VAL A17EU,0,0.9999973450504254,0,3946,1176,0,1,0,0,1
COL make VAL FAIRCHILD COL model VAL C119 COL series VAL G3E COL name VAL FLYING BOXCAR COL cert VAL A24WE,COL make VAL BN COL model VAL 2 COL series VAL A20 COL name VAL ISLANDER COL cert VAL A17EU,0,0.9999972690980632,0,24304,1177,0,1,0,0,1
COL make VAL LOCKHEED COL model VAL P2V COL series VAL 5F COL name VAL NEPTUNE COL cert VAL NOT CERTIFICATED,COL make VAL BN COL model VAL 2 COL series VAL B21 COL name VAL ISLANDER COL cert VAL A17EU,0,0.9999975675984558,0,6596,1178,0,1,0,0,1
COL make VAL EMBRAER COL model VAL EMB500 COL series VAL EMB500 COL name VAL PHENOM 100 COL cert VAL EA-2008T09,COL make VAL BN COL model VAL 2 COL series VAL A21 COL name VAL ISLANDER COL cert VAL A17EU,0,0.9999972923971917,0,4926,1179,0,1,0,0,1
COL make VAL CESSNA COL model VAL 208 COL series VAL B COL name VAL CARAVAN COL cert VAL A37CE,COL make VAL BN COL model VAL 2 COL series VAL A8 COL name VAL ISLANDER COL cert VAL A17EU,0,0.9999973413283834,0,3747,1180,0,1,0,0,1
COL make VAL SCHLEICHER COL model VAL ASW19 COL series VAL B COL name VAL No Popular Name COL cert VAL 308/SP,COL make VAL BN COL model VAL 2 COL series VAL A9 COL name VAL ISLANDER COL cert VAL A17EU,0,0.9999973778801178,0,8232,1181,0,1,0,0,1
COL make VAL PIPER COL model VAL J3C COL series VAL 40 COL name VAL CUB COL cert VAL A-691,COL make VAL BN COL model VAL 2 COL series VAL B26 COL name VAL ISLANDER COL cert VAL A17EU,0,0.9999974738896517,0,7450,1182,0,1,0,0,1
COL make VAL GULFSTREAM COL model VAL GVI COL series VAL GVI COL name VAL No Popular Name COL cert VAL T00015AT,COL make VAL BN COL model VAL 2 COL series VAL B27 COL name VAL ISLANDER COL cert VAL A17EU,0,0.9999975926639791,0,10257,1183,0,1,0,0,1
COL make VAL SCHWEIZER COL model VAL SGS1 26 COL series VAL E COL name VAL No Popular Name COL cert VAL 1G10,COL make VAL BN COL model VAL 2 COL series VAL A27 COL name VAL ISLANDER COL cert VAL A17EU,0,0.9999974793463396,0,8291,1184,0,1,0,0,1
COL make VAL BOEING COL model VAL 727 COL series VAL 31C COL name VAL No Popular Name COL cert VAL A3WE,COL make VAL BN COL model VAL 2 COL series VAL A3 COL name VAL ISLANDER COL cert VAL A17EU,0,0.9999972739704205,0,1873,1185,0,1,0,0,1
COL make VAL CESSNA COL model VAL F182 COL series VAL P COL name VAL SKYLANE COL cert VAL A42EU,COL make VAL BN COL model VAL 2 COL series VAL A6 COL name VAL ISLANDER COL cert VAL A17EU,0,0.9999972210062696,0,3902,1186,0,1,0,0,1
COL make VAL GULFSTREAM COL model VAL GVI COL series VAL GVI COL name VAL No Popular Name COL cert VAL T00015AT,COL make VAL BN COL model VAL 2AMK3 COL series VAL 2AMK3 COL name VAL TRISLANDER COL cert VAL A29EU,0,0.9999967033157313,0,10257,1187,0,1,0,0,1
COL make VAL STEARMAN COL model VAL A75 COL series VAL J1 COL name VAL KAYDET COL cert VAL A-743,COL make VAL BN COL model VAL 2AMK3 COL series VAL 3 COL name VAL TRISLANDER COL cert VAL A29EU,0,0.9999970262283957,0,8701,1188,0,1,0,0,1
COL make VAL BOEING COL model VAL 247 COL series VAL D COL name VAL No Popular Name COL cert VAL ATC 558,COL make VAL BN COL model VAL 2AMK3 COL series VAL 2 COL name VAL TRISLANDER COL cert VAL A29EU,0,0.9999970832816888,0,1591,1189,0,1,0,0,1
COL make VAL LUSCOMBE COL model VAL 4 COL series VAL 4 COL name VAL No Popular Name COL cert VAL TC 687,COL make VAL BN COL model VAL 2 COL series VAL T COL name VAL TURBINE ISLANDER COL cert VAL A17EU,0,0.9999973551677627,0,6649,1190,0,1,0,0,1
COL make VAL SCHWEIZER COL model VAL SGS1 26 COL series VAL A COL name VAL No Popular Name COL cert VAL 1G10,COL make VAL BUHL COL model VAL CA3 COL series VAL C COL cert VAL ATC46,0,0.9999972188056933,0,8287,1191,0,1,0,0,1
COL make VAL GOODYEAR COL model VAL GA22 COL series VAL A COL name VAL DRAKE COL cert VAL 1A12,COL make VAL BUHL COL model VAL LA1 COL series VAL LA1 COL name VAL FLYING BULL PUP COL cert VAL ATC405,0,0.999997038708898,0,21338,1192,0,1,0,0,1
COL make VAL CESSNA COL model VAL P172 COL series VAL D COL name VAL SKYHAWK POWERMATIC COL cert VAL 3A17,COL make VAL BUSHMS COL model VAL 2000 COL series VAL 2000 COL cert VAL A19WE,0,0.9999973021813667,0,3942,1193,0,1,0,0,1
COL make VAL BOEING COL model VAL 737 COL series VAL 7ET COL name VAL No Popular Name COL cert VAL A16WE,COL make VAL CALAIR COL model VAL A COL series VAL A COL cert VAL A758,0,0.9999970640100228,0,2291,1194,0,1,0,0,1
COL make VAL BOEING COL model VAL 777 COL series VAL 200LR COL name VAL No Popular Name COL cert VAL T00001SE,COL make VAL CALAIR COL model VAL A COL series VAL 2 COL cert VAL A758,0,0.9999972153581607,0,11592,1195,0,1,0,0,1
COL make VAL BOEING COL model VAL 737 COL series VAL 683 COL name VAL No Popular Name COL cert VAL A16WE,COL make VAL CALAIR COL model VAL A COL series VAL 3 COL cert VAL A758,0,0.9999972751322554,0,2198,1196,0,1,0,0,1
COL make VAL MCDONNELL DOUGLAS COL model VAL DC10 COL series VAL 10 COL name VAL No Popular Name COL cert VAL A22WE,COL make VAL CALAIR COL model VAL A COL series VAL 4 COL cert VAL A758,0,0.9999967670668384,0,6823,1197,0,1,0,0,1
COL make VAL CESSNA COL model VAL 150 COL series VAL M COL name VAL No Popular Name COL cert VAL 3A19,COL make VAL CALAIR COL model VAL A COL series VAL 5 COL cert VAL A758,0,0.9999969335934651,0,3663,1198,0,1,0,0,1
COL make VAL BOEING COL model VAL 737 COL series VAL 7CT COL name VAL No Popular Name COL cert VAL A16WE,COL make VAL CALAIR COL model VAL A COL series VAL 5T COL name VAL TEXAN COL cert VAL A758,0,0.9999972827900296,0,2275,1199,0,1,0,0,1
COL make VAL BOEING COL model VAL 737 COL series VAL 883 COL name VAL No Popular Name COL cert VAL A16WE,COL make VAL CALAIR COL model VAL A COL series VAL 6 COL cert VAL A758,0,0.9999973605146752,0,2360,1200,0,1,0,0,1
COL make VAL BOEING COL model VAL 747 COL series VAL 245F COL name VAL No Popular Name COL cert VAL A20WE,COL make VAL CALAIR COL model VAL A COL series VAL 7T COL cert VAL A758,0,0.9999969012327202,0,2482,1201,0,1,0,0,1
COL make VAL CONVAIR COL model VAL 240 COL series VAL 13 COL name VAL No Popular Name COL cert VAL A-219,COL make VAL CALAIR COL model VAL A COL series VAL 7 COL cert VAL A758,0,0.9999971652658659,0,23868,1202,0,1,0,0,1
COL make VAL EVANGEL COL model VAL 4500 COL series VAL 300 SERIES II COL name VAL No Popular Name COL cert VAL A17CE,COL make VAL CALAIR COL model VAL A COL series VAL 9A COL cert VAL A4WE,0,0.9999973697366616,0,5029,1203,0,1,0,0,1
COL make VAL BOEING COL model VAL 737 COL series VAL 306 COL name VAL No Popular Name COL cert VAL A16WE,COL make VAL CALAIR COL model VAL A COL series VAL 9B COL cert VAL A758,0,0.9999973748012719,0,2057,1204,0,1,0,0,1
COL make VAL PARTENAVIA COL model VAL P68 COL series VAL P68 COL name VAL VICTOR COL cert VAL EASA.A.385,COL make VAL CALAIR COL model VAL A COL series VAL 9 COL cert VAL A758,0,0.9999970462734531,0,7320,1205,0,1,0,0,1
COL make VAL MAULE COL model VAL M7 COL series VAL 260C COL name VAL ORION COL cert VAL 3A23,COL make VAL RKWELL COL model VAL B1 COL series VAL A COL cert VAL A8WE,0,0.9999967864723242,0,6738,1206,0,1,0,0,1
COL make VAL BOEING COL model VAL 767 COL series VAL 37E COL name VAL No Popular Name COL cert VAL A1NM,COL make VAL RKWELL COL model VAL B1 COL series VAL ARESTD COL cert VAL A7WE,0,0.9999968468146184,0,2785,1207,0,1,0,0,1
COL make VAL KUBICEK COL model VAL BB40 COL series VAL Z COL name VAL No Popular Name COL cert VAL EASA.BA.003,COL make VAL RKWELL COL model VAL B1 COL series VAL B1 COL cert VAL A8WE,0,0.9999965566752551,0,6277,1208,0,1,0,0,1
COL make VAL SCHLEICHER COL model VAL ASW19 COL series VAL ASW19 COL name VAL No Popular Name COL cert VAL 308/SP,COL make VAL ARCTIC COL model VAL S1A COL series VAL 65F COL cert VAL A737,0,0.9999973888337425,0,8233,1209,0,1,0,0,1
COL make VAL BOEING COL model VAL 737 COL series VAL 2T7 COL name VAL No Popular Name COL cert VAL A16WE,COL make VAL ARCTIC COL model VAL S1A COL series VAL 85F COL cert VAL A737,0,0.9999975094800594,0,2044,1210,0,1,0,0,1
COL make VAL SCHLEICHER COL model VAL K7 COL series VAL K7 COL name VAL RHONADLER COL cert VAL 211/SP,COL make VAL ARCTIC COL model VAL S1A COL series VAL 90F COL cert VAL A737,0,0.999997466567501,0,8258,1211,0,1,0,0,1
COL make VAL AERO COMMANDER COL model VAL 695 COL series VAL 695 COL name VAL JETPROP 980 COL cert VAL 2A4,COL make VAL ARCTIC COL model VAL S1A COL series VAL S1A COL cert VAL A737,0,0.9999970546418085,0,98,1212,0,1,0,0,1
COL make VAL BOEING COL model VAL 737 COL series VAL 37Q COL name VAL No Popular Name COL cert VAL A16WE,COL make VAL CAMBAL COL model VAL A COL series VAL 250 COL cert VAL B2GL,0,0.999997023146903,0,2089,1213,0,1,0,0,1
COL make VAL AIR TRACTOR COL model VAL AT802 COL series VAL A COL name VAL No Popular Name COL cert VAL A19SW,COL make VAL CAMRON COL model VAL N COL series VAL 77 COL cert VAL B1EU,0,0.9999972438116447,0,372,1214,0,1,0,0,1
COL make VAL CESSNA COL model VAL M337 COL series VAL B COL name VAL No Popular Name COL cert VAL A6CE,COL make VAL CAMRON COL model VAL N COL series VAL 90 COL cert VAL B1EU,0,0.9999972503488419,0,3933,1215,0,1,0,0,1
COL make VAL AEROSTAR INTERNATIONAL COL model VAL RX6 COL series VAL RX6 COL name VAL No Popular Name COL cert VAL A15CE,COL make VAL CAMRON COL model VAL O COL series VAL 77 COL cert VAL B1EU,0,0.9999973601483969,0,288,1216,0,1,0,0,1
COL make VAL AYRES COL model VAL S2R COL series VAL R1820 COL name VAL THRUSH 510P COL cert VAL A4SW,COL make VAL CAMBAL COL model VAL O COL series VAL 77 COL cert VAL B1GL,0,0.999997111275328,0,879,1217,0,1,0,0,1
COL make VAL CAMAIR COL model VAL 480 COL series VAL 480 COL name VAL TWIN NAVION COL cert VAL 2A2,COL make VAL CAMBAL COL model VAL V COL series VAL 77 COL cert VAL B4GL,0,0.9999972120658854,0,16648,1218,0,1,0,0,1
COL make VAL BEECH COL model VAL 99 COL series VAL C99 COL name VAL AIRLINER COL cert VAL A14CE,COL make VAL CL COL model VAL 215 COL series VAL 1A10 COL name VAL WATER BOMBER COL cert VAL A14EA,0,0.999997454965657,0,1321,1219,0,1,0,0,1
COL make VAL GRUMMAN COL model VAL G164 COL series VAL B34T COL name VAL SUPER AG-CAT COL cert VAL 1A16,COL make VAL CL COL model VAL 215 COL series VAL 6B11 COL name VAL CL-215T/CL-415 COL cert VAL A14AE,0,0.9999975219077403,0,5550,1220,0,1,0,0,1
COL make VAL NATIONAL BALLOONING COL model VAL 755 COL series VAL 12 COL name VAL No Popular Name COL cert VAL A33CE,COL make VAL CL COL model VAL 44 COL series VAL J COL name VAL YUKON/FREIGHTLINER COL cert VAL 1A20,0,0.9999974674407576,0,7098,1221,0,1,0,0,1
COL make VAL CESSNA COL model VAL 551 COL series VAL 551 COL name VAL CITATION II SP COL cert VAL A27CE,COL make VAL CL COL model VAL 600 COL series VAL 1A11 COL name VAL CHALLENGER COL cert VAL A21EA,0,0.999997213188991,0,3845,1222,0,1,0,0,1
COL make VAL BOEING COL model VAL 777 COL series VAL 267 COL name VAL No Popular Name COL cert VAL T00001SE,COL make VAL CL COL model VAL 601 COL series VAL 3A COL cert VAL A21EA,0,0.9999974302989181,0,2833,1224,0,1,0,0,1
COL make VAL BOEING COL model VAL 777 COL series VAL 212 COL name VAL No Popular Name COL cert VAL T00001SE,COL make VAL CL COL model VAL 600 COL series VAL 2A12 COL name VAL CHALLENGER COL cert VAL A21EA,0,0.9999972071228362,0,2811,1225,0,1,0,0,1
COL make VAL CESSNA COL model VAL R172 COL series VAL G COL name VAL No Popular Name COL cert VAL 3A17,COL make VAL CL COL model VAL 600 COL series VAL 2B16 COL name VAL CHALLENGER COL cert VAL A21EA,0,0.9999973596989756,0,3954,1226,0,1,0,0,1
COL make VAL STINSON COL model VAL SR10 COL series VAL K COL name VAL RELIANT COL cert VAL TC 679,COL make VAL CL COL model VAL 604 COL series VAL 604 COL cert VAL A21EA,0,0.9999974934678717,0,22190,1227,0,1,0,0,1
COL make VAL PITTS COL model VAL S1 COL series VAL T COL name VAL PITTS SPECIAL COL cert VAL A8SO,COL make VAL CN COL model VAL 235 COL series VAL 235 COL cert VAL A21NM,0,0.9999971866967944,0,7661,1228,0,1,0,0,1
COL make VAL AMERICAN GENERAL COL model VAL AG5 COL series VAL B COL name VAL TIGER COL cert VAL A16EA,COL make VAL CN COL model VAL 235 COL series VAL 300 COL cert VAL A21NM,0,0.9999972671883823,0,550,1229,0,1,0,0,1
COL make VAL LEARJET COL model VAL 25 COL series VAL B COL name VAL No Popular Name COL cert VAL A10CE,COL make VAL CN COL model VAL 235 COL series VAL 200 COL cert VAL A21NM,0,0.9999970067110772,0,6344,1230,0,1,0,0,1
COL make VAL LOCKHEED COL model VAL R2O COL series VAL R2O COL name VAL No Popular Name COL cert VAL TC 551,COL make VAL CNTRAR COL model VAL 101 COL series VAL A COL cert VAL G46EU,0,0.9999974632178328,0,6607,1231,0,1,0,0,1
COL make VAL FOKKER COL model VAL F27 COL series VAL 600 COL name VAL FRIENDSHIP COL cert VAL EASA.A.036,COL make VAL CNTRAR COL model VAL 101 COL series VAL AP COL cert VAL G46EU,0,0.999997133337248,0,5286,1232,0,1,0,0,1
COL make VAL BEECH COL model VAL 58 COL series VAL 58 COL name VAL BARON COL cert VAL 3A16,COL make VAL CNTRAR COL model VAL 101 COL series VAL 101 COL cert VAL G46EU,0,0.9999971421594636,0,1282,1233,0,1,0,0,1
COL make VAL BOEING COL model VAL 737 COL series VAL 3L9 COL name VAL No Popular Name COL cert VAL A16WE,COL make VAL CE COL model VAL 120 COL series VAL 120 COL cert VAL A768,0,0.9999967663221707,0,2108,1234,0,1,0,0,1
COL make VAL BOEING COL model VAL 707 COL series VAL 359B COL name VAL No Popular Name COL cert VAL 4A26,COL make VAL CE COL model VAL 140 COL series VAL A COL cert VAL 5A2,0,0.9999970761381736,0,1649,1235,0,1,0,0,1
COL make VAL LOCKHEED COL model VAL 10 COL series VAL B COL name VAL ELECTRA COL cert VAL TC 584,COL make VAL CE COL model VAL 140 COL series VAL 140 COL cert VAL A768,0,0.9999969215390815,0,6507,1236,0,1,0,0,1
COL make VAL DASSAULT COL model VAL MYSTERE FALCON 20 COL series VAL F5 COL name VAL No Popular Name COL cert VAL 103BIS,COL make VAL CE COL model VAL 150 COL series VAL A COL name VAL COMMUTER COL cert VAL 3A19,0,0.999997707012984,0,4442,1237,0,1,0,0,1
COL make VAL PORTERFIELD COL model VAL FP65 COL series VAL FP65 COL name VAL COLLEGIATE COL cert VAL A-720,COL make VAL CE COL model VAL 150 COL series VAL B COL name VAL COMMUTER COL cert VAL 3A19,0,0.9999975957177624,0,7693,1238,0,1,0,0,1
COL make VAL CESSNA COL model VAL 680 COL series VAL A COL name VAL LATITUDE COL cert VAL T00012WI,COL make VAL CE COL model VAL 150 COL series VAL C COL name VAL COMMUTER COL cert VAL 3A19,0,0.9999976133049875,0,11056,1239,0,1,0,0,1
COL make VAL HUGHES COL model VAL 269C COL series VAL 269C COL name VAL 300C COL cert VAL 4H12,COL make VAL CE COL model VAL 150 COL series VAL D COL name VAL COMMUTER COL cert VAL 3A19,0,0.9999976074869623,0,5878,1240,0,1,0,0,1
COL make VAL ZLIN COL model VAL Z143 COL series VAL L COL name VAL No Popular Name COL cert VAL EASA.A.028,COL make VAL CE COL model VAL 150 COL series VAL E COL name VAL COMMUTER COL cert VAL 3A19,0,0.9999974018572519,0,9692,1241,0,1,0,0,1
COL make VAL MARTIN COL model VAL 404 COL series VAL 404 COL name VAL No Popular Name COL cert VAL 1A7,COL make VAL CE COL model VAL 150 COL series VAL F COL name VAL COMMUTER COL cert VAL 3A19,0,0.9999975659485805,0,6695,1242,0,1,0,0,1
COL make VAL AIRBUS COL model VAL A300 COL series VAL B4 605R COL name VAL No Popular Name COL cert VAL EASA.A.172,COL make VAL CE COL model VAL 150 COL series VAL G COL name VAL COMMUTER COL cert VAL 3A19,0,0.9999974268669415,0,396,1243,0,1,0,0,1
COL make VAL MARTIN COL model VAL 202 COL series VAL 202 COL name VAL No Popular Name COL cert VAL A-795,COL make VAL CE COL model VAL 150 COL series VAL H COL name VAL COMMUTER COL cert VAL 3A19,0,0.999997421927364,0,6694,1244,0,1,0,0,1
COL make VAL BELL COL model VAL UH1 COL series VAL H COL name VAL IROQUOIS COL cert VAL R00007DE,COL make VAL CE COL model VAL 150 COL series VAL J COL name VAL COMMUTER COL cert VAL 3A19,0,0.9999974890632627,0,12418,1245,0,1,0,0,1
COL make VAL AERO COMMANDER COL model VAL 1121 COL series VAL B COL name VAL JET COMMANDER COL cert VAL A2IL,COL make VAL CE COL model VAL 150 COL series VAL K COL name VAL COMMUTER COL cert VAL 3A19,0,0.9999972662356483,0,72,1246,0,1,0,0,1
COL make VAL NORTH AMERICAN COL model VAL B25 COL series VAL C COL name VAL MITCHELL COL cert VAL AL-2,COL make VAL CE COL model VAL 150 COL series VAL L COL name VAL COMMUTER COL cert VAL 3A19,0,0.9999974279439888,0,7170,1247,0,1,0,0,1
COL make VAL PILATUS COL model VAL PC6 COL series VAL H2 COL name VAL PORTER COL cert VAL F56-10,COL make VAL CE COL model VAL 150 COL series VAL M COL name VAL COMMUTER COL cert VAL 3A19,0,0.9999977446442994,0,11251,1248,0,1,0,0,1
COL make VAL BELL COL model VAL UH1 COL series VAL H COL name VAL IROQUOIS COL cert VAL H13WE,COL make VAL CE COL model VAL 150 COL series VAL 150 COL name VAL COMMUTER COL cert VAL 3A19,0,0.9999973703035008,0,5382,1249,0,1,0,0,1
COL make VAL SCHWEIZER COL model VAL SGS1 34 COL series VAL SGS1 34 COL name VAL No Popular Name COL cert VAL G3EA,COL make VAL CE COL model VAL 152 COL series VAL 152 COL cert VAL 3A19,0,0.9999974404014241,0,8294,1250,0,1,0,0,1
COL make VAL NORTH AMERICAN COL model VAL NA265 COL series VAL 20 COL name VAL SABRELINER COL cert VAL A2WE,COL make VAL CE COL model VAL 162 COL series VAL 162 COL name VAL SKYCATCHER COL cert VAL NONE,0,0.9999967989090589,0,7204,1251,0,1,0,0,1
COL make VAL BOEING COL model VAL 747 COL series VAL 443 COL name VAL No Popular Name COL cert VAL A20WE,COL make VAL CE COL model VAL 170 COL series VAL A COL cert VAL A799,0,0.9999966742847223,0,2568,1252,0,1,0,0,1
COL make VAL ANDERSON GREENWOOD COL model VAL 51 COL series VAL 51 COL name VAL T250 ARIES COL cert VAL A11SW,COL make VAL CE COL model VAL 170 COL series VAL B COL cert VAL A799,0,0.99999715470024,0,18292,1253,0,1,0,0,1
COL make VAL BOEING COL model VAL 737 COL series VAL 210C COL name VAL No Popular Name COL cert VAL A16WE,COL make VAL CE COL model VAL 170 COL series VAL 170 COL cert VAL A799,0,0.9999967059713013,0,1922,1254,0,1,0,0,1
COL make VAL MAULE COL model VAL MXT7 COL series VAL 180 COL name VAL STAR ROCKET COL cert VAL 3A23,COL make VAL CE COL model VAL 172 COL series VAL A COL name VAL SKYHAWK COL cert VAL 3A12,0,0.9999972060186023,0,6756,1255,0,1,0,0,1
COL make VAL BOEING COL model VAL 737 COL series VAL 401 COL name VAL No Popular Name COL cert VAL A16WE,COL make VAL CE COL model VAL 172 COL series VAL B COL name VAL SKYHAWK COL cert VAL 3A12,0,0.9999971833397422,0,2126,1256,0,1,0,0,1
COL make VAL MITSUBISHI COL model VAL MU2B COL series VAL 36A COL name VAL MARQUISE COL cert VAL 25,COL make VAL CE COL model VAL 172 COL series VAL C COL name VAL SKYHAWK COL cert VAL 3A12,0,0.9999975187353619,0,11474,1257,0,1,0,0,1
COL make VAL SOCATA COL model VAL TB21 COL series VAL TB21 COL name VAL TRINIDAD TURBOCHARGE COL cert VAL EASA.A.378,COL make VAL CE COL model VAL 172 COL series VAL D COL name VAL SKYHAWK COL cert VAL 3A12,0,0.999997352809621,0,8622,1258,0,1,0,0,1
COL make VAL MONOCOUPE COL model VAL 90AL COL series VAL 115 COL name VAL 90-115 COL cert VAL A-306,COL make VAL CE COL model VAL 172 COL series VAL E COL name VAL SKYHAWK COL cert VAL 3A12,0,0.9999973646660504,0,7018,1259,0,1,0,0,1
COL make VAL BELL COL model VAL 214 COL series VAL B COL name VAL BIG LIFTER COL cert VAL H6SW,COL make VAL CE COL model VAL 172 COL series VAL F COL name VAL SKYHAWK COL cert VAL 3A12,0,0.999997355672175,0,1428,1260,0,1,0,0,1
COL make VAL BAC COL model VAL ONE ELEVEN COL series VAL 211AH COL name VAL No Popular Name COL cert VAL NOT CERTIFICATED,COL make VAL CE COL model VAL 172 COL series VAL G COL name VAL SKYHAWK COL cert VAL 3A12,0,0.9999974170054008,0,919,1261,0,1,0,0,1
COL make VAL BEECH COL model VAL 55 COL series VAL D55 COL name VAL BARON COL cert VAL 3A16,COL make VAL CE COL model VAL 172 COL series VAL H COL name VAL SKYHAWK COL cert VAL 3A12,0,0.99999745643971,0,1270,1262,0,1,0,0,1
COL make VAL PILATUS COL model VAL PC12 COL series VAL 47E COL name VAL No Popular Name COL cert VAL EASA.A.089,COL make VAL CE COL model VAL 172 COL series VAL I COL name VAL SKYHAWK COL cert VAL 3A12,0,0.9999972575153132,0,7433,1263,0,1,0,0,1
COL make VAL SPARTAN COL model VAL 7W COL series VAL 7W COL name VAL EXECUTIVE COL cert VAL TC 628,COL make VAL CE COL model VAL 172 COL series VAL K COL name VAL SKYHAWK COL cert VAL 3A12,0,0.9999973085300697,0,8673,1264,0,1,0,0,1
COL make VAL HAWKER COL model VAL 4000 COL series VAL 4000 COL name VAL HORIZON COL cert VAL T00013WI,COL make VAL CE COL model VAL 172 COL series VAL L COL name VAL SKYHAWK COL cert VAL 3A12,0,0.9999975683441292,0,5668,1265,0,1,0,0,1
COL make VAL PIPER COL model VAL PA42 COL series VAL 1000 COL name VAL CHEYENNE 400LS COL cert VAL A23SO,COL make VAL CE COL model VAL 172 COL series VAL M COL name VAL SKYHAWK COL cert VAL 3A12,0,0.9999975337148644,0,7625,1266,0,1,0,0,1
COL make VAL STINSON COL model VAL HW75 COL series VAL HW75 COL name VAL VOYAGER COL cert VAL A-709,COL make VAL CE COL model VAL 172 COL series VAL N COL name VAL SKYHAWK COL cert VAL 3A12,0,0.9999976622216462,0,8761,1267,0,1,0,0,1
COL make VAL KUBICEK COL model VAL BB42 COL series VAL Z COL name VAL No Popular Name COL cert VAL EASA.BA.003,COL make VAL CE COL model VAL 172 COL series VAL P COL name VAL SKYHAWK COL cert VAL 3A12,0,0.999997010754759,0,6278,1268,0,1,0,0,1
COL make VAL CESSNA COL model VAL A150 COL series VAL L COL name VAL AEROBAT COL cert VAL 3A19,COL make VAL CE COL model VAL 172 COL series VAL Q COL name VAL CUTLASS COL cert VAL 3A12,0,0.99999743790671,0,3857,1269,0,1,0,0,1
COL make VAL DART COL model VAL DART GW COL series VAL DART GW COL name VAL No Popular Name COL cert VAL TC 674,COL make VAL CE COL model VAL 172 COL series VAL RG COL name VAL SKYHAWK COL cert VAL 3A17,0,0.9999974985506974,0,18389,1270,0,1,0,0,1
COL make VAL AYRES COL model VAL S2R COL series VAL R1340 COL name VAL THRUSH 400 COL cert VAL A3SW,COL make VAL CE COL model VAL 172 COL series VAL R COL cert VAL 3A12,0,0.9999971046311579,0,862,1271,0,1,0,0,1
COL make VAL SCHWEIZER COL model VAL SGS1 35 COL series VAL C COL name VAL No Popular Name COL cert VAL G4EA,COL make VAL CE COL model VAL 172 COL series VAL S COL name VAL SKYHAWK SP COL cert VAL 3A12,0,0.9999975653983733,0,8296,1272,0,1,0,0,1
COL make VAL BELL COL model VAL 214 COL series VAL ST COL name VAL SUPER TRANSPORT COL cert VAL H10SW,COL make VAL CE COL model VAL 172 COL series VAL 172 COL name VAL SKYHAWK COL cert VAL 3A12,0,0.9999973966251233,0,1430,1273,0,1,0,0,1
COL make VAL MONOCOUPE COL model VAL 90AF COL series VAL 100 COL name VAL No Popular Name COL cert VAL A-306,COL make VAL CE COL model VAL 175 COL series VAL A COL name VAL SKYLARK COL cert VAL 3A17,0,0.9999974147073247,0,7016,1274,0,1,0,0,1
COL make VAL LOCKHEED COL model VAL 382 COL series VAL G COL name VAL L100 30 COL cert VAL A1SO,COL make VAL CE COL model VAL 175 COL series VAL B COL name VAL SKYLARK COL cert VAL 3A17,0,0.9999976852229304,0,6542,1275,0,1,0,0,1
COL make VAL BOEING COL model VAL 777 COL series VAL 21H COL name VAL No Popular Name COL cert VAL T00001SE,COL make VAL CE COL model VAL 175 COL series VAL C COL name VAL SKYHAWK COL cert VAL 3A17,0,0.9999973536880188,0,2814,1276,0,1,0,0,1
COL make VAL BOEING COL model VAL 777 COL series VAL 289 COL name VAL No Popular Name COL cert VAL T00001SE,COL make VAL CE COL model VAL 175 COL series VAL 175 COL name VAL SKYLARK COL cert VAL 3A17,0,0.9999975110768281,0,2838,1277,0,1,0,0,1
COL make VAL BELLANCA COL model VAL 17 30 COL series VAL A COL name VAL VIKING 300 COL cert VAL A18CE,COL make VAL CE COL model VAL 177 COL series VAL A COL name VAL CARDINAL COL cert VAL A13CE,0,0.9999974078329587,0,1529,1278,0,1,0,0,1
COL make VAL DOUGLAS COL model VAL DC8 COL series VAL 32 COL name VAL No Popular Name COL cert VAL 4A25,COL make VAL CE COL model VAL 177 COL series VAL B COL name VAL CARDINAL COL cert VAL A13CE,0,0.9999973000167459,0,4759,1279,0,1,0,0,1
COL make VAL KUBICEK COL model VAL BB60 COL series VAL Z COL name VAL No Popular Name COL cert VAL EASA.BA.003,COL make VAL CE COL model VAL 177 COL series VAL 177 COL name VAL CARDINAL COL cert VAL A13CE,0,0.999996874652549,0,6283,1280,0,1,0,0,1
COL make VAL DOUGLAS COL model VAL DC9 COL series VAL 82 COL name VAL MD82 COL cert VAL A6WE,COL make VAL CE COL model VAL 177 COL series VAL RG COL name VAL CARDINAL RG COL cert VAL A20CE,0,0.9999969509033306,0,4817,1281,0,1,0,0,1
COL make VAL PHEASANT COL model VAL H10 COL series VAL H10 COL name VAL No Popular Name COL cert VAL ATC 36,COL make VAL CE COL model VAL 180 COL series VAL A COL name VAL SKYWAGON COL cert VAL 5A6,0,0.9999968512004316,0,22080,1282,0,1,0,0,1
COL make VAL AERO COMMANDER COL model VAL 681 COL series VAL 681 COL name VAL HAWK COMMANDER COL cert VAL 2A4,COL make VAL CE COL model VAL 180 COL series VAL B COL name VAL SKYWAGON COL cert VAL 5A6,0,0.9999969720654802,0,7987,1283,0,1,0,0,1
COL make VAL CESSNA COL model VAL 310 COL series VAL N COL name VAL No Popular Name COL cert VAL 3A10,COL make VAL CE COL model VAL 180 COL series VAL C COL name VAL SKYWAGON COL cert VAL 5A6,0,0.9999972519256817,0,3783,1284,0,1,0,0,1
COL make VAL GRUMMAN COL model VAL AA1 COL series VAL B COL name VAL TRAINER COL cert VAL A11EA,COL make VAL CE COL model VAL 180 COL series VAL D COL name VAL SKYWAGON COL cert VAL 5A6,0,0.9999968992402712,0,5510,1285,0,1,0,0,1
COL make VAL STINSON COL model VAL SR10 COL series VAL K COL name VAL RELIANT COL cert VAL TC 679,COL make VAL CE COL model VAL 180 COL series VAL E COL name VAL SKYWAGON COL cert VAL 5A6,0,0.9999974573928401,0,22190,1286,0,1,0,0,1
COL make VAL CESSNA COL model VAL 320 COL series VAL B COL name VAL No Popular Name COL cert VAL 3A25,COL make VAL CE COL model VAL 180 COL series VAL F COL name VAL SKYWAGON COL cert VAL 5A6,0,0.9999969144158445,0,3795,1287,0,1,0,0,1
COL make VAL HUGHES COL model VAL 269C COL series VAL 1 COL name VAL 300C COL cert VAL 4H12,COL make VAL CE COL model VAL 180 COL series VAL G COL name VAL SKYWAGON COL cert VAL 5A6,0,0.9999971145118921,0,5876,1288,0,1,0,0,1
COL make VAL BEECH COL model VAL 95 COL series VAL E95 COL name VAL TRAVEL AIR COL cert VAL 3A16,COL make VAL CE COL model VAL 180 COL series VAL H COL name VAL SKYWAGON COL cert VAL 5A6,0,0.999997303918756,0,1315,1289,0,1,0,0,1
COL make VAL BREGUET COL model VAL 905 COL series VAL A COL name VAL FAUVETTE COL cert VAL EASA.SAS.A.004,COL make VAL CE COL model VAL 180 COL series VAL J COL name VAL SKYWAGON COL cert VAL 5A6,0,0.9999973524511103,0,10076,1290,0,1,0,0,1
COL make VAL CESSNA COL model VAL 404 COL series VAL 404 COL name VAL TITAN COL cert VAL A25CE,COL make VAL CE COL model VAL 180 COL series VAL K COL name VAL SKYWAGON COL cert VAL 5A6,0,0.9999971394313584,0,3824,1291,0,1,0,0,1
COL make VAL PIPER COL model VAL PA11S COL series VAL PA11S COL name VAL CUB SPECIAL COL cert VAL A-691,COL make VAL CE COL model VAL 180 COL series VAL 180 COL name VAL SKYWAGON COL cert VAL 5A6,0,0.9999968478353646,0,7494,1292,0,1,0,0,1
COL make VAL TECNAM COL model VAL P2012 COL series VAL P2012 COL name VAL TRAVELLER COL cert VAL EASA.A.637,COL make VAL CE COL model VAL 182 COL series VAL A COL name VAL SKYLANE COL cert VAL 3A13,0,0.9999974635903711,0,11863,1293,0,1,0,0,1
COL make VAL BOEING COL model VAL 737 COL series VAL 7ET COL name VAL No Popular Name COL cert VAL A16WE,COL make VAL CE COL model VAL 182 COL series VAL B COL name VAL SKYLANE COL cert VAL 3A13,0,0.9999972204297809,0,2291,1294,0,1,0,0,1
COL make VAL HAWKER SIDDELEY COL model VAL HS125 COL series VAL 700B COL name VAL No Popular Name COL cert VAL A3EU,COL make VAL CE COL model VAL 182 COL series VAL C COL name VAL SKYLANE COL cert VAL 3A13,0,0.9999973912655306,0,5718,1295,0,1,0,0,1
COL make VAL PIPER COL model VAL J4 COL series VAL B COL name VAL CUB COUPE COL cert VAL TC 708,COL make VAL CE COL model VAL 182 COL series VAL D COL name VAL SKYLANE COL cert VAL 3A13,0,0.9999975031101173,0,7470,1296,0,1,0,0,1
COL make VAL KAMAN COL model VAL K1200 COL series VAL K1200 COL name VAL K-MAX COL cert VAL TR7BO,COL make VAL CE COL model VAL 182 COL series VAL E COL name VAL SKYLANE COL cert VAL 3A13,0,0.9999975330420928,0,6161,1297,0,1,0,0,1
COL make VAL NORTH AMERICAN COL model VAL B25 COL series VAL H COL name VAL MITCHELL COL cert VAL AL-2,COL make VAL CE COL model VAL 182 COL series VAL F COL name VAL SKYLANE COL cert VAL 3A13,0,0.999997527417518,0,7172,1298,0,1,0,0,1
COL make VAL BOEING COL model VAL 737 COL series VAL 2R4C COL name VAL No Popular Name COL cert VAL A16WE,COL make VAL CE COL model VAL 182 COL series VAL G COL name VAL SKYLANE COL cert VAL 3A13,0,0.9999974851342291,0,2032,1299,0,1,0,0,1
COL make VAL MORANE SAULNIER COL model VAL MS880 COL series VAL B COL name VAL RALLYE CLUB COL cert VAL EASA.A.377,COL make VAL CE COL model VAL 182 COL series VAL H COL name VAL SKYLANE COL cert VAL 3A13,0,0.9999975189589684,0,7048,1300,0,1,0,0,1
COL make VAL EMBRAER COL model VAL EMB545 COL series VAL EMB545 COL name VAL LEGACY 450 COL cert VAL EA-2014T04,COL make VAL CE COL model VAL 182 COL series VAL J COL name VAL SKYLANE COL cert VAL 3A13,0,0.9999973541561261,0,10332,1301,0,1,0,0,1
COL make VAL SHORT COL model VAL SC7 COL series VAL 2 COL name VAL SKYVAN COL cert VAL A-94,COL make VAL CE COL model VAL 182 COL series VAL K COL name VAL SKYLANE COL cert VAL 3A13,0,0.9999972639025902,0,8386,1302,0,1,0,0,1
COL make VAL STINSON COL model VAL SR9 COL series VAL B COL name VAL RELIANT COL cert VAL ATC 621,COL make VAL CE COL model VAL 182 COL series VAL L COL name VAL SKYLANE COL cert VAL 3A13,0,0.999997432128903,0,8782,1303,0,1,0,0,1
COL make VAL FUJI COL model VAL FA200 COL series VAL 160 COL name VAL AERO SUBARU COL cert VAL NOT IDENTIFIED,COL make VAL CE COL model VAL 182 COL series VAL M COL name VAL SKYLANE COL cert VAL 3A13,0,0.9999975491789732,0,5339,1304,0,1,0,0,1
COL make VAL SLINGSBY COL model VAL T51 COL series VAL 15 COL name VAL DART 15 COL cert VAL EASA.SAS.A.087,COL make VAL CE COL model VAL 182 COL series VAL N COL name VAL SKYLANE COL cert VAL 3A13,0,0.999997473147546,0,8573,1305,0,1,0,0,1
COL make VAL BEECH COL model VAL T34 COL series VAL A COL name VAL MENTOR COL cert VAL 5A3,COL make VAL CE COL model VAL 182 COL series VAL P COL name VAL SKYLANE COL cert VAL 3A13,0,0.9999973750040537,0,1388,1306,0,1,0,0,1
COL make VAL GROB COL model VAL G520 COL series VAL G520 COL name VAL EGRETT COL cert VAL 2066,COL make VAL CE COL model VAL 182 COL series VAL Q COL name VAL SKYLANE COL cert VAL 3A13,0,0.9999975147295141,0,5501,1307,0,1,0,0,1
COL make VAL LOCKHEED COL model VAL P38 COL series VAL J COL name VAL LIGHTNING COL cert VAL LTC-10,COL make VAL CE COL model VAL 182 COL series VAL R COL cert VAL 3A13,0,0.9999972244018108,0,6602,1308,0,1,0,0,1
COL make VAL AIR TRACTOR COL model VAL AT301 COL series VAL AT301 COL name VAL No Popular Name COL cert VAL A9SW,COL make VAL CE COL model VAL 182 COL series VAL S COL cert VAL 3A13,0,0.9999970642522102,0,355,1309,0,1,0,0,1
COL make VAL SCHLEICHER COL model VAL ASW24 COL series VAL ASW24 COL name VAL No Popular Name COL cert VAL 366/SP,COL make VAL CE COL model VAL 182 COL series VAL T COL name VAL SKYLANE COL cert VAL 3A13,0,0.9999976251523022,0,8250,1310,0,1,0,0,1
COL make VAL BEECH COL model VAL JU21 COL series VAL A COL name VAL UTE COL cert VAL 3A20,COL make VAL CE COL model VAL 182 COL series VAL 182 COL name VAL SKYLANE COL cert VAL 3A13,0,0.9999972069909904,0,1397,1311,0,1,0,0,1
COL make VAL HELIO COL model VAL H295 COL series VAL H295 COL name VAL SUPER COURIER COL cert VAL 1A8,COL make VAL CE COL model VAL 185 COL series VAL A COL name VAL SKYWAGON COL cert VAL 3A24,0,0.9999974183611078,0,5749,1312,0,1,0,0,1
COL make VAL HELIO COL model VAL H395 COL series VAL H395 COL name VAL COURIER COL cert VAL 1A8,COL make VAL CE COL model VAL 185 COL series VAL B COL name VAL SKYWAGON COL cert VAL 3A24,0,0.9999974132608921,0,5753,1313,0,1,0,0,1
COL make VAL BELL COL model VAL UH1 COL series VAL H COL name VAL IROQUOIS COL cert VAL H13WE,COL make VAL CE COL model VAL 185 COL series VAL C COL name VAL SKYWAGON COL cert VAL 3A24,0,0.9999974484429018,0,5382,1314,0,1,0,0,1
COL make VAL HUGHES COL model VAL 269A COL series VAL 2 COL name VAL 200 COL cert VAL NOT CERTIFICATED,COL make VAL CE COL model VAL 185 COL series VAL D COL name VAL SKYWAGON COL cert VAL 3A24,0,0.9999973938044163,0,15795,1315,0,1,0,0,1
COL make VAL BOEING COL model VAL 777 COL series VAL F28 COL name VAL No Popular Name COL cert VAL T00001SE,COL make VAL CE COL model VAL 185 COL series VAL E COL name VAL SKYWAGON COL cert VAL 3A24,0,0.9999974422327521,0,2880,1316,0,1,0,0,1
COL make VAL FAIRCHILD COL model VAL F45 COL series VAL F45 COL name VAL No Popular Name COL cert VAL TC 603,COL make VAL CE COL model VAL 185 COL series VAL 185 COL name VAL SKYWAGON COL cert VAL 3A24,0,0.9999975927925411,0,5123,1317,0,1,0,0,1
COL make VAL KAMAN COL model VAL HOK1 COL series VAL HOK1 COL name VAL No Popular Name COL cert VAL AR-27,COL make VAL CE COL model VAL 188 COL series VAL A COL name VAL AGWAGON COL cert VAL A9CE,0,0.9999970982733565,0,22028,1318,0,1,0,0,1
COL make VAL PIPER COL model VAL PA60 COL series VAL 700P COL name VAL AEROSTAR 700P COL cert VAL A17WE,COL make VAL CE COL model VAL 188 COL series VAL B COL name VAL AGPICKUP COL cert VAL A9CE,0,0.9999976914034984,0,7642,1319,0,1,0,0,1
COL make VAL BOEING COL model VAL 737 COL series VAL 79L COL name VAL No Popular Name COL cert VAL A16WE,COL make VAL CE COL model VAL 188 COL series VAL 188 COL name VAL AGWAGON 230 COL cert VAL A9CE,0,0.9999969047651314,0,2244,1320,0,1,0,0,1
COL make VAL CESSNA COL model VAL 182 COL series VAL Q COL name VAL SKYLANE COL cert VAL 3A13,COL make VAL CE COL model VAL 190 COL series VAL 190 COL cert VAL A790,0,0.9999969604435247,0,3722,1321,0,1,0,0,1
COL make VAL BEECH COL model VAL 58 COL series VAL P COL name VAL PRESSURIZED BARON COL cert VAL A23CE,COL make VAL CE COL model VAL 195 COL series VAL A COL cert VAL A790,0,0.9999970240197489,0,1278,1322,0,1,0,0,1
COL make VAL STINSON COL model VAL SR10 COL series VAL D COL name VAL RELIANT COL cert VAL TC 679,COL make VAL CE COL model VAL 195 COL series VAL B COL cert VAL A790,0,0.9999975091938387,0,22191,1323,0,1,0,0,1
COL make VAL AMERICAN GENERAL COL model VAL AG5 COL series VAL B COL name VAL TIGER COL cert VAL A16EA,COL make VAL CE COL model VAL 195 COL series VAL 195 COL cert VAL A790,0,0.9999969958309715,0,550,1324,0,1,0,0,1
COL make VAL DOUGLAS COL model VAL C54 COL series VAL E COL name VAL SKYMASTER COL cert VAL A-762,COL make VAL CE COL model VAL 210 COL series VAL 5A(205A) COL name VAL CENTURION COL cert VAL 3A21,0,0.9999975689632241,0,4722,1325,0,1,0,0,1
COL make VAL PIPER COL model VAL L4 COL series VAL A COL name VAL CUB COL cert VAL A-691,COL make VAL CE COL model VAL 210 COL series VAL A COL name VAL CENTURION COL cert VAL 3A21,0,0.9999975746101025,0,7481,1326,0,1,0,0,1
COL make VAL BOEING COL model VAL 777 COL series VAL 2Q8 COL name VAL No Popular Name COL cert VAL T00001SE,COL make VAL CE COL model VAL 210 COL series VAL 5(205) COL name VAL CENTURION COL cert VAL 3A21,0,0.9999975863571803,0,2848,1327,0,1,0,0,1
COL make VAL WACO COL model VAL UC72 COL series VAL C COL name VAL No Popular Name COL cert VAL TC 714,COL make VAL CE COL model VAL 206 COL series VAL H COL cert VAL A4CE,0,0.9999971627113491,0,21681,1328,0,1,0,0,1
COL make VAL PIPER COL model VAL L4 COL series VAL J COL name VAL CUB COL cert VAL A-691,COL make VAL CE COL model VAL 206 COL series VAL 206 COL name VAL SUPER SKYWAGON COL cert VAL A4CE,0,0.9999974349362629,0,7486,1329,0,1,0,0,1
COL make VAL PIPER COL model VAL L4 COL series VAL L4 COL name VAL CUB COL cert VAL A-691,COL make VAL CE COL model VAL 207 COL series VAL A COL name VAL SKYWAGON COL cert VAL A16CE,0,0.9999974358045273,0,7487,1330,0,1,0,0,1
COL make VAL CIRRUS COL model VAL SR22 COL series VAL T COL name VAL No Popular Name COL cert VAL A00009CH,COL make VAL CE COL model VAL 207 COL series VAL 207 COL name VAL SKYWAGON COL cert VAL A16CE,0,0.9999974489854808,0,4080,1331,0,1,0,0,1
COL make VAL BEECH COL model VAL 60 COL series VAL A60 COL name VAL DUKE COL cert VAL A12CE,COL make VAL CE COL model VAL 208 COL series VAL A COL name VAL CARAVAN I COL cert VAL A37CE,0,0.9999974369254987,0,1284,1332,0,1,0,0,1
COL make VAL PIPER COL model VAL PA46 COL series VAL 600TP COL name VAL M600 COL cert VAL A25SO,COL make VAL CE COL model VAL 208 COL series VAL B COL name VAL CARAVAN I COL cert VAL A37CE,0,0.9999974025001552,0,11869,1333,0,1,0,0,1
COL make VAL AIR TRACTOR COL model VAL AT502 COL series VAL B COL name VAL No Popular Name COL cert VAL A17SW,COL make VAL CE COL model VAL 208 COL series VAL 208 COL name VAL CARAVAN I COL cert VAL A37CE,0,0.9999972275473212,0,367,1334,0,1,0,0,1
COL make VAL LOCKHEED COL model VAL 382 COL series VAL E COL name VAL L100 20 COL cert VAL A1SO,COL make VAL CE COL model VAL 210 COL series VAL B COL name VAL CENTURION COL cert VAL 3A21,0,0.9999975135038536,0,6540,1336,0,1,0,0,1
COL make VAL VERTOL COL model VAL 234 COL series VAL 234 COL name VAL CHINOOK COL cert VAL H9EA,COL make VAL CE COL model VAL 210 COL series VAL C COL name VAL CENTURION COL cert VAL 3A21,0,0.9999976584809436,0,9329,1337,0,1,0,0,1
COL make VAL ROBINSON COL model VAL R44 COL series VAL R44 COL name VAL ASTRO COL cert VAL H11NM,COL make VAL CE COL model VAL 210 COL series VAL D COL name VAL CENTURION COL cert VAL 3A21,0,0.9999975682873132,0,7967,1338,0,1,0,0,1
COL make VAL LOCKHEED COL model VAL C121 COL series VAL C COL name VAL SUPER CONSTELLATION COL cert VAL 6A5,COL make VAL CE COL model VAL 210 COL series VAL E COL name VAL CENTURION COL cert VAL 3A21,0,0.9999977823539442,0,21908,1339,0,1,0,0,1
COL make VAL MOONEY COL model VAL M18 COL series VAL M18 COL name VAL MITE COL cert VAL NOT CERTIFICATED,COL make VAL CE COL model VAL 210 COL series VAL F COL name VAL CENTURION COL cert VAL 3A21,0,0.9999975362114526,0,21739,1340,0,1,0,0,1
COL make VAL BELL COL model VAL UH1 COL series VAL A COL name VAL IROQUOIS COL cert VAL H3SO,COL make VAL CE COL model VAL 210 COL series VAL G COL name VAL CENTURION COL cert VAL 3A21,0,0.999997893878009,0,11924,1341,0,1,0,0,1
COL make VAL WACO COL model VAL ARE COL series VAL ARE COL name VAL ARISTOCRAT COL cert VAL TC 714,COL make VAL CE COL model VAL 210 COL series VAL H COL name VAL CENTURION COL cert VAL 3A21,0,0.9999976584385153,0,9482,1342,0,1,0,0,1
COL make VAL STINSON COL model VAL SR8 COL series VAL E COL name VAL RELIANT COL cert VAL ATC 609,COL make VAL CE COL model VAL 210 COL series VAL J COL name VAL CENTURION COL cert VAL 3A21,0,0.9999974993771582,0,22207,1343,0,1,0,0,1
COL make VAL FAIRCHILD COL model VAL PILGRIM 100 COL series VAL A COL name VAL No Popular Name COL cert VAL ATC 443,COL make VAL CE COL model VAL 210 COL series VAL K COL name VAL CENTURION COL cert VAL 3A21,0,0.9999975800511676,0,21439,1344,0,1,0,0,1
COL make VAL MITSUBISHI COL model VAL MU2B COL series VAL 26A COL name VAL MARQUISE COL cert VAL NOT IDENTIFIED,COL make VAL CE COL model VAL 210 COL series VAL L COL name VAL CENTURION COL cert VAL 3A21,0,0.9999978414640428,0,6994,1345,0,1,0,0,1
COL make VAL LAISTER KAUFFMANN COL model VAL LK10 COL series VAL A COL name VAL YANKEE DOODLE 2 COL cert VAL G-15,COL make VAL CE COL model VAL 210 COL series VAL M COL name VAL CENTURION COL cert VAL 3A21,0,0.9999977659005611,0,21590,1346,0,1,0,0,1
COL make VAL KUBICEK COL model VAL BB20 COL series VAL XR COL name VAL No Popular Name COL cert VAL EASA.BA.003,COL make VAL CE COL model VAL 210 COL series VAL N COL name VAL CENTURION COL cert VAL 3A21,0,0.9999975124092568,0,6262,1347,0,1,0,0,1
COL make VAL PIPER COL model VAL PA11S COL series VAL PA11S COL name VAL CUB SPECIAL COL cert VAL A-691,COL make VAL CE COL model VAL 210 COL series VAL R COL name VAL CENTURION COL cert VAL 3A21,0,0.9999976722938294,0,7494,1348,0,1,0,0,1
COL make VAL BOEING COL model VAL 737 COL series VAL 3Y5 COL name VAL No Popular Name COL cert VAL A16WE,COL make VAL CE COL model VAL 210 COL series VAL 210 COL name VAL CENTURION COL cert VAL 3A21,0,0.9999974352310166,0,2120,1349,0,1,0,0,1
COL make VAL AERONCA COL model VAL 65TAL COL series VAL 65TAL COL name VAL DEFENDER COL cert VAL A-728,COL make VAL CE COL model VAL 305 COL series VAL A COL name VAL BIRD DOG COL cert VAL 5A5,0,0.9999973078536385,0,143,1350,0,1,0,0,1
COL make VAL LOCKHEED COL model VAL 382 COL series VAL G COL name VAL L100 30 COL cert VAL A1SO,COL make VAL CE COL model VAL 305 COL series VAL B COL name VAL BIRD DOG COL cert VAL 3A14,0,0.9999976746933794,0,6542,1351,0,1,0,0,1
COL make VAL LEARJET COL model VAL 24 COL series VAL F COL name VAL No Popular Name COL cert VAL A10CE,COL make VAL CE COL model VAL 305 COL series VAL C COL name VAL BIRD DOG COL cert VAL 5A5,0,0.9999974222100915,0,10916,1352,0,1,0,0,1
COL make VAL STINSON COL model VAL L5 COL series VAL B COL name VAL SENTINEL COL cert VAL A-764,COL make VAL CE COL model VAL 305 COL series VAL D COL name VAL BIRD DOG COL cert VAL 5A5,0,0.9999971389429969,0,8766,1353,0,1,0,0,1
COL make VAL CESSNA COL model VAL 680 COL series VAL A COL name VAL LATITUDE COL cert VAL T00012WI,COL make VAL CE COL model VAL 305 COL series VAL E COL name VAL BIRD DOG COL cert VAL 3A14,0,0.9999977208308529,0,11056,1354,0,1,0,0,1
COL make VAL AERO COMMANDER COL model VAL 680 COL series VAL W COL name VAL TURBO COMMANDER COL cert VAL 2A4,COL make VAL CE COL model VAL 305 COL series VAL F COL name VAL BIRD DOG COL cert VAL 5A5,0,0.9999972982111391,0,7986,1355,0,1,0,0,1
COL make VAL BELL COL model VAL P63 COL series VAL E COL name VAL KINGCOBRA COL cert VAL LTC-21,COL make VAL CE COL model VAL 310 COL series VAL A COL cert VAL 3A10,0,0.9999975519482522,0,1509,1356,0,1,0,0,1
COL make VAL AEROMOT COL model VAL AMT200 COL series VAL AMT200 COL name VAL SUPER XIMANGO COL cert VAL EP-8602,COL make VAL CE COL model VAL 310 COL series VAL B COL cert VAL 3A10,0,0.9999974813755962,0,128,1357,0,1,0,0,1
COL make VAL REARWIN COL model VAL 8125 COL series VAL 8125 COL name VAL CLOUDSTER COL cert VAL TC 711,COL make VAL CE COL model VAL 310 COL series VAL C COL cert VAL 3A10,0,0.9999975944701031,0,7935,1358,0,1,0,0,1
COL make VAL CAMERON COL model VAL N90 COL series VAL N90 COL name VAL No Popular Name COL cert VAL B3GL,COL make VAL CE COL model VAL 310 COL series VAL D COL cert VAL 3A10,0,0.9999972041554673,0,3364,1359,0,1,0,0,1
COL make VAL SIKORSKY COL model VAL S51 COL series VAL S51 COL name VAL DRAGONFLY COL cert VAL H-2,COL make VAL CE COL model VAL 310 COL series VAL E COL cert VAL 3A10,0,0.9999975739600551,0,8461,1360,0,1,0,0,1
COL make VAL AERO COMMANDER COL model VAL 680 COL series VAL W COL name VAL TURBO COMMANDER COL cert VAL 2A4,COL make VAL CE COL model VAL 310 COL series VAL F COL cert VAL 3A10,0,0.999997396621399,0,7986,1361,0,1,0,0,1
COL make VAL MAULE COL model VAL M4 COL series VAL 210S COL name VAL ROCKET COL cert VAL 3A23,COL make VAL CE COL model VAL 310 COL series VAL G COL cert VAL 3A10,0,0.9999977088655125,0,6715,1362,0,1,0,0,1
COL make VAL PILATUS COL model VAL PC6 COL series VAL PC6 COL name VAL PORTER COL cert VAL F56-10,COL make VAL CE COL model VAL 310 COL series VAL H COL cert VAL 3A10,0,0.9999976866088495,0,7441,1363,0,1,0,0,1
COL make VAL BOEING COL model VAL 777 COL series VAL 267 COL name VAL No Popular Name COL cert VAL T00001SE,COL make VAL CE COL model VAL 310 COL series VAL I COL cert VAL 3A10,0,0.9999977548860016,0,2833,1364,0,1,0,0,1
COL make VAL SAAB COL model VAL 340 COL series VAL A COL name VAL No Popular Name COL cert VAL EASA.A.068,COL make VAL CE COL model VAL 310 COL series VAL J COL cert VAL 3A10,0,0.999997402900186,0,8086,1365,0,1,0,0,1
COL make VAL DOUGLAS COL model VAL C54 COL series VAL D COL name VAL SKYMASTER COL cert VAL A-762,COL make VAL CE COL model VAL 310 COL series VAL K COL cert VAL 3A10,0,0.9999974578959391,0,4719,1366,0,1,0,0,1
COL make VAL PIPER COL model VAL PA22S COL series VAL 135 COL name VAL TRIPACER COL cert VAL 1A6,COL make VAL CE COL model VAL 310 COL series VAL L COL cert VAL 3A10,0,0.9999975804907706,0,7530,1367,0,1,0,0,1
COL make VAL SCHLEICHER COL model VAL ASW15 COL series VAL B COL name VAL No Popular Name COL cert VAL 272/SP,COL make VAL CE COL model VAL 310 COL series VAL N COL cert VAL 3A10,0,0.9999974843162565,0,8228,1368,0,1,0,0,1
COL make VAL PIPER COL model VAL J3C COL series VAL 50 COL name VAL CUB COL cert VAL A-691,COL make VAL CE COL model VAL 310 COL series VAL P COL cert VAL 3A10,0,0.9999973530330343,0,7451,1369,0,1,0,0,1
COL make VAL BELL COL model VAL 206 COL series VAL L3 COL name VAL LONG RANGER III COL cert VAL H-92,COL make VAL CE COL model VAL 310 COL series VAL T310P COL name VAL TURBO-SYSTEM 310P COL cert VAL 3A10,0,0.9999974029299072,0,1420,1370,0,1,0,0,1
COL make VAL NORTH AMERICAN COL model VAL NA265 COL series VAL 20 COL name VAL SABRELINER COL cert VAL A2WE,COL make VAL CE COL model VAL 310 COL series VAL Q COL cert VAL 3A10,0,0.9999974521000342,0,7204,1371,0,1,0,0,1
COL make VAL GOODYEAR COL model VAL GZ19 COL series VAL A COL name VAL No Popular Name COL cert VAL TC 1,COL make VAL CE COL model VAL 310 COL series VAL R COL cert VAL 3A10,0,0.9999974214712467,0,21293,1372,0,1,0,0,1
COL make VAL STINSON COL model VAL SR8 COL series VAL E COL name VAL RELIANT COL cert VAL ATC 609,COL make VAL CE COL model VAL 310 COL series VAL 310 COL cert VAL 3A10,0,0.9999974860861967,0,22207,1373,0,1,0,0,1
COL make VAL SIKORSKY COL model VAL S76 COL series VAL D COL name VAL No Popular Name COL cert VAL H1NE,COL make VAL CE COL model VAL 320 COL series VAL 1 COL name VAL SKYKNIGHT COL cert VAL 3A25,0,0.9999975111587167,0,10455,1374,0,1,0,0,1
COL make VAL HOWARD COL model VAL GH2 COL series VAL GH2 COL name VAL No Popular Name COL cert VAL A-717,COL make VAL CE COL model VAL 320 COL series VAL A COL name VAL SKYKNIGHT COL cert VAL 3A25,0,0.9999974301408462,0,5862,1375,0,1,0,0,1
COL make VAL BEECH COL model VAL 58 COL series VAL G58 COL name VAL BARON COL cert VAL 3A16,COL make VAL CE COL model VAL 320 COL series VAL B COL name VAL SKYKNIGHT COL cert VAL 3A25,0,0.9999973806968272,0,1368,1376,0,1,0,0,1
COL make VAL MAULE COL model VAL M5 COL series VAL 200 COL name VAL LUNAR ROCKET COL cert VAL 3A23,COL make VAL CE COL model VAL 320 COL series VAL C COL name VAL SKYKNIGHT COL cert VAL 3A25,0,0.9999976336968034,0,6726,1377,0,1,0,0,1
COL make VAL AMAZON COL model VAL MK27 COL series VAL MK27 COL name VAL No Popular Name COL cert VAL NOT CERTIFICATED,COL make VAL CE COL model VAL 320 COL series VAL D COL name VAL SKYKNIGHT COL cert VAL 3A25,0,0.9999975474031667,0,23360,1378,0,1,0,0,1
COL make VAL ROBINSON COL model VAL R22 COL series VAL BETA COL name VAL No Popular Name COL cert VAL H10WE,COL make VAL CE COL model VAL 320 COL series VAL E COL name VAL EXECUTIVE SKYKNIGHT COL cert VAL 3A25,0,0.9999973710457247,0,7962,1379,0,1,0,0,1
COL make VAL SKY COL model VAL 120 24 COL series VAL 120 24 COL name VAL No Popular Name COL cert VAL UK.TC.BA.00003,COL make VAL CE COL model VAL 320 COL series VAL F COL name VAL EXECUTIVE SKYKNIGHT COL cert VAL 3A25,0,0.9999975346143507,0,8520,1380,0,1,0,0,1
COL make VAL BELL COL model VAL UH1 COL series VAL F COL name VAL IROQUOIS COL cert VAL NOT CERTIFICATED,COL make VAL CE COL model VAL 320 COL series VAL 320 COL name VAL SKYKNIGHT COL cert VAL 3A25,0,0.9999972275274912,0,1514,1381,0,1,0,0,1
COL make VAL SIKORSKY COL model VAL UH19 COL series VAL F COL name VAL CHICKASAW COL cert VAL HR1SO,COL make VAL CE COL model VAL 321 COL series VAL 321 COL cert VAL 3A11,0,0.999997576708266,0,21359,1382,0,1,0,0,1
COL make VAL HUGHES COL model VAL 369 COL series VAL D COL name VAL 500D COL cert VAL H3WE,COL make VAL CE COL model VAL 335 COL series VAL 335 COL cert VAL 3A25,0,0.9999972579572852,0,5881,1383,0,1,0,0,1
COL make VAL HAWKER SIDDELEY COL model VAL DH125 COL series VAL 400A COL name VAL No Popular Name COL cert VAL A3EU,COL make VAL CE COL model VAL 336 COL series VAL 336 COL name VAL SKYMASTER COL cert VAL A2CE,0,0.999997433926995,0,5704,1384,0,1,0,0,1
COL make VAL LOCKHEED COL model VAL 1649 COL series VAL A98 COL name VAL CONSTELLATION STARLINER COL cert VAL 4A17,COL make VAL CE COL model VAL 337 COL series VAL A COL name VAL SUPER SKYMASTER COL cert VAL A6CE,0,0.9999976095008314,0,6530,1385,0,1,0,0,1
COL make VAL EMBRAER COL model VAL EMB135 COL series VAL BJ COL name VAL LEGACY 600 COL cert VAL EA-9606,COL make VAL CE COL model VAL 337 COL series VAL B COL name VAL SUPER SKYMASTER COL cert VAL A6CE,0,0.9999975477949133,0,4906,1386,0,1,0,0,1
COL make VAL DORNIER COL model VAL DO27 COL series VAL Q6 COL name VAL No Popular Name COL cert VAL 514/SA,COL make VAL CE COL model VAL 337 COL series VAL C COL name VAL SUPER SKYMASTER COL cert VAL A6CE,0,0.9999974480584038,0,4681,1387,0,1,0,0,1
COL make VAL DAVIS COL model VAL D1 COL series VAL K COL name VAL No Popular Name COL cert VAL ATC 272,COL make VAL CE COL model VAL 337 COL series VAL D COL name VAL SUPER SKYMASTER COL cert VAL A6CE,0,0.9999975434318875,0,21945,1388,0,1,0,0,1
COL make VAL CHAMPION COL model VAL 7EC COL series VAL 7EC COL name VAL TRAVELER COL cert VAL A-759,COL make VAL CE COL model VAL 337 COL series VAL E COL name VAL SUPER SKYMASTER COL cert VAL A6CE,0,0.9999975371558292,0,4042,1389,0,1,0,0,1
COL make VAL DOUGLAS COL model VAL C50 COL series VAL C COL name VAL No Popular Name COL cert VAL A-618,COL make VAL CE COL model VAL 337 COL series VAL F COL name VAL SUPER SKYMASTER COL cert VAL A6CE,0,0.9999972914157916,0,10809,1390,0,1,0,0,1
COL make VAL BOEING COL model VAL 737 COL series VAL 376 COL name VAL No Popular Name COL cert VAL A16WE,COL make VAL CE COL model VAL 337 COL series VAL G COL name VAL SUPER SKYMASTER COL cert VAL A6CE,0,0.9999976292526228,0,2086,1391,0,1,0,0,1
COL make VAL CESSNA COL model VAL A188 COL series VAL A188 COL name VAL AGWAGON 300 COL cert VAL A9CE,COL make VAL CE COL model VAL 337 COL series VAL H COL name VAL SUPER SKYMASTER COL cert VAL A6CE,0,0.9999974819579996,0,3869,1392,0,1,0,0,1
COL make VAL DOUGLAS COL model VAL DC8 COL series VAL 21 COL name VAL No Popular Name COL cert VAL 4A25,COL make VAL CE COL model VAL 337 COL series VAL 337 COL name VAL SUPER SKYMASTER COL cert VAL A6CE,0,0.9999975833802389,0,4757,1393,0,1,0,0,1
COL make VAL STEARMAN COL model VAL PT17 COL series VAL PT17 COL name VAL KAYDET COL cert VAL A-743,COL make VAL CE COL model VAL 340 COL series VAL A COL cert VAL 3A25,0,0.9999975750287241,0,8748,1394,0,1,0,0,1
COL make VAL BOEING COL model VAL 737 COL series VAL 2K2 COL name VAL No Popular Name COL cert VAL A16WE,COL make VAL CE COL model VAL 340 COL series VAL 340 COL cert VAL 3A25,0,0.9999973493322948,0,2003,1395,0,1,0,0,1
COL make VAL BEECH COL model VAL 95 COL series VAL E95 COL name VAL TRAVEL AIR COL cert VAL 3A16,COL make VAL CE COL model VAL 401 COL series VAL A COL cert VAL A7CE,0,0.9999973829365353,0,1315,1396,0,1,0,0,1
COL make VAL PIPER COL model VAL L18 COL series VAL C COL name VAL SUPER CUB COL cert VAL 1A2,COL make VAL CE COL model VAL 401 COL series VAL B COL cert VAL A7CE,0,0.9999974832556144,0,7478,1397,0,1,0,0,1
COL make VAL BEECH COL model VAL 90 COL series VAL 65A90 COL name VAL KING AIR COL cert VAL 3A20,COL make VAL CE COL model VAL 401 COL series VAL 401 COL cert VAL A7CE,0,0.9999972634576617,0,1299,1398,0,1,0,0,1
COL make VAL MITSUBISHI COL model VAL MU2B COL series VAL 36A COL name VAL MARQUISE COL cert VAL 25,COL make VAL CE COL model VAL 402 COL series VAL A COL name VAL BUSINESS LINER COL cert VAL A7CE,0,0.999997660793232,0,11474,1399,0,1,0,0,1
COL make VAL BEECH COL model VAL 18 COL series VAL B18S COL name VAL No Popular Name COL cert VAL TC 710,COL make VAL CE COL model VAL 402 COL series VAL B COL name VAL BUSINESS LINER COL cert VAL A7CE,0,0.999997367282294,0,1150,1400,0,1,0,0,1
COL make VAL HUGHES COL model VAL 369 COL series VAL H COL name VAL 500C COL cert VAL H3WE,COL make VAL CE COL model VAL 402 COL series VAL C COL name VAL BUSINESS LINER COL cert VAL A7CE,0,0.9999976493591121,0,5885,1401,0,1,0,0,1
COL make VAL BEECH COL model VAL 55 COL series VAL 95B55B COL name VAL BARON COL cert VAL 3A16,COL make VAL CE COL model VAL 402 COL series VAL 402 COL name VAL BUSINESS LINER COL cert VAL A7CE,0,0.9999975581784645,0,1267,1402,0,1,0,0,1
COL make VAL BEECH COL model VAL 99 COL series VAL B99 COL name VAL AIRLINER COL cert VAL A14CE,COL make VAL CE COL model VAL 404 COL series VAL 404 COL name VAL TITAN COL cert VAL A25CE,0,0.9999976442479992,0,1320,1403,0,1,0,0,1
COL make VAL CESSNA COL model VAL 182 COL series VAL P COL name VAL SKYLANE COL cert VAL 3A13,COL make VAL CE COL model VAL 411 COL series VAL A COL cert VAL A7CE,0,0.9999973910416121,0,3721,1404,0,1,0,0,1
COL make VAL SLINGSBY COL model VAL T67 COL series VAL M260 T3A COL name VAL FIREFLY COL cert VAL UK.SAS.A.0001,COL make VAL CE COL model VAL 411 COL series VAL 411 COL cert VAL A7CE,0,0.9999974599969671,0,8583,1405,0,1,0,0,1
COL make VAL CESSNA COL model VAL 408 COL series VAL 408 COL name VAL SKYCOURIER COL cert VAL A00016WI,COL make VAL CE COL model VAL 414 COL series VAL A COL name VAL CHANCELLOR COL cert VAL A7CE,0,0.999997551436913,0,12481,1406,0,1,0,0,1
COL make VAL BEECH COL model VAL RU21 COL series VAL A COL name VAL UTE COL cert VAL 3A20,COL make VAL CE COL model VAL 414 COL series VAL 414 COL name VAL CHANCELLOR COL cert VAL A7CE,0,0.9999971234441659,0,1398,1407,0,1,0,0,1
COL make VAL MONOCOUPE COL model VAL 90AF COL series VAL 100 COL name VAL No Popular Name COL cert VAL A-306,COL make VAL CE COL model VAL 421 COL series VAL A COL name VAL GOLDEN EAGLE COL cert VAL A7CE,0,0.9999975995724677,0,7016,1408,0,1,0,0,1
COL make VAL CESSNA COL model VAL 182 COL series VAL E COL name VAL SKYLANE COL cert VAL 3A13,COL make VAL CE COL model VAL 421 COL series VAL 421 COL name VAL GOLDEN EAGLE COL cert VAL A7CE,0,0.9999971928059761,0,3712,1409,0,1,0,0,1
COL make VAL BOEING COL model VAL 767 COL series VAL 277 COL name VAL No Popular Name COL cert VAL A1NM,COL make VAL CE COL model VAL 425 COL series VAL 425 COL name VAL CONQUEST I COL cert VAL A7CE,0,0.9999969230858804,0,2728,1410,0,1,0,0,1
COL make VAL CESSNA COL model VAL 210 COL series VAL F COL name VAL CENTURION COL cert VAL 3A21,COL make VAL CE COL model VAL 441 COL series VAL 441 COL name VAL CONQUEST II COL cert VAL A28CE,0,0.9999971807302641,0,3754,1411,0,1,0,0,1
COL make VAL SAVOIA MARCHETTI COL model VAL S56 COL series VAL 31 COL name VAL No Popular Name COL cert VAL ATC 336,COL make VAL CE COL model VAL 500 COL series VAL 500 COL name VAL CITATION COL cert VAL A22CE,0,0.999997378536454,0,21823,1412,0,1,0,0,1
COL make VAL DE HAVILLAND COL model VAL DHC8 COL series VAL 102 COL name VAL DASH 8 COL cert VAL A-142,COL make VAL CE COL model VAL 501 COL series VAL 501 COL name VAL CITATION I/SP COL cert VAL A27CE,0,0.9999971319617891,0,4605,1413,0,1,0,0,1
COL make VAL LAIRD COL model VAL LC COL series VAL 1B300 COL name VAL COMMERCIAL COL cert VAL ATC 353,COL make VAL CE COL model VAL 510 COL series VAL 510 COL name VAL CITATION MUSTANG COL cert VAL A00014WI,0,0.9999972287765132,0,19310,1414,0,1,0,0,1
COL make VAL SHINN COL model VAL 2150 COL series VAL A COL name VAL KACHINA COL cert VAL 4A19,COL make VAL CE COL model VAL 525 COL series VAL 525A COL cert VAL A1WI,0,0.9999970764309413,0,8372,1415,0,1,0,0,1
COL make VAL BOEING COL model VAL 707 COL series VAL 344B COL name VAL No Popular Name COL cert VAL 4A26,COL make VAL CE COL model VAL 525 COL series VAL 525B COL cert VAL A1WI,0,0.999997163417486,0,1637,1416,0,1,0,0,1
COL make VAL BOEING COL model VAL 737 COL series VAL 2Q8C COL name VAL No Popular Name COL cert VAL A16WE,COL make VAL CE COL model VAL 525 COL series VAL 525BE COL cert VAL A1WI,0,0.9999973870239884,0,2030,1417,0,1,0,0,1
COL make VAL AERO COMMANDER COL model VAL 695 COL series VAL 695 COL name VAL JETPROP 980 COL cert VAL 2A4,COL make VAL CE COL model VAL 525 COL series VAL 525 COL name VAL CITATIONJET COL cert VAL A1WI,0,0.999997507772937,0,98,1418,0,1,0,0,1
COL make VAL BOEING COL model VAL 737 COL series VAL 71Q COL name VAL No Popular Name COL cert VAL A16WE,COL make VAL CE COL model VAL 550 COL series VAL 550 COL cert VAL A22CE,0,0.9999970743321247,0,2207,1419,0,1,0,0,1
COL make VAL CESSNA COL model VAL 310 COL series VAL A COL name VAL BLUE CANOE COL cert VAL 3A10,COL make VAL CE COL model VAL 500 COL series VAL 550 COL name VAL CITATION II COL cert VAL A22CE,0,0.9999974018436243,0,3770,1420,0,1,0,0,1
COL make VAL PIPER COL model VAL PA28R COL series VAL 201 COL name VAL ARROW III COL cert VAL 2A13,COL make VAL CE COL model VAL 501 COL series VAL 551 COL name VAL CITATION II/SP COL cert VAL A27CE,0,0.9999976635745452,0,7574,1421,0,1,0,0,1
COL make VAL PIPER COL model VAL PA18S COL series VAL PA18S COL name VAL SUPER CUB COL cert VAL 1A2,COL make VAL CE COL model VAL 500 COL series VAL 552 COL cert VAL A22CE,0,0.9999975485045756,0,7516,1422,0,1,0,0,1
COL make VAL PIPER COL model VAL PA46 COL series VAL 500TP COL name VAL MALIBU MERIDIAN COL cert VAL A25SO,COL make VAL CE COL model VAL 560 COL series VAL 560 COL name VAL CITATION V COL cert VAL A22CE,0,0.9999976123841177,0,7635,1423,0,1,0,0,1
COL make VAL LEARJET COL model VAL 24 COL series VAL BA COL name VAL No Popular Name COL cert VAL A10CE,COL make VAL CE COL model VAL 500 COL series VAL 560 COL name VAL CITATION V COL cert VAL A22CE,0,0.999997455446183,0,6340,1424,0,1,0,0,1
COL make VAL BEECH COL model VAL 55 COL series VAL 95B55 COL name VAL BARON COL cert VAL 3A16,COL make VAL CE COL model VAL 560 COL series VAL 560XL COL cert VAL A22CE,0,0.9999974838147867,0,1265,1425,0,1,0,0,1
COL make VAL PIPER COL model VAL PA28R COL series VAL 201T COL name VAL TURBO ARROW III COL cert VAL 2A13,COL make VAL CE COL model VAL 560 COL series VAL 560XLS COL cert VAL A22CE,0,0.9999971835640284,0,7576,1426,0,1,0,0,1
COL make VAL BELL COL model VAL UH1 COL series VAL H COL name VAL IROQUOIS COL cert VAL R00007DE,COL make VAL CE COL model VAL 560 COL series VAL 560XLS+ COL cert VAL A22CE,0,0.9999963494460181,0,12418,1427,0,1,0,0,1
COL make VAL CIRRUS COL model VAL SR22 COL series VAL T COL name VAL No Popular Name COL cert VAL A00009CH,COL make VAL CE COL model VAL 650 COL series VAL 650 COL name VAL CITATION COL cert VAL A9NM,0,0.9999971589125125,0,4080,1428,0,1,0,0,1
COL make VAL NORTH AMERICAN COL model VAL B25 COL series VAL N COL name VAL MITCHELL COL cert VAL AL-2,COL make VAL TEXTRN COL model VAL 680 COL name VAL SOVEREIGN COL cert VAL T00012WI,0,0.9999973076828994,0,7174,1429,0,1,0,0,1
COL make VAL AEROMOT COL model VAL AMT200 COL series VAL AMT200 COL name VAL SUPER XIMANGO COL cert VAL EP-8602,COL make VAL CE COL model VAL 680 COL series VAL 680 COL name VAL SOVEREIGN COL cert VAL T00012WI,0,0.9999969921930979,0,128,1430,0,1,0,0,1
COL make VAL BOEING COL model VAL 767 COL series VAL 37E COL name VAL No Popular Name COL cert VAL A1NM,COL make VAL CE COL model VAL 750 COL series VAL 750 COL cert VAL T00007WI,0,0.999996732834967,0,2785,1431,0,1,0,0,1
COL make VAL MAULE COL model VAL MXT7 COL series VAL 180 COL name VAL STAR ROCKET COL cert VAL 3A23,COL make VAL CE COL model VAL 150 COL series VAL A150K COL name VAL AEROBAT COL cert VAL 3A19,0,0.9999976424117996,0,6756,1432,0,1,0,0,1
COL make VAL SIKORSKY COL model VAL UH60 COL series VAL A COL name VAL BLACK HAWK COL cert VAL R00113SE,COL make VAL CE COL model VAL 150 COL series VAL A150L COL name VAL AEROBAT COL cert VAL 3A19,0,0.9999978479510149,0,25973,1433,0,1,0,0,1
COL make VAL CESSNA COL model VAL TP206 COL series VAL D COL name VAL TURBO SUPER SKYLANE COL cert VAL A4CE,COL make VAL CE COL model VAL 150 COL series VAL A150M COL name VAL AEROBAT COL cert VAL 3A19,0,0.9999976173473712,0,3997,1434,0,1,0,0,1
COL make VAL BELL COL model VAL OH58 COL series VAL C COL name VAL KIOWA COL cert VAL R00006DE,COL make VAL CE COL model VAL 152 COL series VAL A152 COL name VAL AEROBAT COL cert VAL 3A19,0,0.9999977384110841,0,21379,1435,0,1,0,0,1
COL make VAL BOEING COL model VAL 767 COL series VAL 36N COL name VAL No Popular Name COL cert VAL A1NM,COL make VAL CE COL model VAL 185 COL series VAL A185E COL name VAL SKYWAGON COL cert VAL 3A24,0,0.9999974977836218,0,2782,1436,0,1,0,0,1
COL make VAL LAISTER KAUFFMANN COL model VAL LK10 COL series VAL A COL name VAL YANKEE DOODLE 2 COL cert VAL G-15,COL make VAL CE COL model VAL 185 COL series VAL A185F COL name VAL SKYWAGON COL cert VAL 3A24,0,0.9999976649066192,0,21590,1437,0,1,0,0,1
COL make VAL BOEING COL model VAL 737 COL series VAL 34S COL name VAL No Popular Name COL cert VAL A16WE,COL make VAL CE COL model VAL 188 COL series VAL A188A COL name VAL AGWAGON COL cert VAL A9CE,0,0.9999973820216574,0,2077,1438,0,1,0,0,1
COL make VAL CESSNA COL model VAL 182 COL series VAL Q COL name VAL SKYLANE COL cert VAL 3A13,COL make VAL CE COL model VAL 188 COL series VAL A188B COL name VAL AGWAGON COL cert VAL A9CE,0,0.9999973045768968,0,3722,1439,0,1,0,0,1
COL make VAL ERCOUPE COL model VAL G COL series VAL G COL name VAL 415G COL cert VAL A-787,COL make VAL CE COL model VAL 188 COL series VAL A188 COL name VAL AGWAGON 300 COL cert VAL A9CE,0,0.9999973024797988,0,5003,1440,0,1,0,0,1
COL make VAL DOUGLAS COL model VAL DC9 COL series VAL 87 COL name VAL MD87 COL cert VAL A6WE,COL make VAL T COL model VAL 50 COL series VAL AT17 COL cert VAL A722,0,0.9999973158277776,0,4819,1441,0,1,0,0,1
COL make VAL STINSON COL model VAL SR8 COL series VAL E COL name VAL RELIANT COL cert VAL ATC 609,COL make VAL CE COL model VAL AW COL series VAL AW COL cert VAL ATC72,0,0.9999973700727668,0,22207,1442,0,1,0,0,1
COL make VAL CESSNA COL model VAL FT337 COL series VAL E COL name VAL SKYMASTER COL cert VAL A23EU,COL make VAL CE COL model VAL 145 COL series VAL 145 COL cert VAL A701,0,0.9999965026427569,0,3922,1443,0,1,0,0,1
COL make VAL BOEING COL model VAL 737 COL series VAL 724 COL name VAL No Popular Name COL cert VAL A16WE,COL make VAL CE COL model VAL 165 COL series VAL 165 COL cert VAL A701,0,0.9999968639534613,0,2208,1444,0,1,0,0,1
COL make VAL STINSON COL model VAL SR10 COL series VAL F COL name VAL RELIANT COL cert VAL TC 685,COL make VAL UC COL model VAL 77 COL series VAL C34 COL cert VAL ATC573,0,0.9999970639022218,0,22380,1445,0,1,0,0,1
COL make VAL AERO COMMANDER COL model VAL 100 COL series VAL 180 COL name VAL LARK COMMANDER COL cert VAL 1A21,COL make VAL UC COL model VAL 77 COL series VAL C37 COL cert VAL ATC622,0,0.9999971128424378,0,68,1446,0,1,0,0,1
COL make VAL BEECH COL model VAL T34 COL series VAL B COL name VAL MENTOR COL cert VAL 5A3,COL make VAL UC COL model VAL 94 COL series VAL C38 COL cert VAL 668,0,0.9999973995159385,0,1389,1447,0,1,0,0,1
COL make VAL GROB COL model VAL G115 COL series VAL D COL name VAL HERON COL cert VAL EASA.A.364,COL make VAL CE COL model VAL 310 COL series VAL E310H COL cert VAL 3A10,0,0.9999974626637621,0,5491,1448,0,1,0,0,1
COL make VAL CESSNA COL model VAL 150 COL series VAL M COL name VAL No Popular Name COL cert VAL 3A19,COL make VAL REIMS COL model VAL F150 COL series VAL G COL cert VAL A13EU,0,0.9999973337491327,0,3663,1449,0,1,0,0,1
COL make VAL THORP COL model VAL T211 COL series VAL T211 COL name VAL AERO SPORT COL cert VAL A-791,COL make VAL REIMS COL model VAL F150 COL series VAL H COL cert VAL A13EU,0,0.9999972189409596,0,10993,1450,0,1,0,0,1
COL make VAL CESSNA COL model VAL 310 COL series VAL N COL name VAL No Popular Name COL cert VAL 3A10,COL make VAL REIMS COL model VAL F150 COL series VAL J COL cert VAL A13EU,0,0.9999973579269817,0,3783,1451,0,1,0,0,1
COL make VAL BOEING COL model VAL 737 COL series VAL 8AS COL name VAL No Popular Name COL cert VAL A16WE,COL make VAL REIMS COL model VAL F150 COL series VAL K COL cert VAL A13EU,0,0.9999972810221703,0,2368,1452,0,1,0,0,1
COL make VAL LEARJET COL model VAL 55 COL series VAL C COL name VAL No Popular Name COL cert VAL A10CE,COL make VAL REIMS COL model VAL F150 COL series VAL L COL cert VAL A13EU,0,0.999997339804111,0,6358,1453,0,1,0,0,1
COL make VAL SCHLEICHER COL model VAL KA6 COL series VAL B COL name VAL RHONSEGLER COL cert VAL 205/SP,COL make VAL REIMS COL model VAL F150 COL series VAL M COL cert VAL A13EU,0,0.9999971257421241,0,8266,1454,0,1,0,0,1
COL make VAL LOCKHEED COL model VAL 10 COL series VAL B COL name VAL ELECTRA COL cert VAL TC 584,COL make VAL REIMS COL model VAL F150 COL series VAL F152 COL cert VAL A13EU,0,0.9999971740504596,0,6507,1455,0,1,0,0,1
COL make VAL CESSNA COL model VAL F150 COL series VAL K COL name VAL No Popular Name COL cert VAL A13EU,COL make VAL REIMS COL model VAL F172 COL series VAL F COL cert VAL A4EU,0,0.9999973855595742,0,3887,1456,0,1,0,0,1
COL make VAL PITTS COL model VAL S1 COL series VAL T COL name VAL PITTS SPECIAL COL cert VAL A8SO,COL make VAL REIMS COL model VAL F172 COL series VAL G COL cert VAL A4EU,0,0.9999969356149825,0,7661,1457,0,1,0,0,1
COL make VAL MCDONNELL DOUGLAS COL model VAL MD90 COL series VAL 30 COL name VAL No Popular Name COL cert VAL A6WE,COL make VAL REIMS COL model VAL F172 COL series VAL H COL cert VAL A4EU,0,0.9999971335996862,0,6837,1458,0,1,0,0,1
COL make VAL AIR TRACTOR COL model VAL AT402 COL series VAL B COL name VAL No Popular Name COL cert VAL A17SW,COL make VAL REIMS COL model VAL F172 COL series VAL K COL cert VAL A4EU,0,0.999996944851942,0,363,1459,0,1,0,0,1
COL make VAL BEAGLE COL model VAL B121 COL series VAL SERIES 2 COL name VAL PUP COL cert VAL UK.SAS.A.0003,COL make VAL REIMS COL model VAL F172 COL series VAL M COL cert VAL A4EU,0,0.9999968711081519,0,1095,1460,0,1,0,0,1
COL make VAL BOEING COL model VAL 737 COL series VAL 924 COL name VAL No Popular Name COL cert VAL A16WE,COL make VAL REIMS COL model VAL F172 COL series VAL N COL cert VAL A4EU,0,0.9999966826552261,0,2417,1461,0,1,0,0,1
COL make VAL CESSNA COL model VAL R172 COL series VAL H COL name VAL No Popular Name COL cert VAL 3A17,COL make VAL REIMS COL model VAL F177 COL series VAL RG COL cert VAL A26EU,0,0.9999971551058765,0,3955,1462,0,1,0,0,1
COL make VAL LANCAIR COL model VAL LC42 COL series VAL 550FG COL name VAL COLUMBIA 350 COL cert VAL A00003SE,COL make VAL REIMS COL model VAL F182 COL series VAL P COL cert VAL A42EU,0,0.9999970390477704,0,6324,1463,0,1,0,0,1
COL make VAL BOEING COL model VAL 707 COL series VAL 323B COL name VAL No Popular Name COL cert VAL 4A26,COL make VAL REIMS COL model VAL F182 COL series VAL Q COL cert VAL A42EU,0,0.9999969512071843,0,1615,1464,0,1,0,0,1
COL make VAL CESSNA COL model VAL 182 COL series VAL B COL name VAL SKYLANE COL cert VAL 3A13,COL make VAL REIMS COL model VAL F337 COL series VAL F COL cert VAL A23EU,0,0.9999972610203631,0,3709,1465,0,1,0,0,1
COL make VAL BOEING COL model VAL 737 COL series VAL 329 COL name VAL No Popular Name COL cert VAL A16WE,COL make VAL REIMS COL model VAL F337 COL series VAL G COL cert VAL A23EU,0,0.9999972323671223,0,2064,1466,0,1,0,0,1
COL make VAL ERICKSON AIR CRANE COL model VAL S64 COL series VAL E COL name VAL SKYCRANE COL cert VAL H6EA,COL make VAL REIMS COL model VAL F337 COL series VAL H COL cert VAL A23EU,0,0.9999973493196554,0,5007,1467,0,1,0,0,1
COL make VAL BOEING COL model VAL 737 COL series VAL 3B7 COL name VAL No Popular Name COL cert VAL A16WE,COL make VAL REIMS COL model VAL F406 COL series VAL F046 COL cert VAL A54EU,0,0.9999970931576602,0,2100,1468,0,1,0,0,1
COL make VAL PIPER COL model VAL J3F COL series VAL 50 COL name VAL CUB COL cert VAL A-692,COL make VAL REIMS COL model VAL FA150 COL series VAL K COL cert VAL A13EU,0,0.9999966750886357,0,7456,1469,0,1,0,0,1
COL make VAL PIPER COL model VAL PA32R COL series VAL 301T COL name VAL SARATOGA II TC COL cert VAL A3SO,COL make VAL REIMS COL model VAL FA150 COL series VAL L COL cert VAL A13EU,0,0.9999971028661935,0,7606,1470,0,1,0,0,1
COL make VAL SNOW COL model VAL 600S2C COL series VAL 600S2C COL name VAL No Popular Name COL cert VAL 2A7,COL make VAL REIMS COL model VAL FR172 COL series VAL E COL cert VAL A18EU,0,0.9999974173022149,0,8596,1471,0,1,0,0,1
COL make VAL PIPER COL model VAL PA31T COL series VAL 2 COL name VAL CHEYENNE IIXL COL cert VAL A8EA,COL make VAL REIMS COL model VAL FR172 COL series VAL F COL cert VAL A18EU,0,0.9999973516291302,0,7592,1472,0,1,0,0,1
COL make VAL STINSON COL model VAL SR10 COL series VAL F COL name VAL RELIANT COL cert VAL TC 685,COL make VAL REIMS COL model VAL FR172 COL series VAL H COL cert VAL A18EU,0,0.9999973659738691,0,22380,1473,0,1,0,0,1
COL make VAL BOEING COL model VAL 737 COL series VAL 8EH COL name VAL No Popular Name COL cert VAL A16WE,COL make VAL REIMS COL model VAL FR172 COL series VAL J COL cert VAL A18EU,0,0.9999972529934341,0,2385,1474,0,1,0,0,1
COL make VAL DE HAVILLAND COL model VAL DHC6 COL series VAL 400 COL name VAL TWIN OTTER COL cert VAL A-82,COL make VAL REIMS COL model VAL FR172 COL series VAL K COL cert VAL A18EU,0,0.9999967761263059,0,4595,1475,0,1,0,0,1
COL make VAL CESSNA COL model VAL 150 COL series VAL B COL name VAL No Popular Name COL cert VAL 3A19,COL make VAL REIMS COL model VAL FR172 COL series VAL G COL cert VAL A18EU,0,0.9999971579233858,0,3653,1476,0,1,0,0,1
COL make VAL LOCKHEED COL model VAL 1649 COL series VAL A98 COL name VAL CONSTELLATION STARLINER COL cert VAL 4A17,COL make VAL REIMS COL model VAL FR182 COL series VAL FR182 COL cert VAL A24EU,0,0.9999969939581168,0,6530,1477,0,1,0,0,1
COL make VAL CESSNA COL model VAL T303 COL series VAL T303 COL name VAL CRUSADER COL cert VAL A34CE,COL make VAL REIMS COL model VAL FRA150 COL series VAL L COL cert VAL A13EU,0,0.9999972252090313,0,3975,1478,0,1,0,0,1
COL make VAL AEROSTAR INTERNATIONAL COL model VAL RX8 COL series VAL RX8 COL name VAL No Popular Name COL cert VAL A15CE,COL make VAL REIMS COL model VAL FRA150 COL series VAL M COL cert VAL A13EU,0,0.9999970771460077,0,290,1479,0,1,0,0,1
COL make VAL BEECH COL model VAL 35 COL series VAL N35 COL name VAL BONANZA COL cert VAL 3A15,COL make VAL REIMS COL model VAL FT337 COL series VAL E COL cert VAL A23EU,0,0.9999971717304363,0,1222,1480,0,1,0,0,1
COL make VAL LOCKHEED COL model VAL 382 COL series VAL B COL name VAL L100 COL cert VAL A1SO,COL make VAL REIMS COL model VAL FT337 COL series VAL GP COL cert VAL A23EU,0,0.9999972730746637,0,6539,1481,0,1,0,0,1
COL make VAL HUGHES COL model VAL 369 COL series VAL H COL name VAL 500C COL cert VAL H3WE,COL make VAL T COL model VAL 50 COL series VAL JRC1 COL cert VAL A722,0,0.9999971882042181,0,5885,1482,0,1,0,0,1
COL make VAL CESSNA COL model VAL 310 COL series VAL C COL name VAL No Popular Name COL cert VAL 3A10,COL make VAL AMT COL model VAL 200 COL series VAL 200 COL name VAL SUPR XIMNGO COL cert VAL TG00004A,0,0.999997335847329,0,3772,1483,0,1,0,0,1
COL make VAL TAYLORCRAFT COL model VAL BF COL series VAL BF COL name VAL No Popular Name COL cert VAL A-699,COL make VAL AMT COL model VAL 300 COL series VAL 300 COL name VAL SUPR SIMNGO COL cert VAL TG00004A,0,0.9999972170930768,0,8934,1484,0,1,0,0,1
COL make VAL BOEING COL model VAL 737 COL series VAL 8H6 COL name VAL No Popular Name COL cert VAL A16WE,COL make VAL LC COL model VAL LC41 COL series VAL 550FG COL name VAL COLUMBIA400 COL cert VAL A00003SE,0,0.9999974854807677,0,10227,1485,0,1,0,0,1
COL make VAL MITSUBISHI COL model VAL MU2B COL series VAL 26A COL name VAL MARQUISE COL cert VAL NOT IDENTIFIED,COL make VAL CE COL model VAL 337 COL series VAL M337B COL cert VAL A6CE,0,0.9999973076135736,0,6994,1486,0,1,0,0,1
COL make VAL FOKKER COL model VAL F28 COL series VAL 0100 COL name VAL FOKKER 100 COL cert VAL EASA.A.037,COL make VAL CE COL model VAL 305 COL series VAL O1A COL name VAL BIRD DOG COL cert VAL 5A5,0,0.9999972835219809,0,5297,1487,0,1,0,0,1
COL make VAL AERONCA COL model VAL K COL series VAL K COL name VAL SCOUT COL cert VAL A-634,COL make VAL CE COL model VAL 305 COL series VAL O1E COL name VAL BIRD DOG COL cert VAL 5A5,0,0.9999973148459075,0,157,1488,0,1,0,0,1
COL make VAL FAIRCHILD COL model VAL 24 COL series VAL KS COL name VAL No Popular Name COL cert VAL TC 667,COL make VAL CE COL model VAL 337 COL series VAL O2A COL cert VAL A6CE,0,0.9999972110553683,0,5082,1489,0,1,0,0,1
COL make VAL SIKORSKY COL model VAL S58 COL series VAL C COL name VAL No Popular Name COL cert VAL 1H11,COL make VAL CE COL model VAL 337 COL series VAL O2B COL cert VAL A6CE,0,0.9999973126107183,0,8471,1490,0,1,0,0,1
COL make VAL SWEARINGEN COL model VAL SA227 COL series VAL DC COL name VAL METRO 23 COL cert VAL A18SW,COL make VAL CE COL model VAL 172 COL series VAL P172D COL name VAL SKYHAWK POWERMATIC COL cert VAL 3A17,0,0.9999975970770658,0,8902,1491,0,1,0,0,1
COL make VAL CESSNA COL model VAL R182 COL series VAL R182 COL name VAL SKYLANE RG COL cert VAL 3A13,COL make VAL CE COL model VAL 206 COL series VAL P206A COL name VAL SUPER SKYLANE COL cert VAL A4CE,0,0.9999971585399366,0,3958,1492,0,1,0,0,1
COL make VAL BOEING COL model VAL 707 COL series VAL 227 COL name VAL No Popular Name COL cert VAL 4A21,COL make VAL CE COL model VAL 206 COL series VAL P206B COL name VAL SUPER SKYLANE COL cert VAL A4CE,0,0.9999973266199798,0,1606,1493,0,1,0,0,1
COL make VAL DOMAN COL model VAL LZ5 COL series VAL LZ5 COL name VAL No Popular Name COL cert VAL 1H10,COL make VAL CE COL model VAL 206 COL series VAL P206C COL name VAL SUPER SKYLANE COL cert VAL A4CE,0,0.999997281172561,0,10143,1494,0,1,0,0,1
COL make VAL MONOCOUPE COL model VAL 90AF COL series VAL 90AF COL name VAL No Popular Name COL cert VAL A-306,COL make VAL CE COL model VAL 206 COL series VAL P206D COL name VAL SUPER SKYLANE COL cert VAL A4CE,0,0.9999973854087241,0,7017,1495,0,1,0,0,1
COL make VAL AIR TRACTOR COL model VAL AT502 COL series VAL AT502 COL name VAL No Popular Name COL cert VAL A17SW,COL make VAL CE COL model VAL 206 COL series VAL P206E COL name VAL SUPER SKYLANE COL cert VAL A4CE,0,0.9999974111335499,0,368,1496,0,1,0,0,1
COL make VAL LEARJET COL model VAL 60 COL series VAL 60 COL name VAL No Popular Name COL cert VAL A10CE,COL make VAL CE COL model VAL 206 COL series VAL P206 COL name VAL SUPER SKYLANE COL cert VAL A4CE,0,0.9999973619050635,0,6360,1497,0,1,0,0,1
COL make VAL BELL COL model VAL UH1 COL series VAL B COL name VAL IROQUOIS COL cert VAL H13WE,COL make VAL CE COL model VAL 210 COL series VAL P210N COL name VAL PRESSURIZED CENTURIO COL cert VAL 3A21,0,0.9999978149064186,0,5378,1498,0,1,0,0,1
COL make VAL SIKORSKY COL model VAL S76 COL series VAL D COL name VAL No Popular Name COL cert VAL H1NE,COL make VAL CE COL model VAL 210 COL series VAL P210R COL name VAL PRESSURIZED CENTURIO COL cert VAL 3A21,0,0.9999977164588557,0,10455,1499,0,1,0,0,1
COL make VAL SWEARINGEN COL model VAL SA227 COL series VAL AC COL name VAL METRO III COL cert VAL A8SW,COL make VAL CE COL model VAL 337 COL series VAL P337H COL name VAL PRESSURIZED SKYMASTE COL cert VAL A6CE,0,0.9999976560266624,0,8898,1500,0,1,0,0,1
COL make VAL BOEING COL model VAL 737 COL series VAL 8F2 COL name VAL No Popular Name COL cert VAL A16WE,COL make VAL CE COL model VAL 172 COL series VAL R172E COL name VAL HAWK-XP COL cert VAL 3A17,0,0.9999975139140547,0,2390,1501,0,1,0,0,1
COL make VAL TAYLORCRAFT COL model VAL BL COL series VAL BL COL name VAL No Popular Name COL cert VAL A-700,COL make VAL CE COL model VAL 172 COL series VAL R172G COL name VAL HAWK-XP COL cert VAL 3A17,0,0.9999975077254013,0,8941,1502,0,1,0,0,1
COL make VAL GOODYEAR COL model VAL GZ20 COL series VAL A COL name VAL No Popular Name COL cert VAL TC 1,COL make VAL CE COL model VAL 172 COL series VAL R172H COL name VAL HAWK-XP COL cert VAL 3A17,0,0.9999973948729429,0,21295,1503,0,1,0,0,1
COL make VAL PIPER COL model VAL PA36 COL series VAL 375 COL name VAL PAWNEE BRAVE 375 COL cert VAL A9SO,COL make VAL CE COL model VAL 172 COL series VAL R172J COL name VAL HAWK-XP COL cert VAL 3A17,0,0.9999975726501776,0,7621,1504,0,1,0,0,1
COL make VAL MOONEY COL model VAL M20S COL series VAL M20S COL name VAL EAGLE COL cert VAL 2A3,COL make VAL CE COL model VAL 172 COL series VAL R172K COL cert VAL 3A17,0,0.9999974099049662,0,7039,1505,0,1,0,0,1
COL make VAL AERO SPACELINES COL model VAL 377 COL series VAL SGT COL name VAL SUPER GUPPY TURBINE COL cert VAL A-812,COL make VAL CE COL model VAL 182 COL series VAL R182 COL name VAL SKYLANE RG COL cert VAL 3A13,0,0.9999975724580336,0,109,1506,0,1,0,0,1
COL make VAL HELIO COL model VAL H395 COL series VAL A COL name VAL SUPER COURIER COL cert VAL 1A8,COL make VAL CE COL model VAL 500 COL series VAL S550 COL name VAL CITATION S/II COL cert VAL A22CE,0,0.999997385037172,0,5752,1507,0,1,0,0,1
COL make VAL SIKORSKY COL model VAL S92 COL series VAL A COL name VAL No Popular Name COL cert VAL R00024BO,COL make VAL CE COL model VAL 182 COL series VAL T182 COL cert VAL 3A13,0,0.9999973704238756,0,8498,1508,0,1,0,0,1
COL make VAL PIPER COL model VAL PA36 COL series VAL 285 COL name VAL PAWNEE BRAVE COL cert VAL A9SO,COL make VAL CE COL model VAL 188 COL series VAL T188C COL name VAL AGHUSKY COL cert VAL A9CE,0,0.9999973575490043,0,7617,1510,0,1,0,0,1
COL make VAL MOONEY COL model VAL M20M COL series VAL M20M COL name VAL TLS COL cert VAL 2A3,COL make VAL CE COL model VAL 206 COL series VAL T206H COL cert VAL A4CE,0,0.9999971980896899,0,7037,1511,0,1,0,0,1
COL make VAL BOEING COL model VAL 707 COL series VAL 227 COL name VAL No Popular Name COL cert VAL 4A21,COL make VAL CE COL model VAL 207 COL series VAL T207A COL name VAL TURBO SKYWAGON COL cert VAL A16CE,0,0.999997394708965,0,1606,1512,0,1,0,0,1
COL make VAL BRITTEN NORMAN COL model VAL BN2A COL series VAL III COL name VAL TRISLANDER COL cert VAL UK.TC.A.00043,COL make VAL CE COL model VAL 207 COL series VAL T207 COL name VAL TURBO SKYWAGON COL cert VAL A16CE,0,0.9999973983438706,0,3048,1513,0,1,0,0,1
COL make VAL FAIRCHILD COL model VAL F45 COL series VAL F45 COL name VAL No Popular Name COL cert VAL TC 603,COL make VAL CE COL model VAL 210 COL series VAL T210F COL name VAL TURBOCENTURION COL cert VAL 3A21,0,0.9999977557187363,0,5123,1514,0,1,0,0,1
COL make VAL SCHWEIZER COL model VAL SGS1 23 COL series VAL H15 COL name VAL No Popular Name COL cert VAL 1G1,COL make VAL CE COL model VAL 210 COL series VAL T210G COL name VAL TURBOCENTURION COL cert VAL 3A21,0,0.9999977952952235,0,8285,1515,0,1,0,0,1
COL make VAL MCDONNELL DOUGLAS COL model VAL MD90 COL series VAL 30 COL name VAL No Popular Name COL cert VAL A6WE,COL make VAL CE COL model VAL 210 COL series VAL T210H COL name VAL TURBOCENTURION COL cert VAL 3A21,0,0.9999976809109081,0,6837,1516,0,1,0,0,1
COL make VAL PITCAIRN COL model VAL PA19 COL series VAL PA19 COL name VAL No Popular Name COL cert VAL ATC 509,COL make VAL CE COL model VAL 210 COL series VAL T210J COL name VAL TURBOCENTURION COL cert VAL 3A21,0,0.9999977124875468,0,21622,1517,0,1,0,0,1
COL make VAL AERO COMMANDER COL model VAL 500 COL series VAL S COL name VAL SHRIKE COMMANDER COL cert VAL 6A1,COL make VAL CE COL model VAL 210 COL series VAL T210K COL name VAL TURBOCENTARION COL cert VAL 3A21,0,0.9999977218478614,0,21792,1518,0,1,0,0,1
COL make VAL ROBINSON COL model VAL R22 COL series VAL BETA COL name VAL No Popular Name COL cert VAL H10WE,COL make VAL CE COL model VAL 210 COL series VAL T210L COL name VAL TURBOCENTURION COL cert VAL 3A21,0,0.9999976717543388,0,7962,1519,0,1,0,0,1
COL make VAL BEECH COL model VAL T34 COL series VAL C COL name VAL TURBINE MENTOR COL cert VAL A26CE,COL make VAL CE COL model VAL 210 COL series VAL T210M COL name VAL TURBOCENTURION COL cert VAL 3A21,0,0.9999976455877239,0,1390,1520,0,1,0,0,1
COL make VAL NORTH AMERICAN COL model VAL SNJ COL series VAL 5 COL name VAL TEXAN COL cert VAL A-2-575,COL make VAL CE COL model VAL 210 COL series VAL T210N COL name VAL TURBOCENTURION COL cert VAL 3A21,0,0.9999977724202486,0,7229,1521,0,1,0,0,1
COL make VAL BOMBARDIER COL model VAL BD700 COL series VAL 2A12 COL name VAL GLOBAL 7500 COL cert VAL A-177,COL make VAL CE COL model VAL 210 COL series VAL T210R COL name VAL TURBOCENTURION COL cert VAL 3A21,0,0.9999977568763444,0,11836,1522,0,1,0,0,1
COL make VAL BOEING COL model VAL 737 COL series VAL 932ER COL name VAL No Popular Name COL cert VAL A16WE,COL make VAL CE COL model VAL 303 COL series VAL T303 COL name VAL CRUSADER COL cert VAL A34CE,0,0.9999972708671688,0,10644,1523,0,1,0,0,1
COL make VAL TIMM COL model VAL COLLEGIATE COL series VAL PANTHER M150 COL name VAL PANTHER COL cert VAL TC 2-239,COL make VAL CE COL model VAL 310 COL series VAL T310Q COL name VAL TURBO-SYSTEM 310Q COL cert VAL 3A10,0,0.9999973625326999,0,9078,1524,0,1,0,0,1
COL make VAL AERONCA COL model VAL L16 COL series VAL A COL name VAL CHAMPION COL cert VAL A-759,COL make VAL CE COL model VAL 310 COL series VAL T310R COL name VAL TURBO-SYSTEM 310R COL cert VAL 3A10,0,0.9999975930140645,0,161,1525,0,1,0,0,1
COL make VAL LEARJET COL model VAL 45 COL series VAL 45 COL name VAL LEARJET 75 COL cert VAL T00008WI,COL make VAL CE COL model VAL 337 COL series VAL T337B COL cert VAL A6CE,0,0.999997678424787,0,11421,1526,0,1,0,0,1
COL make VAL BOEING COL model VAL 707 COL series VAL 384C COL name VAL No Popular Name COL cert VAL 4A26,COL make VAL CE COL model VAL 337 COL series VAL T337C COL name VAL TURBO SKYMASTER COL cert VAL A6CE,0,0.9999974795230185,0,1661,1527,0,1,0,0,1
COL make VAL PIPER COL model VAL PA36 COL series VAL 285 COL name VAL PAWNEE BRAVE COL cert VAL A9SO,COL make VAL CE COL model VAL 337 COL series VAL T337D COL name VAL TURBO SKYMASTER COL cert VAL A6CE,0,0.9999976696051269,0,7617,1528,0,1,0,0,1
COL make VAL BOEING COL model VAL 727 COL series VAL 264 COL name VAL No Popular Name COL cert VAL A3WE,COL make VAL CE COL model VAL 337 COL series VAL T337E COL name VAL TURBO SKYMASTER COL cert VAL A6CE,0,0.999997248877358,0,1797,1529,0,1,0,0,1
COL make VAL LEARJET COL model VAL 24 COL series VAL A COL name VAL No Popular Name COL cert VAL A10CE,COL make VAL CE COL model VAL 337 COL series VAL T337F COL name VAL TURBO SKYMASTER COL cert VAL A6CE,0,0.9999974224153568,0,6338,1530,0,1,0,0,1
COL make VAL BELL COL model VAL OH58 COL series VAL C COL name VAL KIOWA COL cert VAL H22NM,COL make VAL CE COL model VAL 337 COL series VAL T337G COL name VAL TURBO SKYMASTER COL cert VAL A6CE,0,0.9999975366601941,0,21397,1531,0,1,0,0,1
COL make VAL GAF COL model VAL N22 COL series VAL S COL name VAL SEARCHMASTER COL cert VAL 73-1,COL make VAL CE COL model VAL 337 COL series VAL T337H COL name VAL TURBO SKYMASTER COL cert VAL A6CE,0,0.9999974159028258,0,5353,1532,0,1,0,0,1
COL make VAL LEARJET COL model VAL 55 COL series VAL B COL name VAL No Popular Name COL cert VAL A10CE,COL make VAL CE COL model VAL 172 COL series VAL T41B COL cert VAL 3A17,0,0.9999976711236647,0,6357,1533,0,1,0,0,1
COL make VAL ROBINSON COL model VAL R44 COL series VAL II COL name VAL CLIPPER II COL cert VAL H11NM,COL make VAL CE COL model VAL 172 COL series VAL T41C COL cert VAL 3A17,0,0.9999975817468336,0,7965,1534,0,1,0,0,1
COL make VAL PIPER COL model VAL PA28RT COL series VAL 201T COL name VAL TURBO ARROW IV COL cert VAL 2A13,COL make VAL T COL model VAL 50 COL series VAL 50 COL cert VAL A722,0,0.999997353638806,0,7579,1535,0,1,0,0,1
COL make VAL KAMAN COL model VAL HH43 COL series VAL F COL name VAL HUSKIE COL cert VAL H1NW,COL make VAL CE COL model VAL 305 COL series VAL TO1D COL name VAL BIRD DOG COL cert VAL 3A14,0,0.9999975861039663,0,6160,1536,0,1,0,0,1
COL make VAL BEECH COL model VAL T34 COL series VAL A COL name VAL MENTOR COL cert VAL 5A3,COL make VAL CE COL model VAL 206 COL series VAL TP206A COL name VAL SUPER SKYLANE COL cert VAL A4CE,0,0.9999973917220158,0,1388,1537,0,1,0,0,1
COL make VAL REARWIN COL model VAL 8135 COL series VAL T COL name VAL CLOUDSTER COL cert VAL TC 711,COL make VAL CE COL model VAL 206 COL series VAL TP206B COL name VAL SUPER SKYLANE COL cert VAL A4CE,0,0.9999975023456307,0,7936,1538,0,1,0,0,1
COL make VAL CESSNA COL model VAL 750 COL series VAL 750 COL name VAL CITATION X COL cert VAL T00007WI,COL make VAL CE COL model VAL 206 COL series VAL TP206C COL name VAL SUPER SKYLANE COL cert VAL A4CE,0,0.9999974156046185,0,3855,1539,0,1,0,0,1
COL make VAL HELIO COL model VAL H295 COL series VAL H295 COL name VAL SUPER COURIER COL cert VAL 1A8,COL make VAL CE COL model VAL 206 COL series VAL TP206D COL name VAL SUPER SKYLANE COL cert VAL A4CE,0,0.9999975246193094,0,5749,1540,0,1,0,0,1
COL make VAL WACO COL model VAL EQC COL series VAL 6 COL name VAL No Popular Name COL cert VAL ATC 597,COL make VAL CE COL model VAL 206 COL series VAL TP206E COL name VAL SUPER SKYLANE COL cert VAL A4CE,0,0.9999973895782048,0,9502,1541,0,1,0,0,1
COL make VAL SCHWEIZER COL model VAL SGS2 33 COL series VAL A COL name VAL No Popular Name COL cert VAL G2EA,COL make VAL CE COL model VAL 182 COL series VAL TR182 COL name VAL TURBO SKYLANE RG COL cert VAL 3A13,0,0.9999976826828687,0,8300,1542,0,1,0,0,1
COL make VAL FAIRCHILD COL model VAL PILGRIM 100 COL series VAL A COL name VAL No Popular Name COL cert VAL ATC 443,COL make VAL CE COL model VAL 206 COL series VAL TU206A COL name VAL TURBO-STATIONAIR COL cert VAL A4CE,0,0.9999973597770319,0,21439,1543,0,1,0,0,1
COL make VAL PIPER COL model VAL J5B COL series VAL J5B COL name VAL CUB CRUISER COL cert VAL A-725,COL make VAL CE COL model VAL 206 COL series VAL TU206B COL name VAL TURBO-STATIONAIR COL cert VAL A4CE,0,0.9999975231694144,0,7475,1544,0,1,0,0,1
COL make VAL AERONCA COL model VAL 65TAF COL series VAL 65TAF COL name VAL DEFENDER COL cert VAL A-728,COL make VAL CE COL model VAL 206 COL series VAL TU206C COL name VAL TURBO-STATIONAIR COL cert VAL A4CE,0,0.999997413386701,0,142,1545,0,1,0,0,1
COL make VAL CESSNA COL model VAL 210 COL series VAL H COL name VAL CENTURION COL cert VAL 3A21,COL make VAL CE COL model VAL 206 COL series VAL TU206D COL name VAL TURBO-STATIONAIR COL cert VAL A4CE,0,0.9999975057649488,0,3756,1546,0,1,0,0,1
COL make VAL SIKORSKY COL model VAL CH37 COL series VAL C COL name VAL MOJAVE COL cert VAL H7EA,COL make VAL CE COL model VAL 206 COL series VAL TU206E COL name VAL TURBO-STATIONAIR COL cert VAL A4CE,0,0.9999971658727155,0,21424,1547,0,1,0,0,1
COL make VAL LEARJET COL model VAL 60 COL series VAL 60 COL name VAL No Popular Name COL cert VAL A10CE,COL make VAL CE COL model VAL 206 COL series VAL TU206F COL name VAL TURBO-STATIONAIR COL cert VAL A4CE,0,0.9999973451706903,0,6360,1548,0,1,0,0,1
COL make VAL PIPER COL model VAL J3C COL series VAL 65S COL name VAL CUB COL cert VAL A-691,COL make VAL CE COL model VAL 206 COL series VAL TU206G COL name VAL TURBO-STATIONAIR 6 COL cert VAL A4CE,0,0.9999973880043755,0,7454,1549,0,1,0,0,1
COL make VAL BEECH COL model VAL 36 COL series VAL A36 COL name VAL BONANZA COL cert VAL 3A15,COL make VAL CE COL model VAL 206 COL series VAL U206A COL name VAL SUPER SKYWAGON COL cert VAL A4CE,0,0.9999976332499392,0,1234,1550,0,1,0,0,1
COL make VAL STINSON COL model VAL L5 COL series VAL G COL name VAL SENTINEL COL cert VAL A-764,COL make VAL CE COL model VAL 206 COL series VAL U206B COL name VAL SUPER SKYWAGON COL cert VAL A4CE,0,0.9999975061181581,0,8770,1551,0,1,0,0,1
COL make VAL DE HAVILLAND COL model VAL DHC8 COL series VAL 102 COL name VAL DASH 8 COL cert VAL A-142,COL make VAL CE COL model VAL 206 COL series VAL U206C COL name VAL SUPER SKYWAGON COL cert VAL A4CE,0,0.9999975242427489,0,4605,1552,0,1,0,0,1
COL make VAL CESSNA COL model VAL 210 COL series VAL M COL name VAL CENTURION COL cert VAL 3A21,COL make VAL CE COL model VAL 206 COL series VAL U206D COL name VAL SUPER SKYWAGON COL cert VAL A4CE,0,0.9999977318286316,0,3760,1553,0,1,0,0,1
COL make VAL BEECH COL model VAL 35 COL series VAL V35A COL name VAL BONANZA COL cert VAL 3A15,COL make VAL CE COL model VAL 206 COL series VAL U206E COL name VAL STATIONAIR COL cert VAL A4CE,0,0.9999974592544146,0,1228,1554,0,1,0,0,1
COL make VAL PIPER COL model VAL PA18S COL series VAL 135 COL name VAL SUPER CUB COL cert VAL 1A2,COL make VAL CE COL model VAL 206 COL series VAL U206F COL name VAL STATIONAIR COL cert VAL A4CE,0,0.9999976655334112,0,7514,1555,0,1,0,0,1
COL make VAL PIPER COL model VAL PA31T COL series VAL PA31T COL name VAL CHEYENNE COL cert VAL A8EA,COL make VAL CE COL model VAL 206 COL series VAL U206G COL name VAL STATIONAIR COL cert VAL A4CE,0,0.999997496371731,0,7594,1556,0,1,0,0,1
COL make VAL CESSNA COL model VAL 182 COL series VAL B COL name VAL SKYLANE COL cert VAL 3A13,COL make VAL CE COL model VAL 206 COL series VAL U206 COL name VAL SUPER SKYWAGON COL cert VAL A4CE,0,0.9999977137775619,0,3709,1557,0,1,0,0,1
COL make VAL PILATUS COL model VAL PC6 COL series VAL AH2 COL name VAL TURBO PORTER COL cert VAL F56-10,COL make VAL CE COL model VAL 310 COL series VAL U3A COL cert VAL 3A10,0,0.9999977499303108,0,11246,1558,0,1,0,0,1
COL make VAL BELL COL model VAL UH1 COL series VAL B COL name VAL IROQUOIS COL cert VAL NOT CERTIFICATED,COL make VAL CE COL model VAL 310 COL series VAL U3B COL cert VAL 3A10,0,0.9999975603257428,0,1512,1559,0,1,0,0,1
COL make VAL LEARJET COL model VAL 60 COL series VAL 60 COL name VAL No Popular Name COL cert VAL A10CE,COL make VAL UC COL model VAL 77 COL series VAL B COL cert VAL ATC573,0,0.9999971436907512,0,6360,1560,0,1,0,0,1
COL make VAL BALLOON WORKS COL model VAL FIREFLY 7 COL series VAL 15 COL name VAL No Popular Name COL cert VAL A14SO,COL make VAL T COL model VAL 50 COL series VAL UC78 COL cert VAL A722,0,0.9999969865570381,0,1069,1561,0,1,0,0,1
COL make VAL LOCKHEED COL model VAL VEGA COL series VAL 5 COL name VAL No Popular Name COL cert VAL ATC 93,COL make VAL BBAVIA COL model VAL 402 COL series VAL 402 COL cert VAL A3CE,0,0.9999975007420685,0,21470,1562,0,1,0,0,1
COL make VAL HUGHES COL model VAL 369 COL series VAL HE COL name VAL 500 COL cert VAL H3WE,COL make VAL CHAMP COL model VAL 7 COL series VAL ECA COL name VAL CITABRIA COL cert VAL A759,0,0.9999971415502626,0,5886,1563,0,1,0,0,1
COL make VAL BOEING COL model VAL 777 COL series VAL 2D7 COL name VAL No Popular Name COL cert VAL T00001SE,COL make VAL BL COL model VAL 7 COL series VAL ECA COL name VAL CITABRIA COL cert VAL A759,0,0.9999965985983538,0,2843,1564,0,1,0,0,1
COL make VAL CESSNA COL model VAL T210 COL series VAL F COL name VAL TURBO CENTURION COL cert VAL 3A21,COL make VAL CHAMP COL model VAL 7 COL series VAL FC COL name VAL TRI-TRAVELLER COL cert VAL A759,0,0.9999970385323864,0,3966,1565,0,1,0,0,1
COL make VAL BOEING COL model VAL 737 COL series VAL 236 COL name VAL No Popular Name COL cert VAL A16WE,COL make VAL BL COL model VAL 7 COL series VAL FC COL cert VAL A759,0,0.9999971992825297,0,1935,1566,0,1,0,0,1
COL make VAL SWEARINGEN COL model VAL SA226 COL series VAL T COL name VAL MERLIN III COL cert VAL A5SW,COL make VAL CHAMP COL model VAL 7 COL series VAL GC COL name VAL SKY-TRAC COL cert VAL A759,0,0.9999966533034448,0,8895,1567,0,1,0,0,1
COL make VAL BOEING COL model VAL 767 COL series VAL 316BCF COL name VAL No Popular Name COL cert VAL A1NM,COL make VAL BL COL model VAL 7 COL series VAL GC COL cert VAL A759,0,0.9999973133512906,0,15230,1568,0,1,0,0,1
COL make VAL CESSNA COL model VAL P206 COL series VAL A COL name VAL SUPER SKYLANE COL cert VAL A4CE,COL make VAL CHAMP COL model VAL 7 COL series VAL GCAA COL name VAL CITABRIA COL cert VAL A759,0,0.9999969106160387,0,3943,1569,0,1,0,0,1
COL make VAL CESSNA COL model VAL 500 COL series VAL 500 COL name VAL CITATION COL cert VAL A22CE,COL make VAL BL COL model VAL 7 COL series VAL GCAA COL cert VAL A759,0,0.9999966100249307,0,3836,1570,0,1,0,0,1
COL make VAL HUGHES COL model VAL 369 COL series VAL HM COL name VAL 500 COL cert VAL H3WE,COL make VAL CHAMP COL model VAL 7 COL series VAL GCBC COL name VAL CITABRIA COL cert VAL A759,0,0.9999972599674898,0,5887,1571,0,1,0,0,1
COL make VAL CESSNA COL model VAL TU206 COL series VAL D COL name VAL TURBO SKYWAGON COL cert VAL A4CE,COL make VAL BL COL model VAL 7 COL series VAL GCB COL cert VAL A759,0,0.9999970129832206,0,4003,1572,0,1,0,0,1
COL make VAL BOEING COL model VAL 747 COL series VAL 267B COL name VAL No Popular Name COL cert VAL A20WE,COL make VAL BL COL model VAL 7 COL series VAL GCBA COL cert VAL A759,0,0.999996581584285,0,2495,1573,0,1,0,0,1
COL make VAL HELIO COL model VAL H395 COL series VAL A COL name VAL SUPER COURIER COL cert VAL 1A8,COL make VAL BL COL model VAL 7 COL series VAL GCBC COL cert VAL A759,0,0.9999971441020428,0,5752,1574,0,1,0,0,1
COL make VAL BOEING COL model VAL 737 COL series VAL 244 COL name VAL No Popular Name COL cert VAL A16WE,COL make VAL BBAVIA COL model VAL 7 COL series VAL GCBC COL name VAL CITABRIA 150S COL cert VAL A759,0,0.9999970065240941,0,1939,1575,0,1,0,0,1
COL make VAL BOMBARDIER COL model VAL BD500 COL series VAL 1A10 COL name VAL CS100 COL cert VAL A-236,COL make VAL BL COL model VAL 7 COL series VAL HC COL cert VAL A759,0,0.9999969402537263,0,10910,1576,0,1,0,0,1
COL make VAL LOCKHEED COL model VAL 1049 COL series VAL B55 COL name VAL SUPER CONSTELLATION COL cert VAL 6A5,COL make VAL CHAMP COL model VAL 7 COL series VAL JC COL name VAL TRI-CON 95 COL cert VAL A759,0,0.9999969605580227,0,6510,1577,0,1,0,0,1
COL make VAL BEECH COL model VAL 60 COL series VAL B60 COL name VAL DUKE COL cert VAL A12CE,COL make VAL BL COL model VAL 7 COL series VAL JC COL cert VAL A759,0,0.9999972946233926,0,1285,1578,0,1,0,0,1
COL make VAL BOEING COL model VAL 747 COL series VAL 238B COL name VAL No Popular Name COL cert VAL A20WE,COL make VAL CHAMP COL model VAL 7 COL series VAL KC COL name VAL DX'ER COL cert VAL A759,0,0.9999970935914728,0,2477,1579,0,1,0,0,1
COL make VAL BOEING COL model VAL 727 COL series VAL 276 COL name VAL No Popular Name COL cert VAL A3WE,COL make VAL BL COL model VAL 7 COL series VAL KC COL cert VAL A759,0,0.9999969246025732,0,1802,1580,0,1,0,0,1
COL make VAL SCHWEIZER COL model VAL SGS2 33 COL series VAL AK COL name VAL No Popular Name COL cert VAL G2EA,COL make VAL CHAMP COL model VAL 7 COL series VAL KCAB COL name VAL CITABRIA COL cert VAL A759,0,0.9999973906335333,0,8301,1581,0,1,0,0,1
COL make VAL HUGHES COL model VAL 369 COL series VAL D COL name VAL 500D COL cert VAL H3WE,COL make VAL BL COL model VAL 7 COL series VAL KCAB COL name VAL CITABRIA COL cert VAL A759,0,0.9999972343842184,0,5881,1582,0,1,0,0,1
COL make VAL SCHLEICHER COL model VAL K8 COL series VAL B COL name VAL No Popular Name COL cert VAL 216/SP,COL make VAL ACA COL model VAL 8GCBC COL series VAL 8GCBC COL cert VAL A21CE,0,0.9999964431233388,0,8259,1583,0,1,0,0,1
COL make VAL SCHWEIZER COL model VAL SGS1 23 COL series VAL F COL name VAL No Popular Name COL cert VAL 1G1,COL make VAL CHAMP COL model VAL 8 COL series VAL GCBC COL cert VAL A21CE,0,0.9999970841716621,0,8282,1584,0,1,0,0,1
COL make VAL BOEING COL model VAL 737 COL series VAL 2Q8C COL name VAL No Popular Name COL cert VAL A16WE,COL make VAL BBAVIA COL model VAL 8 COL series VAL GCBC COL name VAL SCOUT COL cert VAL A21CE,0,0.9999972230740182,0,2030,1585,0,1,0,0,1
COL make VAL BOEING COL model VAL 737 COL series VAL 73Q COL name VAL No Popular Name COL cert VAL A16WE,COL make VAL CHAMP COL model VAL 8 COL series VAL KCAB COL name VAL CITABRIA PRO COL cert VAL A21CE,0,0.9999967804630652,0,2213,1586,0,1,0,0,1
COL make VAL BEECH COL model VAL 95 COL series VAL E95 COL name VAL TRAVEL AIR COL cert VAL 3A16,COL make VAL BL COL model VAL 8 COL series VAL 8KCAB COL cert VAL A21CE,0,0.9999968156007749,0,1315,1587,0,1,0,0,1
COL make VAL BOEING COL model VAL 737 COL series VAL 2M8 COL name VAL No Popular Name COL cert VAL A16WE,COL make VAL CIRRUS COL model VAL SF50 COL series VAL SF50 COL cert VAL A00018CH,0,0.9999968843867515,0,2016,1588,0,1,0,0,1
COL make VAL STITS COL model VAL SA9 COL series VAL A COL name VAL SKYCOUPE COL cert VAL 4A31,COL make VAL CIRRUS COL model VAL SR20 COL series VAL SR20 COL cert VAL A00009CH,0,0.999997362693673,0,19915,1589,0,1,0,0,1
COL make VAL BOEING COL model VAL 727 COL series VAL 116 COL name VAL No Popular Name COL cert VAL A3WE,COL make VAL CIRRUS COL model VAL SR22 COL series VAL SR22 COL cert VAL A00009CH,0,0.9999972686774229,0,1718,1590,0,1,0,0,1
COL make VAL PIPER COL model VAL J5A COL series VAL J5A COL name VAL CUB CRUISER COL cert VAL A-725,COL make VAL CIRRUS COL model VAL SR22T COL series VAL SR22T COL cert VAL A00009CH,0,0.9999974105137744,0,7474,1591,0,1,0,0,1
COL make VAL CESSNA COL model VAL T337 COL series VAL B COL name VAL No Popular Name COL cert VAL A6CE,COL make VAL CONAER COL model VAL C1 COL series VAL C1 COL name VAL COLONIAL COL cert VAL 1A13,0,0.9999964817682602,0,3979,1592,0,1,0,0,1
COL make VAL DOUGLAS COL model VAL DC8 COL series VAL 55 COL name VAL No Popular Name COL cert VAL 4A25,COL make VAL CONAER COL model VAL C2 COL series VAL C2 COL name VAL COLONIAL COL cert VAL 1A13,0,0.9999971896692924,0,4771,1593,0,1,0,0,1
COL make VAL CESSNA COL model VAL FR172 COL series VAL E COL name VAL REIMS ROCKET COL cert VAL A18EU,COL make VAL THNDCT COL model VAL COLT COL series VAL 160A COL cert VAL B3EU,0,0.999997075509321,0,3913,1594,0,1,0,0,1
COL make VAL PIPER COL model VAL PA32 COL series VAL 260 COL name VAL CHEROKEE SIX 260 COL cert VAL A3SO,COL make VAL THNDCT COL model VAL COLT COL series VAL 180A COL cert VAL B3EU,0,0.9999972172297533,0,7596,1595,0,1,0,0,1
COL make VAL BOEING COL model VAL 737 COL series VAL 7BJ COL name VAL No Popular Name COL cert VAL A16WE,COL make VAL THNDCT COL model VAL COLT COL series VAL 105A COL cert VAL B3EU,0,0.9999973699473593,0,2266,1596,0,1,0,0,1
COL make VAL BOEING COL model VAL 777 COL series VAL 267 COL name VAL No Popular Name COL cert VAL T00001SE,COL make VAL THNDCT COL model VAL COLT COL series VAL 240A COL cert VAL B3EU,0,0.999997301852024,0,2833,1597,0,1,0,0,1
COL make VAL HELIO COL model VAL H391 COL series VAL B COL name VAL No Popular Name COL cert VAL 1A8,COL make VAL THNDCT COL model VAL COLT COL series VAL 56A COL cert VAL B3EU,0,0.9999972925714822,0,5750,1598,0,1,0,0,1
COL make VAL PILATUS COL model VAL PC6 COL series VAL B1H2 COL name VAL TURBO PORTER COL cert VAL F56-10,COL make VAL THNDCT COL model VAL COLT COL series VAL 69A COL cert VAL T3EU,0,0.9999971924592648,0,7439,1599,0,1,0,0,1
COL make VAL BOEING COL model VAL 737 COL series VAL 79L COL name VAL No Popular Name COL cert VAL A16WE,COL make VAL THNDCT COL model VAL COLT COL series VAL 77A COL cert VAL B3EU,0,0.9999971936357672,0,2244,1600,0,1,0,0,1
COL make VAL AIR TRACTOR COL model VAL AT402 COL series VAL B COL name VAL No Popular Name COL cert VAL A17SW,COL make VAL THNDCT COL model VAL COLT COL series VAL 90A COL cert VAL B3EU,0,0.9999972297634371,0,363,1601,0,1,0,0,1
COL make VAL STINSON COL model VAL 108 COL series VAL 1 COL name VAL VOYAGER STATION WAGON COL cert VAL A-767,COL make VAL THNDCT COL model VAL COLT COL series VAL GA42 COL cert VAL B3EU,0,0.9999971943917343,0,8756,1602,0,1,0,0,1
COL make VAL WACO COL model VAL EGC COL series VAL 8 COL name VAL No Popular Name COL cert VAL TC 665,COL make VAL XJL COL model VAL 1 COL series VAL 1 COL name VAL COLUMBIA XJL-1 COL cert VAL AR26,0,0.9999974787909831,0,9500,1603,0,1,0,0,1
COL make VAL CESSNA COL model VAL U206 COL series VAL C COL name VAL SKYWAGON COL cert VAL A4CE,COL make VAL COAIRE COL model VAL 3C COL series VAL 3A COL name VAL CMND AIRE TRAINER COL cert VAL ATC151,0,0.9999971528544741,0,4009,1604,0,1,0,0,1
COL make VAL SIKORSKY COL model VAL UH19 COL series VAL F COL name VAL CHICKASAW COL cert VAL HR1SO,COL make VAL COAIRE COL model VAL 3C COL series VAL 3B COL cert VAL ATC120,0,0.9999970891907487,0,21359,1605,0,1,0,0,1
COL make VAL HAWKER COL model VAL 4000 COL series VAL 4000 COL name VAL HORIZON COL cert VAL T00013WI,COL make VAL COAIRE COL model VAL 3C COL series VAL 3 COL name VAL CMND AIRE TRAINER COL cert VAL ATC150,0,0.9999972315659446,0,5668,1606,0,1,0,0,1
COL make VAL PITCAIRN COL model VAL PA7 COL series VAL S COL name VAL SUPER SPORT MAILWING COL cert VAL ATC 196,COL make VAL COMNDR COL model VAL 112 COL series VAL 112 COL cert VAL A12SO,0,0.9999971519311421,0,7650,1607,0,1,0,0,1
COL make VAL HUGHES COL model VAL 369 COL series VAL D COL name VAL 500D COL cert VAL H3WE,COL make VAL COMNDR COL model VAL 114 COL series VAL 114B COL cert VAL A12SO,0,0.9999974685877323,0,5881,1608,0,1,0,0,1
COL make VAL HUGHES COL model VAL 369 COL series VAL E COL name VAL 500E COL cert VAL H3WE,COL make VAL COMNDR COL model VAL 114 COL series VAL 114TC COL cert VAL A12SO,0,0.9999973945747934,0,5884,1609,0,1,0,0,1
COL make VAL HUGHES COL model VAL 369 COL series VAL A COL name VAL 500 COL cert VAL H3WE,COL make VAL PB COL model VAL Y5 COL series VAL 285ACF COL cert VAL 785,0,0.9999973075635039,0,5879,1610,0,1,0,0,1
COL make VAL BOEING COL model VAL 737 COL series VAL 38B COL name VAL No Popular Name COL cert VAL A16WE,COL make VAL BT COL model VAL 13 COL series VAL A COL cert VAL A2571,0,0.9999968637411103,0,2091,1611,0,1,0,0,1
COL make VAL GRUMMAN COL model VAL G21 COL series VAL G21 COL name VAL GOOSE COL cert VAL TC 654,COL make VAL BT COL model VAL 13 COL series VAL 13 COL cert VAL A2571,0,0.9999972440679114,0,5557,1612,0,1,0,0,1
COL make VAL MCDONNELL DOUGLAS COL model VAL MD90 COL series VAL 30 COL name VAL No Popular Name COL cert VAL A6WE,COL make VAL BT COL model VAL 15 COL series VAL 15 COL cert VAL A2571,0,0.9999972104116375,0,6837,1613,0,1,0,0,1
COL make VAL MOONEY COL model VAL M20U COL series VAL M20U COL name VAL OVATION ULTRA COL cert VAL 2A3,COL make VAL CV COL model VAL L13 COL series VAL L13 COL cert VAL AR10,0,0.9999966427352059,0,11868,1614,0,1,0,0,1
COL make VAL BALLOON WORKS COL model VAL FIREFLY 7 COL series VAL FIREFLY 7 COL name VAL No Popular Name COL cert VAL A14SO,COL make VAL PB COL model VAL 2Y COL series VAL 3 COL cert VAL L52,0,0.999996818044517,0,1070,1615,0,1,0,0,1
COL make VAL BOEING COL model VAL 737 COL series VAL 329 COL name VAL No Popular Name COL cert VAL A16WE,COL make VAL PB COL model VAL Y5 COL series VAL A COL cert VAL 2548,0,0.9999971634878193,0,2064,1616,0,1,0,0,1
COL make VAL CESSNA COL model VAL T210 COL series VAL H COL name VAL TURBO CENTURION COL cert VAL 3A21,COL make VAL PB COL model VAL Y6 COL series VAL A COL cert VAL AR22,0,0.9999970753029273,0,3968,1617,0,1,0,0,1
COL make VAL PIPER COL model VAL PA46 COL series VAL 350P COL name VAL MALIBU MIRAGE COL cert VAL A25SO,COL make VAL BT COL model VAL 13 COL series VAL SNV1 COL cert VAL A2571,0,0.999997166852321,0,7634,1618,0,1,0,0,1
COL make VAL CESSNA COL model VAL 208 COL series VAL B COL name VAL CARAVAN COL cert VAL A37CE,COL make VAL CV COL model VAL 22 COL series VAL 22 COL cert VAL 4A27,0,0.9999970348543206,0,3747,1619,0,1,0,0,1
COL make VAL BOEING COL model VAL 737 COL series VAL 8EH COL name VAL No Popular Name COL cert VAL A16WE,COL make VAL CV COL model VAL 240 COL series VAL 24 COL cert VAL A793,0,0.9999970991269411,0,2385,1621,0,1,0,0,1
COL make VAL PILATUS COL model VAL PC6 COL series VAL AH2 COL name VAL TURBO PORTER COL cert VAL F56-10,COL make VAL CV COL model VAL 240 COL series VAL 13 COL cert VAL A793,0,0.9999970133948196,0,11246,1622,0,1,0,0,1
COL make VAL LOCKHEED COL model VAL VEGA COL series VAL 1 COL name VAL No Popular Name COL cert VAL ATC 49,COL make VAL CV COL model VAL 240 COL series VAL 5 COL cert VAL A793,0,0.9999968089719897,0,21468,1623,0,1,0,0,1
COL make VAL BOEING COL model VAL 737 COL series VAL 86N COL name VAL No Popular Name COL cert VAL A16WE,COL make VAL CV COL model VAL 240 COL series VAL 7 COL cert VAL A793,0,0.9999967229788723,0,2355,1624,0,1,0,0,1
COL make VAL LEARJET COL model VAL 24 COL series VAL F COL name VAL No Popular Name COL cert VAL A10CE,COL make VAL CV COL model VAL 240 COL series VAL 8 COL cert VAL A793,0,0.9999967623415362,0,10916,1625,0,1,0,0,1
COL make VAL ROBINSON COL model VAL R22 COL series VAL BETA COL name VAL No Popular Name COL cert VAL H10WE,COL make VAL CV COL model VAL 240 COL series VAL 11 COL cert VAL A793,0,0.9999965510767572,0,7962,1626,0,1,0,0,1
COL make VAL LANCAIR COL model VAL LC42 COL series VAL 550FG COL name VAL COLUMBIA 350 COL cert VAL A00003SE,COL make VAL CV COL model VAL 240 COL series VAL 2 COL cert VAL A793,0,0.9999973736218218,0,6324,1627,0,1,0,0,1
COL make VAL CESSNA COL model VAL A185 COL series VAL F COL name VAL SKYWAGON COL cert VAL 3A24,COL make VAL CV COL model VAL 240 COL series VAL 3 COL cert VAL A793,0,0.9999969153485184,0,3866,1628,0,1,0,0,1
COL make VAL BOEING COL model VAL 707 COL series VAL 349C COL name VAL No Popular Name COL cert VAL 4A26,COL make VAL CV COL model VAL 240 COL series VAL 240 COL cert VAL A793,0,0.9999967030547728,0,1642,1629,0,1,0,0,1
COL make VAL AERO COMMANDER COL model VAL 695 COL series VAL A COL name VAL COMMANDER 1200 COL cert VAL 2A4,COL make VAL CV COL model VAL 240 COL series VAL 0 COL cert VAL A793,0,0.9999969536761448,0,96,1630,0,1,0,0,1
COL make VAL BEECH COL model VAL 55 COL series VAL 95B55B COL name VAL BARON COL cert VAL 3A16,COL make VAL CV COL model VAL 240 COL series VAL 1 COL cert VAL A793,0,0.9999970797065455,0,1267,1631,0,1,0,0,1
COL make VAL CESSNA COL model VAL 210 COL series VAL B COL name VAL CENTURION COL cert VAL 3A21,COL make VAL CV COL model VAL 240 COL series VAL 12 COL cert VAL A793,0,0.9999969347717493,0,3750,1632,0,1,0,0,1
COL make VAL DOUGLAS COL model VAL DC8 COL series VAL 72 COL name VAL SUPER 70 COL cert VAL 4A25,COL make VAL CV COL model VAL 240 COL series VAL 14 COL cert VAL A793,0,0.9999968326918033,0,4786,1633,0,1,0,0,1
COL make VAL CESSNA COL model VAL A185 COL series VAL F COL name VAL SKYWAGON COL cert VAL 3A24,COL make VAL CV COL model VAL 240 COL series VAL 23 COL cert VAL A793,0,0.9999972191279346,0,3866,1634,0,1,0,0,1
COL make VAL PIPER COL model VAL J3F COL series VAL 65 COL name VAL CUB COL cert VAL A-692,COL make VAL CV COL model VAL 240 COL series VAL 26 COL cert VAL A793,0,0.999996925165642,0,7460,1635,0,1,0,0,1
COL make VAL BOEING COL model VAL 737 COL series VAL 832 COL name VAL No Popular Name COL cert VAL A16WE,COL make VAL CV COL model VAL 240 COL series VAL 27 COL cert VAL A793,0,0.9999971593378666,0,2338,1636,0,1,0,0,1
COL make VAL BEECH COL model VAL 19 COL series VAL B19 COL name VAL SPORT 150 COL cert VAL A1CE,COL make VAL CV COL model VAL 240 COL series VAL 4 COL cert VAL A793,0,0.9999971253597155,0,1166,1637,0,1,0,0,1
COL make VAL LOCKHEED COL model VAL 1649 COL series VAL A98 COL name VAL CONSTELLATION STARLINER COL cert VAL 4A17,COL make VAL CV COL model VAL 240 COL series VAL 53 COL cert VAL A-793,0,0.9999972323499662,0,6530,1638,0,1,0,0,1
COL make VAL HUGHES COL model VAL 369 COL series VAL HE COL name VAL 500 COL cert VAL H3WE,COL make VAL CV COL model VAL 30 COL series VAL A COL cert VAL 4A30,0,0.9999971682623577,0,5886,1639,0,1,0,0,1
COL make VAL SCHWEIZER COL model VAL SGU22 2 COL series VAL C COL name VAL No Popular Name COL cert VAL G-18,COL make VAL CV COL model VAL 30 COL series VAL 30 COL cert VAL 4A30,0,0.9999970776741804,0,8309,1640,0,1,0,0,1
COL make VAL CESSNA COL model VAL T210 COL series VAL N COL name VAL TURBO CENTURION COL cert VAL 3A21,COL make VAL CV COL model VAL 340 COL series VAL 70 COL cert VAL 6A6,0,0.9999971768034364,0,3973,1641,0,1,0,0,1
COL make VAL PIPER COL model VAL PA30 COL series VAL PA30 COL name VAL TWIN COMANCHE COL cert VAL A1EA,COL make VAL CV COL model VAL 440 COL series VAL 5800STC COL name VAL CONVAIR COL cert VAL SA6088NM,0,0.9999970296254013,0,7582,1642,0,1,0,0,1
COL make VAL PIPER COL model VAL PA18 COL series VAL 125 COL name VAL SUPER CUB COL cert VAL 1A2,COL make VAL CV COL model VAL 340 COL series VAL 340 COL cert VAL 6A6,0,0.9999969873730966,0,7503,1643,0,1,0,0,1
COL make VAL ROCKWELL COL model VAL 685 COL series VAL 685 COL name VAL COMMANDER 685 COL cert VAL 2A4,COL make VAL CV COL model VAL 340 COL series VAL 5800STC COL name VAL CONVAIR COL cert VAL SA6088NM,0,0.9999960062298273,0,7988,1644,0,1,0,0,1
COL make VAL DOUGLAS COL model VAL DC8 COL series VAL 73 COL name VAL SUPER 70 COL cert VAL 4A25,COL make VAL CV COL model VAL 340 COL series VAL 31 COL cert VAL 6A6,0,0.9999973013386321,0,4787,1645,0,1,0,0,1
COL make VAL CESSNA COL model VAL TU206 COL series VAL E COL name VAL TURBO SKYWAGON COL cert VAL A4CE,COL make VAL CV COL model VAL 440 COL series VAL 440 COL cert VAL 6A6,0,0.9999971812666003,0,4004,1646,0,1,0,0,1
COL make VAL CESSNA COL model VAL 182 COL series VAL C COL name VAL SKYLANE COL cert VAL 3A13,COL make VAL CV COL model VAL 600 COL series VAL 240DSTC COL cert VAL 1054WE,0,0.999996694548185,0,3710,1647,0,1,0,0,1
COL make VAL BOEING COL model VAL 707 COL series VAL 331B COL name VAL No Popular Name COL cert VAL 4A26,COL make VAL CV COL model VAL 240 COL series VAL STC600 COL cert VAL A793,0,0.9999967000412513,0,1627,1648,0,1,0,0,1
COL make VAL MEYERS COL model VAL OTW COL series VAL 145 COL name VAL OUT TO WIN COL cert VAL A-736,COL make VAL CV COL model VAL 440 COL series VAL 580STC COL name VAL 580 COL cert VAL 4-1100,0,0.9999963132541713,0,6869,1649,0,1,0,0,1
COL make VAL AYRES COL model VAL S2R COL series VAL T11 COL name VAL No Popular Name COL cert VAL A3SW,COL make VAL CV COL model VAL 640 COL series VAL 340DSTC COL cert VAL 1096WE,0,0.9999966925979035,0,866,1650,0,1,0,0,1
COL make VAL PIPER COL model VAL PA31T COL series VAL 2 COL name VAL CHEYENNE IIXL COL cert VAL A8EA,COL make VAL CV COL model VAL 340 COL series VAL STC640 COL cert VAL 6A6,0,0.9999971141211089,0,7592,1651,0,1,0,0,1
COL make VAL CESSNA COL model VAL P210 COL series VAL N COL name VAL PRESSURIZED CENTURION COL cert VAL 3A21,COL make VAL CV COL model VAL 240 COL series VAL T29B COL cert VAL A793,0,0.9999975084668564,0,3949,1652,0,1,0,0,1
COL make VAL LOCKHEED COL model VAL 382 COL series VAL G COL name VAL L100 30 COL cert VAL A1SO,COL make VAL SUPAC COL model VAL LA COL series VAL LCA COL cert VAL A730,0,0.9999975180679719,0,6542,1653,0,1,0,0,1
COL make VAL CUB CRAFTERS COL model VAL CC18 COL series VAL 180 COL name VAL TOP CUB COL cert VAL A00006SE,COL make VAL SUPAC COL model VAL LA COL series VAL LFA COL cert VAL A730,0,0.9999973607135267,0,10743,1654,0,1,0,0,1
COL make VAL DASSAULT COL model VAL FANJET FALCON COL series VAL C COL name VAL No Popular Name COL cert VAL 103,COL make VAL SUPAC COL model VAL V COL series VAL 2 COL cert VAL A778,0,0.9999966571742692,0,4431,1655,0,1,0,0,1
COL make VAL STINSON COL model VAL SR10 COL series VAL K COL name VAL RELIANT COL cert VAL TC 679,COL make VAL SUPAC COL model VAL V COL series VAL V COL cert VAL A778,0,0.9999974304876112,0,22190,1656,0,1,0,0,1
COL make VAL CESSNA COL model VAL TP206 COL series VAL D COL name VAL TURBO SUPER SKYLANE COL cert VAL A4CE,COL make VAL CURTIS COL model VAL A22 COL series VAL A22 COL cert VAL 2549,0,0.9999971340698274,0,3997,1657,0,1,0,0,1
COL make VAL PIPER COL model VAL PA46 COL series VAL 500TP COL name VAL MALIBU MERIDIAN COL cert VAL A25SO,COL make VAL CW COL model VAL 20 COL series VAL T COL cert VAL 2A5,0,0.9999972200679237,0,7635,1658,0,1,0,0,1
COL make VAL PILATUS COL model VAL PC6 COL series VAL B1H2 COL name VAL TURBO PORTER COL cert VAL F56-10,COL make VAL AIRLFT COL model VAL C46 COL series VAL R COL name VAL COMMANDO COL cert VAL 3A2,0,0.9999972701630484,0,7439,1659,0,1,0,0,1
COL make VAL STINSON COL model VAL SM6000 COL series VAL SM6000 COL name VAL AIRLINER COL cert VAL ATC 335,COL make VAL CW COL model VAL 20 COL series VAL TSUPER COL cert VAL 2A5,0,0.9999971617858004,0,16100,1660,0,1,0,0,1
COL make VAL DOUGLAS COL model VAL DC8 COL series VAL 55 COL name VAL No Popular Name COL cert VAL 4A25,COL make VAL CURTIS COL model VAL FLGLNG COL series VAL FLEDGLING COL cert VAL ATC191,0,0.9999966993834472,0,4771,1661,0,1,0,0,1
COL make VAL THRUSH COL model VAL S2R COL series VAL T660 COL name VAL THRUSH 660 COL cert VAL A4SW,COL make VAL CURTIS COL model VAL FLGLNG COL series VAL J1 COL name VAL FLEDGLING J1 SPECIAL COL cert VAL 2472,0,0.9999974844218161,0,11666,1662,0,1,0,0,1
COL make VAL AERO COMMANDER COL model VAL 695 COL series VAL B COL name VAL No Popular Name COL cert VAL 2A4,COL make VAL CURTIS COL model VAL JR COL series VAL CW1 COL cert VAL ATC397,0,0.9999971709400344,0,97,1663,0,1,0,0,1
COL make VAL CESSNA COL model VAL P206 COL series VAL E COL name VAL SUPER SKYLANE COL cert VAL A4CE,COL make VAL CURTIS COL model VAL O52 COL series VAL O52 COL cert VAL L312,0,0.9999968190533416,0,3947,1664,0,1,0,0,1
COL make VAL LOCKHEED COL model VAL 1329 COL series VAL 23D COL name VAL JETSTAR COL cert VAL 2A15,COL make VAL REED COL model VAL P40 COL series VAL N COL cert VAL L182,0,0.9999973557957412,0,6520,1665,0,1,0,0,1
COL make VAL BOMBARDIER COL model VAL CL600 2B19 COL series VAL 100 COL name VAL REGIONAL JET 100 COL cert VAL A-276,COL make VAL ROGUE COL model VAL P40 COL series VAL P40 COL cert VAL AR1,0,0.9999972885754762,0,2952,1666,0,1,0,0,1
COL make VAL PIPER COL model VAL PA28R COL series VAL 201T COL name VAL TURBO ARROW III COL cert VAL 2A13,COL make VAL CURTIS COL model VAL ROBIN COL series VAL C2 COL name VAL ROBIN COL cert VAL ATC144,0,0.9999970593654024,0,7576,1667,0,1,0,0,1
COL make VAL BOEING COL model VAL 737 COL series VAL 293 COL name VAL No Popular Name COL cert VAL A16WE,COL make VAL CURTIS COL model VAL ROBIN COL series VAL J1DELUXE COL name VAL ROBIN COL cert VAL ATC220,0,0.9999973338533825,0,1966,1669,0,1,0,0,1
COL make VAL AERO COMMANDER COL model VAL 695 COL series VAL B COL name VAL No Popular Name COL cert VAL 2A4,COL make VAL CURTIS COL model VAL ROBIN COL series VAL ROBIN COL name VAL ROBIN COL cert VAL ATC40,0,0.9999970931479575,0,97,1670,0,1,0,0,1
COL make VAL PIPER COL model VAL PA60 COL series VAL 601 COL name VAL AEROSTAR 601 COL cert VAL A17WE,COL make VAL CURTIS COL model VAL SB2 COL series VAL C COL cert VAL AR19,0,0.9999975511006317,0,7639,1671,0,1,0,0,1
COL make VAL PIPER COL model VAL PA28RT COL series VAL 201 COL name VAL ARROW IV COL cert VAL 2A13,COL make VAL CURTIS COL model VAL SEDAN COL series VAL 15C COL name VAL SEDAN COL cert VAL ATC426,0,0.9999971081357983,0,7578,1672,0,1,0,0,1
COL make VAL BOEING COL model VAL 737 COL series VAL 7V3 COL name VAL No Popular Name COL cert VAL A16WE,COL make VAL CURTIS COL model VAL SEDAN COL series VAL 15D COL name VAL SEDAN COL cert VAL ATC444,0,0.9999968537203737,0,2323,1673,0,1,0,0,1
COL make VAL AEROSTAR INTERNATIONAL COL model VAL S53A COL series VAL S53A COL name VAL No Popular Name COL cert VAL A15CE,COL make VAL CURTIS COL model VAL 22 COL series VAL SNC1 COL cert VAL 2549,0,0.9999970553734372,0,297,1674,0,1,0,0,1
COL make VAL AIR TRACTOR COL model VAL AT502 COL series VAL AT502 COL name VAL No Popular Name COL cert VAL A17SW,COL make VAL AMD COL model VAL 10 COL series VAL 10 COL name VAL FALCON COL cert VAL A33EU,0,0.9999973767520857,0,368,1675,0,1,0,0,1
COL make VAL PIPER COL model VAL PA22S COL series VAL 135 COL name VAL TRIPACER COL cert VAL 1A6,COL make VAL DASALT COL model VAL FALCON COL series VAL 2000EXEASY COL name VAL FALCON 2000 COL cert VAL A50NM,0,0.9999973571419879,0,7530,1676,0,1,0,0,1
COL make VAL EVANGEL COL model VAL 4500 COL series VAL 300 SERIES II COL name VAL No Popular Name COL cert VAL A17CE,COL make VAL DASALT COL model VAL FALCON COL series VAL 2000EX COL cert VAL A50NM,0,0.9999972407964226,0,5029,1677,0,1,0,0,1
COL make VAL NATIONAL BALLOONING COL model VAL 755 COL series VAL 12 COL name VAL No Popular Name COL cert VAL A33CE,COL make VAL DASALT COL model VAL FALCON COL series VAL 2000 COL cert VAL A50NM,0,0.999997442423008,0,7098,1678,0,1,0,0,1
COL make VAL FLETCHER COL model VAL FU24 COL series VAL A COL name VAL No Popular Name COL cert VAL A-3,COL make VAL AMD COL model VAL 50 COL series VAL 50 COL name VAL MYSTERE-FALCON COL cert VAL A46EU,0,0.9999970144698368,0,5236,1679,0,1,0,0,1
COL make VAL BOMBARDIER COL model VAL BD500 COL series VAL 1A10 COL name VAL CS100 COL cert VAL A-236,COL make VAL DASALT COL model VAL MYSTFA COL series VAL 50 COL name VAL FALCON 50 COL cert VAL A46EU,0,0.9999973870900235,0,10910,1680,0,1,0,0,1
COL make VAL BOEING COL model VAL 747 COL series VAL 228B COL name VAL No Popular Name COL cert VAL A20WE,COL make VAL AMD COL model VAL 50 COL series VAL 50EX COL cert VAL A46EU,0,0.9999969374365675,0,2469,1681,0,1,0,0,1
COL make VAL LOCKHEED COL model VAL 12 COL series VAL A COL name VAL ELECTRA JUNIOR COL cert VAL TC 616,COL make VAL DASALT COL model VAL FALCON COL series VAL 6X COL name VAL FALCON 6X COL cert VAL T000651B,0,0.9999974719869666,0,6517,1682,0,1,0,0,1
COL make VAL CESSNA COL model VAL T210 COL series VAL L COL name VAL TURBO CENTURION COL cert VAL 3A21,COL make VAL DASALT COL model VAL FALCON COL series VAL 7X COL cert VAL A59NM,0,0.9999971724545526,0,3971,1683,0,1,0,0,1
COL make VAL DOUGLAS COL model VAL DC8 COL series VAL 63 COL name VAL SUPER 60 COL cert VAL 4A25,COL make VAL AMD COL model VAL 50 COL series VAL 900 COL name VAL MYSTERE-FALCON COL cert VAL A46EU,0,0.9999973576460236,0,4780,1684,0,1,0,0,1
COL make VAL CESSNA COL model VAL 172RG COL series VAL 172RG COL name VAL CUTLASS RG COL cert VAL 3A17,COL make VAL DASALT COL model VAL MYSTEREFALCON COL series VAL 900 COL cert VAL A46EU,0,0.999997024292195,0,3688,1685,0,1,0,0,1
COL make VAL SCHLEICHER COL model VAL K8 COL series VAL K8 COL name VAL No Popular Name COL cert VAL 216/SP,COL make VAL DASALT COL model VAL FALCON COL series VAL 900EX COL cert VAL A46EU,0,0.9999970039822501,0,8261,1686,0,1,0,0,1
COL make VAL PIPER COL model VAL PA31 COL series VAL 300 COL name VAL NAVAJO COL cert VAL A20SO,COL make VAL DASALT COL model VAL FALCON COL series VAL 900EXEASY COL cert VAL A46EU,0,0.9999972883750686,0,7583,1687,0,1,0,0,1
COL make VAL CESSNA COL model VAL 182 COL series VAL T COL name VAL SKYLANE COL cert VAL 3A13,COL make VAL AMD COL model VAL 50 COL series VAL 900EX COL cert VAL A46EU,0,0.9999968098452662,0,3725,1688,0,1,0,0,1
COL make VAL MITSUBISHI COL model VAL MU2B COL series VAL 26 COL name VAL MARQUISE COL cert VAL NOT IDENTIFIED,COL make VAL AMD COL model VAL 20 COL series VAL C5 COL name VAL MYSTERE-FALCON COL cert VAL A7EU,0,0.9999974988464896,0,6993,1689,0,1,0,0,1
COL make VAL CESSNA COL model VAL 210 COL series VAL F COL name VAL CENTURION COL cert VAL 3A21,COL make VAL AMD COL model VAL 20 COL series VAL 20 COL name VAL FAN JET FALCON COL cert VAL A7EU,0,0.9999972968542081,0,3754,1690,0,1,0,0,1
COL make VAL PIPER COL model VAL PA42 COL series VAL 1000 COL name VAL CHEYENNE 400LS COL cert VAL A23SO,COL make VAL AMD COL model VAL 20 COL series VAL C COL name VAL FAN JET FALCON COL cert VAL A7EU,0,0.99999721613748,0,7625,1691,0,1,0,0,1
COL make VAL PIPER COL model VAL PA30 COL series VAL PA30 COL name VAL TWIN COMANCHE COL cert VAL A1EA,COL make VAL AMD COL model VAL 20 COL series VAL D COL name VAL FAN JET FALCON COL cert VAL A7EU,0,0.9999972620924152,0,7582,1692,0,1,0,0,1
COL make VAL BALLOON WORKS COL model VAL FIREFLY B7 COL series VAL FIREFLY B7 COL name VAL No Popular Name COL cert VAL A14SO,COL make VAL AMD COL model VAL 20 COL series VAL E COL name VAL FAN JET FALCON COL cert VAL A7EU,0,0.9999974201528482,0,1079,1693,0,1,0,0,1
COL make VAL STINSON COL model VAL 108 COL series VAL 1 COL name VAL VOYAGER STATION WAGON COL cert VAL A-767,COL make VAL AMD COL model VAL 20 COL series VAL F COL name VAL FAN JET FALCON COL cert VAL A7EU,0,0.9999972950361677,0,8756,1694,0,1,0,0,1
COL make VAL SIKORSKY COL model VAL S58 COL series VAL BT COL name VAL No Popular Name COL cert VAL 1H11,COL make VAL AMD COL model VAL 20 COL series VAL D5 COL name VAL MYSTERE-FALCON COL cert VAL A7EU,0,0.9999970269628291,0,8470,1695,0,1,0,0,1
COL make VAL SCHWEIZER COL model VAL SGS1 26 COL series VAL D COL name VAL No Popular Name COL cert VAL 1G10,COL make VAL AMD COL model VAL 20 COL series VAL F5 COL name VAL MYSTERE-FALCON COL cert VAL A7EU,0,0.9999973831524147,0,8290,1696,0,1,0,0,1
COL make VAL STINSON COL model VAL SR10 COL series VAL K COL name VAL RELIANT COL cert VAL TC 679,COL make VAL AMD COL model VAL 20 COL series VAL 200 COL name VAL MYSTERE-FALCON COL cert VAL A7EU,0,0.9999974367690566,0,22190,1697,0,1,0,0,1
COL make VAL EMBRAER COL model VAL EMB135 COL series VAL BJ COL name VAL LEGACY 600 COL cert VAL EA-9606,COL make VAL DH COL model VAL 104 COL series VAL 1A COL name VAL DOVE COL cert VAL A807,0,0.9999973930350542,0,4906,1698,0,1,0,0,1
COL make VAL CESSNA COL model VAL 404 COL series VAL 404 COL name VAL TITAN COL cert VAL A25CE,COL make VAL DH COL model VAL 1040 COL series VAL 2A COL name VAL DOVE COL cert VAL A807,0,0.9999973841878895,0,3824,1699,0,1,0,0,1
COL make VAL DOUGLAS COL model VAL DC8 COL series VAL 32 COL name VAL No Popular Name COL cert VAL 4A25,COL make VAL DH COL model VAL 104 COL series VAL 5BA COL name VAL DOVE COL cert VAL A807,0,0.9999972710948952,0,4759,1700,0,1,0,0,1
COL make VAL SCHWEIZER COL model VAL SGM2 37 COL series VAL SGM2 37 COL name VAL CONDOR COL cert VAL G1NE,COL make VAL DH COL model VAL 104 COL series VAL 5A COL name VAL DOVE COL cert VAL A807,0,0.9999972271242475,0,8280,1701,0,1,0,0,1
COL make VAL LAISTER KAUFFMANN COL model VAL LK10 COL series VAL A COL name VAL YANKEE DOODLE 2 COL cert VAL G-15,COL make VAL DH COL model VAL 104 COL series VAL 6A COL name VAL DOVE COL cert VAL A807,0,0.9999973096284268,0,21590,1702,0,1,0,0,1
COL make VAL BEECH COL model VAL 58 COL series VAL TCA COL name VAL TURBO BARON COL cert VAL A23CE,COL make VAL DH COL model VAL 104 COL series VAL 6BA COL name VAL DOVE COL cert VAL A807,0,0.99999723334881,0,1281,1703,0,1,0,0,1
COL make VAL STINSON COL model VAL SR10 COL series VAL B COL name VAL RELIANT COL cert VAL TC 678,COL make VAL DH COL model VAL 104 COL series VAL 7A COL name VAL DOVE COL cert VAL A807,0,0.9999974532345265,0,22180,1704,0,1,0,0,1
COL make VAL PILATUS COL model VAL PC6 COL series VAL H2 COL name VAL PORTER COL cert VAL F56-10,COL make VAL DH COL model VAL 104 COL series VAL 8A COL name VAL DOVE COL cert VAL A807,0,0.9999972854344864,0,11251,1705,0,1,0,0,1
COL make VAL HOWARD COL model VAL DGA12 COL series VAL DGA12 COL name VAL No Popular Name COL cert VAL TC 645,COL make VAL DH COL model VAL 106 COL series VAL COMET4C COL name VAL COMET 4C COL cert VAL 7A10,0,0.999997246178905,0,5852,1707,0,1,0,0,1
COL make VAL BOEING COL model VAL 737 COL series VAL 497 COL name VAL No Popular Name COL cert VAL A16WE,COL make VAL DH COL model VAL 114 COL series VAL 2DH COL name VAL HERON COL cert VAL A816,0,0.9999971081151139,0,2151,1708,0,1,0,0,1
COL make VAL TRANSLAND COL model VAL AG2 COL series VAL AG2 COL name VAL No Popular Name COL cert VAL 4A20,COL make VAL DH COL model VAL 114 COL series VAL 2X COL name VAL HERON COL cert VAL A816,0,0.9999972382428087,0,21388,1709,0,1,0,0,1
COL make VAL PIPER COL model VAL PA46 COL series VAL 500TP COL name VAL MALIBU MERIDIAN COL cert VAL A25SO,COL make VAL MOTH COL model VAL 60 COL series VAL GM COL cert VAL ATC197,0,0.9999973267946165,0,7635,1711,0,1,0,0,1
COL make VAL GULFSTREAM COL model VAL GVIII COL series VAL G700 COL name VAL No Popular Name COL cert VAL T00015AT,COL make VAL MOTH COL model VAL 60 COL series VAL GMW COL cert VAL ATC197,0,0.9999973131001852,0,15470,1712,0,1,0,0,1
COL make VAL SIKORSKY COL model VAL S58 COL series VAL JT COL name VAL No Popular Name COL cert VAL 1H11,COL make VAL DH COL model VAL 80 COL series VAL A COL name VAL PUSSMOTH COL cert VAL 2393,0,0.9999972785784553,0,8480,1713,0,1,0,0,1
COL make VAL NORTH AMERICAN COL model VAL B25 COL series VAL C COL name VAL MITCHELL COL cert VAL AL-2,COL make VAL WILIAM COL model VAL DH82 COL series VAL A COL name VAL TIGER MOTH COL cert VAL A5PC,0,0.9999974119506365,0,7170,1714,0,1,0,0,1
COL make VAL AIR TRACTOR COL model VAL AT401 COL series VAL AT401 COL name VAL No Popular Name COL cert VAL A17SW,COL make VAL ROBTSN COL model VAL DH82 COL series VAL A COL name VAL TIGER MOTH COL cert VAL A8EU,0,0.9999972861980762,0,361,1715,0,1,0,0,1
COL make VAL BOEING COL model VAL 747 COL series VAL 228B COL name VAL No Popular Name COL cert VAL A20WE,COL make VAL DHC COL model VAL 1 COL series VAL 22 COL name VAL CHIPMUNK COL cert VAL A44EU,0,0.9999970706175056,0,2469,1716,0,1,0,0,1
COL make VAL STINSON COL model VAL SR10 COL series VAL J COL name VAL RELIANT COL cert VAL TC 678,COL make VAL DHC COL model VAL 2 COL series VAL MKI COL name VAL BEAVER COL cert VAL A806,0,0.9999975329891572,0,22187,1717,0,1,0,0,1
COL make VAL BALLOON WORKS COL model VAL FIREFLY 6B COL series VAL FIREFLY 6B COL name VAL No Popular Name COL cert VAL A14SO,COL make VAL DHC COL model VAL 2 COL series VAL L20A COL cert VAL AR33,0,0.9999972614265127,0,1068,1718,0,1,0,0,1
COL make VAL LOCKHEED COL model VAL 382 COL series VAL B COL name VAL L100 COL cert VAL A1SO,COL make VAL DHC COL model VAL 2 COL series VAL MKIII COL name VAL TURBO BEAVER COL cert VAL A806,0,0.9999974779709473,0,6539,1719,0,1,0,0,1
COL make VAL LOCKHEED COL model VAL P38 COL series VAL J COL name VAL LIGHTNING COL cert VAL LTC-10,COL make VAL DHC COL model VAL 4 COL series VAL A COL name VAL CARIBOU COL cert VAL 1A19,0,0.9999970924645344,0,6602,1720,0,1,0,0,1
COL make VAL LOCKHEED COL model VAL R2O COL series VAL R2O COL name VAL No Popular Name COL cert VAL TC 551,COL make VAL DHC COL model VAL 4 COL series VAL 4 COL name VAL CARIBOU COL cert VAL 1A19,0,0.9999971172541406,0,6607,1721,0,1,0,0,1
COL make VAL CESSNA COL model VAL TU206 COL series VAL E COL name VAL TURBO SKYWAGON COL cert VAL A4CE,COL make VAL DHC COL model VAL 6 COL series VAL 100 COL name VAL TWIN OTTER COL cert VAL A9EA,0,0.9999973695058778,0,4004,1723,0,1,0,0,1
COL make VAL MARTIN COL model VAL 404 COL series VAL 404 COL name VAL No Popular Name COL cert VAL 1A7,COL make VAL DHC COL model VAL 6 COL series VAL 200 COL name VAL TWIN OTTER COL cert VAL A9EA,0,0.9999973231605847,0,6695,1724,0,1,0,0,1
COL make VAL HOWARD COL model VAL DGA18 COL series VAL DGA18 COL name VAL No Popular Name COL cert VAL TC 739,COL make VAL DHC COL model VAL 6 COL series VAL 300 COL name VAL TWIN OTTER COL cert VAL A9EA,0,0.9999972875150872,0,5857,1725,0,1,0,0,1
COL make VAL BOEING COL model VAL 737 COL series VAL 2Q9 COL name VAL No Popular Name COL cert VAL A16WE,COL make VAL DHC COL model VAL 6 COL series VAL 400 COL cert VAL A9EA,0,0.9999972517448431,0,2031,1726,0,1,0,0,1
COL make VAL FAIRCHILD COL model VAL 22 COL series VAL C7B COL name VAL No Popular Name COL cert VAL ATC 483,COL make VAL DHC COL model VAL 7 COL series VAL 102 COL name VAL DASH 7 COL cert VAL A203A,0,0.9999974642470183,0,5058,1727,0,1,0,0,1
COL make VAL CESSNA COL model VAL 182 COL series VAL Q COL name VAL SKYLANE COL cert VAL 3A13,COL make VAL DHC COL model VAL 7 COL series VAL 103 COL name VAL DASH 7 COL cert VAL A203A,0,0.9999974700912926,0,3722,1728,0,1,0,0,1
COL make VAL BEECH COL model VAL 300 COL series VAL B300 COL name VAL KING AIR 350 COL cert VAL A24CE,COL make VAL DHC COL model VAL 8 COL series VAL 101 COL name VAL DASH 8 COL cert VAL A13NM,0,0.9999970177210082,0,1231,1729,0,1,0,0,1
COL make VAL BOEING COL model VAL 737 COL series VAL 332 COL name VAL No Popular Name COL cert VAL A16WE,COL make VAL DHC COL model VAL 8 COL series VAL 106 COL cert VAL A13NM,0,0.9999973436587537,0,2067,1731,0,1,0,0,1
COL make VAL LET COL model VAL L410 COL series VAL UVP COL name VAL TURBOLET COL cert VAL EASA.A.026,COL make VAL DHC COL model VAL 8 COL series VAL 102 COL name VAL DASH 8 COL cert VAL A13NM,0,0.9999973230533639,0,6373,1732,0,1,0,0,1
COL make VAL LEARJET COL model VAL 35 COL series VAL A COL name VAL No Popular Name COL cert VAL A10CE,COL make VAL DHC COL model VAL 8 COL series VAL 103 COL cert VAL A13NM,0,0.99999751023049,0,6351,1733,0,1,0,0,1
COL make VAL BOEING COL model VAL 777 COL series VAL 200LR COL name VAL No Popular Name COL cert VAL T00001SE,COL make VAL DHC COL model VAL 8 COL series VAL 202 COL cert VAL A13NM,0,0.9999966941793436,0,11592,1734,0,1,0,0,1
COL make VAL HUGHES COL model VAL 369 COL series VAL E COL name VAL 500E COL cert VAL H3WE,COL make VAL DHC COL model VAL 8 COL series VAL 201 COL cert VAL A13NM,0,0.9999974197763906,0,5884,1735,0,1,0,0,1
COL make VAL DOUGLAS COL model VAL DC8 COL series VAL 61 COL name VAL SUPER 60 COL cert VAL 4A25,COL make VAL DHC COL model VAL 8 COL series VAL 301 COL cert VAL A13NM,0,0.9999975470312418,0,4772,1737,0,1,0,0,1
COL make VAL DOUGLAS COL model VAL DC8 COL series VAL 73 COL name VAL SUPER 70 COL cert VAL 4A25,COL make VAL DHC COL model VAL 8 COL series VAL 311 COL cert VAL A13NM,0,0.9999974842826683,0,4787,1738,0,1,0,0,1
COL make VAL BOEING COL model VAL 707 COL series VAL 373C COL name VAL No Popular Name COL cert VAL 4A26,COL make VAL DHC COL model VAL 8 COL series VAL 402 COL cert VAL A13NM,0,0.9999973542949021,0,1657,1739,0,1,0,0,1
COL make VAL CESSNA COL model VAL 210 COL series VAL C COL name VAL CENTURION COL cert VAL 3A21,COL make VAL DA COL model VAL 20 COL series VAL C1 COL cert VAL TA4CH,0,0.9999969998821986,0,3751,1740,0,1,0,0,1
COL make VAL PIPER COL model VAL L4 COL series VAL H COL name VAL CUB COL cert VAL A-691,COL make VAL DA COL model VAL 40 COL series VAL 40 COL cert VAL A47CE,0,0.9999972621067762,0,7485,1741,0,1,0,0,1
COL make VAL SWEARINGEN COL model VAL SA227 COL series VAL AC COL name VAL METRO III COL cert VAL A8SW,COL make VAL DA COL model VAL 42 COL series VAL 42 COL cert VAL A57CE,0,0.999997331969901,0,8898,1742,0,1,0,0,1
COL make VAL CESSNA COL model VAL 310 COL series VAL P COL name VAL No Popular Name COL cert VAL 3A10,COL make VAL DV COL model VAL 20 COL series VAL KATANA COL cert VAL A74EU,0,0.9999969446465258,0,3784,1743,0,1,0,0,1
COL make VAL BEECH COL model VAL 33 COL series VAL 35C33 COL name VAL DEBONAIR COL cert VAL 3A15,COL make VAL HOFFLU COL model VAL H36 COL series VAL DIMONA COL name VAL DIMONA COL cert VAL G51EU,0,0.999996992772471,0,1202,1744,0,1,0,0,1
COL make VAL SIKORSKY COL model VAL UH60 COL series VAL A COL name VAL BLACK HAWK COL cert VAL R00113SE,COL make VAL HOFFLU COL model VAL HK36 COL series VAL R COL name VAL SUPER DIMONA COL cert VAL G51EU,0,0.9999976939186064,0,25973,1745,0,1,0,0,1
COL make VAL DASSAULT COL model VAL FANJET FALCON COL series VAL D COL name VAL No Popular Name COL cert VAL 103,COL make VAL DA COL model VAL HK36 COL series VAL TC COL cert VAL G07CE,0,0.9999972516950449,0,4432,1746,0,1,0,0,1
COL make VAL BOEING COL model VAL 707 COL series VAL 384C COL name VAL No Popular Name COL cert VAL 4A26,COL make VAL DO COL model VAL 228 COL series VAL 200 COL cert VAL A16EU,0,0.9999972364999938,0,1661,1747,0,1,0,0,1
COL make VAL CESSNA COL model VAL A152 COL series VAL A152 COL name VAL AEROBAT COL cert VAL 3A19,COL make VAL DO COL model VAL 228 COL series VAL 201 COL cert VAL A16EU,0,0.9999972433332163,0,3860,1748,0,1,0,0,1
COL make VAL CESSNA COL model VAL TU206 COL series VAL D COL name VAL TURBO SKYWAGON COL cert VAL A4CE,COL make VAL DO COL model VAL 228 COL series VAL 202 COL cert VAL A16EU,0,0.9999974326529154,0,4003,1749,0,1,0,0,1
COL make VAL SIKORSKY COL model VAL UH34 COL series VAL J COL name VAL CHOCTAW COL cert VAL 1H11,COL make VAL DO COL model VAL 228 COL series VAL 212 COL cert VAL A16EU,0,0.9999974216974713,0,8508,1750,0,1,0,0,1
COL make VAL CESSNA COL model VAL T337 COL series VAL C COL name VAL No Popular Name COL cert VAL A6CE,COL make VAL DO COL model VAL 328 COL series VAL 100 COL cert VAL A45NM,0,0.9999974844685969,0,3980,1751,0,1,0,0,1
COL make VAL CESSNA COL model VAL 210 COL series VAL M COL name VAL CENTURION COL cert VAL 3A21,COL make VAL DO COL model VAL 328 COL series VAL 300 COL cert VAL A55NM,0,0.9999970010035507,0,3760,1752,0,1,0,0,1
COL make VAL AIR TRACTOR COL model VAL AT402 COL series VAL B COL name VAL No Popular Name COL cert VAL A17SW,COL make VAL DO COL model VAL 27 COL series VAL Q6 COL cert VAL A8IN,0,0.9999973250018153,0,363,1753,0,1,0,0,1
COL make VAL BOEING COL model VAL S307 COL series VAL S307 COL name VAL STRATOLINER COL cert VAL TC 719,COL make VAL DO COL model VAL 28 COL series VAL A1 COL cert VAL 7A13,0,0.9999971201887838,0,2933,1754,0,1,0,0,1
COL make VAL BOEING COL model VAL 737 COL series VAL 317 COL name VAL No Popular Name COL cert VAL A16WE,COL make VAL DO COL model VAL 28 COL series VAL B1 COL cert VAL 7A13,0,0.9999971056967968,0,2058,1755,0,1,0,0,1
COL make VAL SCHWEIZER COL model VAL SGS1 23 COL series VAL F COL name VAL No Popular Name COL cert VAL 1G1,COL make VAL DO COL model VAL 28 COL series VAL D COL cert VAL A16EU,0,0.9999972999008729,0,8282,1756,0,1,0,0,1
COL make VAL PIPER COL model VAL PA31 COL series VAL PA31 COL name VAL NAVAJO COL cert VAL A20SO,COL make VAL DO COL model VAL 28 COL series VAL D1 COL cert VAL A16EU,0,0.9999973611048933,0,7587,1757,0,1,0,0,1
COL make VAL CESSNA COL model VAL 182 COL series VAL N COL name VAL SKYLANE COL cert VAL 3A13,COL make VAL DC COL model VAL A20 COL series VAL B COL cert VAL L92,0,0.9999965369803842,0,3720,1758,0,1,0,0,1
COL make VAL CESSNA COL model VAL FT337 COL series VAL GP COL name VAL SKYMASTER COL cert VAL A23EU,COL make VAL DC COL model VAL A20 COL series VAL G COL cert VAL L92,0,0.9999970246738609,0,3924,1759,0,1,0,0,1
COL make VAL TAYLORCRAFT COL model VAL F21 COL series VAL A COL name VAL No Popular Name COL cert VAL 1A9,COL make VAL DC COL model VAL A24 COL series VAL A COL cert VAL AR8,0,0.999996745895159,0,8951,1760,0,1,0,0,1
COL make VAL SCHWEIZER COL model VAL SGM2 37 COL series VAL SGM2 37 COL name VAL CONDOR COL cert VAL G1NE,COL make VAL DC COL model VAL A24 COL series VAL B COL cert VAL L43,0,0.9999973120378518,0,8280,1761,0,1,0,0,1
COL make VAL PIPER COL model VAL J3C COL series VAL 40 COL name VAL CUB COL cert VAL A-691,COL make VAL DC COL model VAL A26 COL series VAL B COL cert VAL L34,0,0.999997156824103,0,7450,1762,0,1,0,0,1
COL make VAL CESSNA COL model VAL P206 COL series VAL E COL name VAL SUPER SKYLANE COL cert VAL A4CE,COL make VAL DC COL model VAL A26 COL series VAL C COL cert VAL L34,0,0.999996872422299,0,3947,1763,0,1,0,0,1
COL make VAL BOEING COL model VAL 707 COL series VAL 331B COL name VAL No Popular Name COL cert VAL 4A26,COL make VAL DC COL model VAL B18 COL series VAL B18 COL cert VAL 2577,0,0.9999965244707837,0,1627,1764,0,1,0,0,1
COL make VAL BOEING COL model VAL 737 COL series VAL 38B COL name VAL No Popular Name COL cert VAL A16WE,COL make VAL DC COL model VAL B23 COL series VAL B23 COL cert VAL 2576,0,0.999997121962408,0,2091,1765,0,1,0,0,1
COL make VAL CESSNA COL model VAL 310 COL series VAL N COL name VAL No Popular Name COL cert VAL 3A10,COL make VAL HAWKIN COL model VAL C118 COL series VAL A COL cert VAL A19NM,0,0.9999969566525116,0,3783,1766,0,1,0,0,1
COL make VAL CESSNA COL model VAL 182 COL series VAL G COL name VAL SKYLANE COL cert VAL 3A13,COL make VAL DC COL model VAL 6 COL series VAL C118A COL cert VAL 6A3,0,0.999996926946548,0,3714,1767,0,1,0,0,1
COL make VAL PIPER COL model VAL PA34 COL series VAL 200 COL name VAL SENECA COL cert VAL A7SO,COL make VAL DC COL model VAL 3 COL series VAL C47 COL cert VAL A669,0,0.9999973224150557,0,7611,1768,0,1,0,0,1
COL make VAL BOEING COL model VAL 737 COL series VAL 8AS COL name VAL No Popular Name COL cert VAL A16WE,COL make VAL DC COL model VAL 3 COL series VAL C47A COL cert VAL A669,0,0.9999967615679844,0,2368,1769,0,1,0,0,1
COL make VAL BOEING COL model VAL 737 COL series VAL 376 COL name VAL No Popular Name COL cert VAL A16WE,COL make VAL DC COL model VAL 3 COL series VAL CSC3G COL cert VAL A669,0,0.9999968370670962,0,2086,1770,0,1,0,0,1
COL make VAL BOEING COL model VAL 707 COL series VAL 331B COL name VAL No Popular Name COL cert VAL 4A26,COL make VAL DC COL model VAL 3 COL series VAL C47B COL cert VAL A669,0,0.9999968905934888,0,1627,1771,0,1,0,0,1
COL make VAL NORTH AMERICAN COL model VAL NA265 COL series VAL 60 COL name VAL SABRELINER 60 COL cert VAL A2WE,COL make VAL DC COL model VAL 3 COL series VAL STCDC3TP COL cert VAL A669,0,0.9999967794097527,0,7207,1772,0,1,0,0,1
COL make VAL WACO COL model VAL UKC COL series VAL S COL name VAL No Popular Name COL cert VAL ATC 528,COL make VAL DC COL model VAL 3 COL series VAL CS4C4G COL cert VAL A669,0,0.9999963778892949,0,9529,1773,0,1,0,0,1
COL make VAL PARTENAVIA COL model VAL AP68 COL series VAL TP300 COL name VAL SPARTACUS COL cert VAL EASA.A.385,COL make VAL DC COL model VAL 4 COL series VAL C54A COL cert VAL A762,0,0.9999968202286356,0,7314,1774,0,1,0,0,1
COL make VAL CESSNA COL model VAL 172 COL series VAL F COL name VAL SKYHAWK COL cert VAL 3A12,COL make VAL DC COL model VAL 4 COL series VAL C54ADC COL cert VAL A762,0,0.9999963003986221,0,3675,1775,0,1,0,0,1
COL make VAL BELL COL model VAL UH1 COL series VAL L COL name VAL IROQUOIS COL cert VAL H7SO,COL make VAL DC COL model VAL 4 COL series VAL C54B COL cert VAL A762,0,0.9999966529539411,0,12562,1776,0,1,0,0,1
COL make VAL BELLANCA COL model VAL 17 31 COL series VAL ATC COL name VAL TURBO SUPER VIKING COL cert VAL A18CE,COL make VAL DC COL model VAL 4 COL series VAL C54BDC COL cert VAL A762,0,0.9999966652650595,0,1532,1777,0,1,0,0,1
COL make VAL BALLOON WORKS COL model VAL FIREFLY 8B COL series VAL 15 COL name VAL No Popular Name COL cert VAL A14SO,COL make VAL DC COL model VAL 4 COL series VAL C54D COL cert VAL A762,0,0.9999970524556702,0,1075,1778,0,1,0,0,1
COL make VAL LOCKHEED COL model VAL 382 COL series VAL B COL name VAL L100 COL cert VAL A1SO,COL make VAL DC COL model VAL 4 COL series VAL C54DC COL cert VAL A762,0,0.9999974061612958,0,6539,1779,0,1,0,0,1
COL make VAL KUBICEK COL model VAL BB51 COL series VAL Z COL name VAL No Popular Name COL cert VAL EASA.BA.003,COL make VAL DC COL model VAL 4 COL series VAL C54DDC COL cert VAL A762,0,0.9999960818696215,0,6281,1780,0,1,0,0,1
COL make VAL CESSNA COL model VAL T207 COL series VAL T207 COL name VAL TURBO SKYWAGON COL cert VAL A16CE,COL make VAL DC COL model VAL 4 COL series VAL C54E COL cert VAL A762,0,0.9999972076395052,0,3965,1781,0,1,0,0,1
COL make VAL CESSNA COL model VAL M337 COL series VAL B COL name VAL No Popular Name COL cert VAL A6CE,COL make VAL DC COL model VAL 4 COL series VAL C54EDC COL cert VAL A762,0,0.9999970727510911,0,3933,1782,0,1,0,0,1
COL make VAL SIKORSKY COL model VAL S58 COL series VAL HT COL name VAL No Popular Name COL cert VAL 1H11,COL make VAL DC COL model VAL 4 COL series VAL C54G COL cert VAL A762,0,0.9999962191864649,0,8478,1783,0,1,0,0,1
COL make VAL CESSNA COL model VAL FR172 COL series VAL G COL name VAL REIMS ROCKET COL cert VAL A18EU,COL make VAL DC COL model VAL 4 COL series VAL C54GDC COL cert VAL A762,0,0.9999969761516397,0,3915,1784,0,1,0,0,1
COL make VAL PITTS COL model VAL S1 COL series VAL T COL name VAL PITTS SPECIAL COL cert VAL A8SO,COL make VAL DC COL model VAL 4 COL series VAL C54 COL cert VAL A762,0,0.9999969080664748,0,7661,1785,0,1,0,0,1
COL make VAL CESSNA COL model VAL FT337 COL series VAL E COL name VAL SKYMASTER COL cert VAL A23EU,COL make VAL DC COL model VAL 2 COL series VAL 2 COL cert VAL ATC540,0,0.9999962775733615,0,3922,1786,0,1,0,0,1
COL make VAL BOEING COL model VAL 777 COL series VAL 232 COL name VAL No Popular Name COL cert VAL T00001SE,COL make VAL DC COL model VAL 3 COL series VAL AS4C4G COL cert VAL A669,0,0.999996042502329,0,2820,1787,0,1,0,0,1
COL make VAL AERO COMMANDER COL model VAL 680 COL series VAL T COL name VAL TURBO COMMANDER COL cert VAL 2A4,COL make VAL DC COL model VAL 3 COL series VAL ASC3G COL cert VAL A669,0,0.9999969951346981,0,92,1788,0,1,0,0,1
COL make VAL LOCKHEED COL model VAL 382 COL series VAL B COL name VAL L100 COL cert VAL A1SO,COL make VAL DC COL model VAL 3 COL series VAL DR183090C9 COL cert VAL A669,0,0.9999970672673795,0,6539,1789,0,1,0,0,1
COL make VAL BOEING COL model VAL 737 COL series VAL 497 COL name VAL No Popular Name COL cert VAL A16WE,COL make VAL DC COL model VAL 3 COL series VAL G102 COL cert VAL A618,0,0.9999967532804878,0,2151,1790,0,1,0,0,1
COL make VAL BOEING COL model VAL 747 COL series VAL 251F COL name VAL No Popular Name COL cert VAL A20WE,COL make VAL DC COL model VAL 3 COL series VAL G102A COL cert VAL A618,0,0.9999966632656793,0,2487,1791,0,1,0,0,1
COL make VAL SWEARINGEN COL model VAL SA227 COL series VAL BC COL name VAL 23 COL cert VAL A8SW,COL make VAL DC COL model VAL 3 COL series VAL SUPER COL cert VAL 6A2,0,0.9999966863562194,0,8900,1792,0,1,0,0,1
COL make VAL LEARJET COL model VAL 24 COL series VAL B COL name VAL No Popular Name COL cert VAL A10CE,COL make VAL DC COL model VAL 4 COL series VAL 4 COL cert VAL A762,0,0.9999966153857204,0,6339,1793,0,1,0,0,1
COL make VAL BOEING COL model VAL 737 COL series VAL 296 COL name VAL No Popular Name COL cert VAL A16WE,COL make VAL DC COL model VAL 6 COL series VAL A COL cert VAL 6A3,0,0.9999967939780642,0,1967,1794,0,1,0,0,1
COL make VAL LEARJET COL model VAL 24 COL series VAL 24 COL name VAL No Popular Name COL cert VAL A10CE,COL make VAL DC COL model VAL 6 COL series VAL B COL cert VAL 6A4,0,0.9999966415951976,0,6343,1795,0,1,0,0,1
COL make VAL SWEARINGEN COL model VAL SA227 COL series VAL AC COL name VAL METRO III COL cert VAL A8SW,COL make VAL DC COL model VAL 6 COL series VAL 6 COL cert VAL A781,0,0.9999967105796795,0,8898,1796,0,1,0,0,1
COL make VAL JAMIESON COL model VAL J1 COL series VAL J1 COL name VAL JUPITER COL cert VAL TC 2-584,COL make VAL DC COL model VAL 7 COL series VAL B COL cert VAL 4A10,0,0.9999969354410938,0,21567,1797,0,1,0,0,1
COL make VAL BOEING COL model VAL 737 COL series VAL 36E COL name VAL No Popular Name COL cert VAL A16WE,COL make VAL DC COL model VAL 7 COL series VAL C COL cert VAL 4A10,0,0.9999970022903003,0,2080,1798,0,1,0,0,1
COL make VAL BOEING COL model VAL 737 COL series VAL 2Q8C COL name VAL No Popular Name COL cert VAL A16WE,COL make VAL DC COL model VAL 7 COL series VAL 7 COL cert VAL 4A10,0,0.9999969989664984,0,2030,1799,0,1,0,0,1
COL make VAL BOEING COL model VAL 737 COL series VAL 37Q COL name VAL No Popular Name COL cert VAL A16WE,COL make VAL DC COL model VAL 8 COL series VAL 12 COL cert VAL 4A25,0,0.9999971049666279,0,2089,1800,0,1,0,0,1
COL make VAL BOEING COL model VAL 737 COL series VAL 79U COL name VAL No Popular Name COL cert VAL A16WE,COL make VAL DC COL model VAL 8 COL series VAL 21 COL cert VAL 4A25,0,0.999997205165819,0,2247,1801,0,1,0,0,1
COL make VAL GRUMMAN COL model VAL G21 COL series VAL G21 COL name VAL GOOSE COL cert VAL TC 654,COL make VAL DC COL model VAL 8 COL series VAL 31 COL cert VAL 4A25,0,0.9999976354394445,0,5557,1802,0,1,0,0,1
COL make VAL LEARJET COL model VAL 24 COL series VAL D COL name VAL No Popular Name COL cert VAL A10CE,COL make VAL DC COL model VAL 8 COL series VAL 32 COL cert VAL 4A25,0,0.9999973174246297,0,6341,1803,0,1,0,0,1
COL make VAL PIPER COL model VAL PA18S COL series VAL 105 SPECIAL COL name VAL SUPER CUB COL cert VAL 1A2,COL make VAL DC COL model VAL 8 COL series VAL 33 COL cert VAL 4A25,0,0.9999974443893772,0,7512,1804,0,1,0,0,1
COL make VAL CESSNA COL model VAL U3 COL series VAL A COL name VAL No Popular Name COL cert VAL 3A10,COL make VAL DC COL model VAL 8 COL series VAL 41 COL cert VAL 4A25,0,0.9999976310211293,0,4015,1805,0,1,0,0,1
COL make VAL BOEING COL model VAL 737 COL series VAL 76N COL name VAL No Popular Name COL cert VAL A16WE,COL make VAL DC COL model VAL 8 COL series VAL 43 COL cert VAL 4A25,0,0.9999974082235172,0,2235,1806,0,1,0,0,1
COL make VAL BAE COL model VAL HS748 COL series VAL 2B COL name VAL No Popular Name COL cert VAL EASA.A.397,COL make VAL DC COL model VAL 8 COL series VAL 51 COL cert VAL 4A25,0,0.9999972625675879,0,1016,1807,0,1,0,0,1
COL make VAL BOEING COL model VAL 737 COL series VAL 329 COL name VAL No Popular Name COL cert VAL A16WE,COL make VAL DC COL model VAL 8 COL series VAL 52 COL cert VAL 4A25,0,0.9999975061276716,0,2064,1808,0,1,0,0,1
COL make VAL BOEING COL model VAL 737 COL series VAL 201 COL name VAL No Popular Name COL cert VAL A16WE,COL make VAL DC COL model VAL 8 COL series VAL 53 COL cert VAL 4A25,0,0.9999973776012814,0,1914,1809,0,1,0,0,1
COL make VAL BOEING COL model VAL 737 COL series VAL 2T5 COL name VAL No Popular Name COL cert VAL A16WE,COL make VAL DC COL model VAL 8 COL series VAL 55 COL cert VAL 4A25,0,0.9999974110138041,0,2043,1810,0,1,0,0,1
COL make VAL CESSNA COL model VAL T207 COL series VAL T207 COL name VAL TURBO SKYWAGON COL cert VAL A16CE,COL make VAL DC COL model VAL 8 COL series VAL 61 COL cert VAL 4A25,0,0.9999974057407377,0,3965,1811,0,1,0,0,1
COL make VAL FUJI COL model VAL FA200 COL series VAL 160 COL name VAL AERO SUBARU COL cert VAL NOT IDENTIFIED,COL make VAL DC COL model VAL 8 COL series VAL 62 COL cert VAL 4A25,0,0.9999975046705151,0,5339,1812,0,1,0,0,1
COL make VAL CESSNA COL model VAL 210 COL series VAL E COL name VAL CENTURION COL cert VAL 3A21,COL make VAL DC COL model VAL 8 COL series VAL 62F COL cert VAL 4A25,0,0.999997546004062,0,3753,1813,0,1,0,0,1
COL make VAL BOEING COL model VAL 737 COL series VAL 241 COL name VAL No Popular Name COL cert VAL A16WE,COL make VAL DC COL model VAL 8 COL series VAL 63 COL cert VAL 4A25,0,0.9999973975063559,0,1936,1814,0,1,0,0,1
COL make VAL GROB COL model VAL G109 COL series VAL B COL name VAL No Popular Name COL cert VAL EASA.A.249,COL make VAL DC COL model VAL 8 COL series VAL 63F COL cert VAL 4A25,0,0.9999973661497029,0,5485,1815,0,1,0,0,1
COL make VAL CESSNA COL model VAL 510 COL series VAL 510 COL name VAL CITATION MUSTANG COL cert VAL A00014WI,COL make VAL DC COL model VAL 8 COL series VAL 71 COL cert VAL 4A25,0,0.9999973978016881,0,3839,1816,0,1,0,0,1
COL make VAL LEARJET COL model VAL 25 COL series VAL B COL name VAL No Popular Name COL cert VAL A10CE,COL make VAL DC COL model VAL 8 COL series VAL 71F COL cert VAL 4A25,0,0.9999975945148373,0,6344,1817,0,1,0,0,1
COL make VAL REARWIN COL model VAL 6000 COL series VAL M COL name VAL SPEEDSTER COL cert VAL TC 661,COL make VAL DC COL model VAL 8 COL series VAL 72 COL cert VAL 4A25,0,0.9999972754791503,0,7930,1818,0,1,0,0,1
COL make VAL CESSNA COL model VAL FR182 COL series VAL FR182 COL name VAL SKYLANE COL cert VAL A42EU,COL make VAL DC COL model VAL 8 COL series VAL 73 COL cert VAL 4A25,0,0.9999972293063515,0,3919,1819,0,1,0,0,1
COL make VAL STINSON COL model VAL SR10 COL series VAL F COL name VAL RELIANT COL cert VAL TC 685,COL make VAL DC COL model VAL 8 COL series VAL 73F COL cert VAL 4A25,0,0.9999975029005618,0,22380,1820,0,1,0,0,1
COL make VAL STINSON COL model VAL SR10 COL series VAL G COL name VAL RELIANT COL cert VAL TC 678,COL make VAL DC COL model VAL 9 COL series VAL 12 COL cert VAL A6WE,0,0.9999974351270619,0,22183,1821,0,1,0,0,1
COL make VAL BOEING COL model VAL 777 COL series VAL 323ER COL name VAL No Popular Name COL cert VAL T00001SE,COL make VAL DC COL model VAL 9 COL series VAL 14 COL cert VAL A6WE,0,0.9999972436894167,0,10262,1822,0,1,0,0,1
COL make VAL BALLOON WORKS COL model VAL FIREFLY 11B COL series VAL FIREFLY 11B COL name VAL No Popular Name COL cert VAL A14SO,COL make VAL DC COL model VAL 9 COL series VAL 15 COL cert VAL A6WE,0,0.9999973091665557,0,11449,1823,0,1,0,0,1
COL make VAL PRATT READ COL model VAL TG32 COL series VAL TG32 COL name VAL No Popular Name COL cert VAL GTC 12,COL make VAL DC COL model VAL 9 COL series VAL 15F COL cert VAL A6WE,0,0.9999969176877881,0,24016,1824,0,1,0,0,1
COL make VAL BALLOON WORKS COL model VAL FIREFLY 8B COL series VAL 15 COL name VAL No Popular Name COL cert VAL A14SO,COL make VAL DC COL model VAL 9 COL series VAL 21 COL cert VAL A6WE,0,0.9999973121121905,0,1075,1825,0,1,0,0,1
COL make VAL CESSNA COL model VAL P210 COL series VAL N COL name VAL PRESSURIZED CENTURION COL cert VAL 3A21,COL make VAL DC COL model VAL 9 COL series VAL 31 COL cert VAL A6WE,0,0.9999975765245326,0,3949,1826,0,1,0,0,1
COL make VAL PIPER COL model VAL PA18 COL series VAL A COL name VAL SUPER CUB COL cert VAL 1A2,COL make VAL DC COL model VAL 9 COL series VAL 32 COL cert VAL A6WE,0,0.9999973034404747,0,7506,1827,0,1,0,0,1
COL make VAL BEECH COL model VAL 99 COL series VAL C99 COL name VAL AIRLINER COL cert VAL A14CE,COL make VAL DC COL model VAL 9 COL series VAL 32F COL cert VAL A6WE,0,0.9999970814591772,0,1321,1828,0,1,0,0,1
COL make VAL LEARJET COL model VAL 24 COL series VAL 24 COL name VAL No Popular Name COL cert VAL A10CE,COL make VAL DC COL model VAL 9 COL series VAL 33F COL cert VAL A6WE,0,0.9999972865733212,0,6343,1829,0,1,0,0,1
COL make VAL LOCKHEED COL model VAL 382 COL series VAL E COL name VAL L100 20 COL cert VAL A1SO,COL make VAL DC COL model VAL 9 COL series VAL 34F COL cert VAL A6WE,0,0.9999971904169499,0,6540,1830,0,1,0,0,1
COL make VAL BELL COL model VAL OH58 COL series VAL C COL name VAL KIOWA COL cert VAL R00006DE,COL make VAL DC COL model VAL 9 COL series VAL 34 COL cert VAL A6WE,0,0.99999702178532,0,21379,1831,0,1,0,0,1
COL make VAL FAIRCHILD HILLER COL model VAL FH227 COL series VAL C COL name VAL No Popular Name COL cert VAL 7A1,COL make VAL DC COL model VAL 9 COL series VAL 41 COL cert VAL A6WE,0,0.9999974418375596,0,5307,1832,0,1,0,0,1
COL make VAL BEECH COL model VAL 35 COL series VAL H35 COL name VAL BONANZA COL cert VAL 3A15,COL make VAL DC COL model VAL 9 COL series VAL 51 COL cert VAL A6WE,0,0.9999971848355411,0,1218,1833,0,1,0,0,1
COL make VAL AIR AND SPACE COL model VAL 18 COL series VAL A COL name VAL FLYMOBILE COL cert VAL 1H17,COL make VAL DC COL model VAL 9 COL series VAL 81 COL cert VAL A6WE,0,0.9999970708731152,0,342,1834,0,1,0,0,1
COL make VAL CESSNA COL model VAL R172 COL series VAL G COL name VAL No Popular Name COL cert VAL 3A17,COL make VAL DC COL model VAL 9 COL series VAL 87 COL cert VAL A6WE,0,0.9999972708060048,0,3954,1835,0,1,0,0,1
COL make VAL NORTH AMERICAN COL model VAL B25 COL series VAL H COL name VAL MITCHELL COL cert VAL AL-2,COL make VAL DC COL model VAL 3 COL series VAL R4D5 COL cert VAL A669,0,0.9999970578983357,0,7172,1836,0,1,0,0,1
COL make VAL ROBINSON COL model VAL R22 COL series VAL ALPHA COL name VAL No Popular Name COL cert VAL H10WE,COL make VAL DC COL model VAL 3 COL series VAL R4D6 COL cert VAL A669,0,0.9999968903681138,0,7961,1837,0,1,0,0,1
COL make VAL STINSON COL model VAL SR10 COL series VAL K COL name VAL RELIANT COL cert VAL TC 679,COL make VAL DC COL model VAL 3 COL series VAL R4D8 COL cert VAL 6A2,0,0.9999971793909948,0,22190,1838,0,1,0,0,1
COL make VAL CESSNA COL model VAL TR182 COL series VAL TR182 COL name VAL TURBO SKYLANE RG COL cert VAL 3A13,COL make VAL DC COL model VAL 3 COL series VAL R4D8Z COL cert VAL 6A2,0,0.9999972645861515,0,3999,1839,0,1,0,0,1
COL make VAL SCHWEIZER COL model VAL SGS1 35 COL series VAL C COL name VAL No Popular Name COL cert VAL G4EA,COL make VAL DC COL model VAL A24 COL series VAL SBD5 COL cert VAL L43,0,0.9999970788959976,0,8296,1840,0,1,0,0,1
COL make VAL CIRRUS COL model VAL SR22 COL series VAL T COL name VAL No Popular Name COL cert VAL A00009CH,COL make VAL DC COL model VAL B23 COL series VAL UC67 COL cert VAL 2576,0,0.9999973639496785,0,4080,1841,0,1,0,0,1
COL make VAL PIPER COL model VAL J5B COL series VAL J5B COL name VAL CUB CRUISER COL cert VAL A-725,COL make VAL BL COL model VAL DW1 COL series VAL DW1 COL name VAL EAGLE COL cert VAL A4NW,0,0.9999969113937526,0,7475,1842,0,1,0,0,1
COL make VAL PILATUS COL model VAL PC6 COL series VAL PC6 COL name VAL PORTER COL cert VAL F56-10,COL make VAL EAGLE COL model VAL 150B COL series VAL 150B COL name VAL EAGLE COL cert VAL A00005LA,0,0.9999969240907364,0,7441,1843,0,1,0,0,1
COL make VAL OMEGA COL model VAL BS12 COL series VAL D1 COL name VAL No Popular Name COL cert VAL 1H14,COL make VAL ECLPS COL model VAL EA500 COL series VAL EA500 COL name VAL ECLIPSEEA500 COL cert VAL A00002AC,0,0.9999974084570827,0,21346,1844,0,1,0,0,1
COL make VAL ALL AMERICAN COL model VAL 10A COL series VAL 10A COL name VAL ENSIGN COL cert VAL A-792,COL make VAL MA COL model VAL 1 COL series VAL B COL name VAL MURRAYAIR COL cert VAL A6PC,0,0.9999974086646788,0,507,1845,0,1,0,0,1
COL make VAL WACO COL model VAL ZQC COL series VAL 6 COL name VAL No Popular Name COL cert VAL TC 598,COL make VAL EMB COL model VAL 110 COL series VAL P1 COL name VAL BANDEIRANTE COL cert VAL A21SO,0,0.9999971465848759,0,9557,1846,0,1,0,0,1
COL make VAL AERO COMMANDER COL model VAL 500 COL series VAL S COL name VAL SHRIKE COMMANDER COL cert VAL 6A1,COL make VAL EMB COL model VAL 110 COL series VAL P2 COL name VAL BANDEIRANTE COL cert VAL A21SO,0,0.9999971773055247,0,21792,1847,0,1,0,0,1
COL make VAL PIPER COL model VAL PA18S COL series VAL 105 SPECIAL COL name VAL SUPER CUB COL cert VAL 1A2,COL make VAL EMB COL model VAL 120 COL series VAL ER COL cert VAL A31SO,0,0.9999976532318877,0,7512,1848,0,1,0,0,1
COL make VAL PIPER COL model VAL PA46 COL series VAL 600TP COL name VAL M600 COL cert VAL A25SO,COL make VAL EMB COL model VAL 120 COL series VAL 120 COL name VAL BRASILIA COL cert VAL A31SO,0,0.9999971208107749,0,11869,1849,0,1,0,0,1
COL make VAL LEARJET COL model VAL 24 COL series VAL 24 COL name VAL No Popular Name COL cert VAL A10CE,COL make VAL EMB COL model VAL 120 COL series VAL FC COL cert VAL A31SO,0,0.9999973402036513,0,6343,1850,0,1,0,0,1
COL make VAL HELIO COL model VAL H395 COL series VAL A COL name VAL SUPER COURIER COL cert VAL 1A8,COL make VAL EMB COL model VAL 120 COL series VAL QC COL cert VAL A31SO,0,0.9999972372733966,0,5752,1851,0,1,0,0,1
COL make VAL PIPER COL model VAL L4 COL series VAL B COL name VAL CUB COL cert VAL A-691,COL make VAL EMB COL model VAL 120 COL series VAL RT COL name VAL BRASILIA COL cert VAL A31SO,0,0.9999976896172743,0,7482,1852,0,1,0,0,1
COL make VAL BELLANCA COL model VAL 17 30 COL series VAL A COL name VAL VIKING 300 COL cert VAL A18CE,COL make VAL EMB COL model VAL 135 COL series VAL BJ COL cert VAL T00011AT,0,0.9999975249497853,0,1529,1853,0,1,0,0,1
COL make VAL BOEING COL model VAL 737 COL series VAL 248C COL name VAL No Popular Name COL cert VAL A16WE,COL make VAL EMB COL model VAL 135 COL series VAL KL COL cert VAL T00011AT,0,0.9999971483245661,0,1942,1854,0,1,0,0,1
COL make VAL PIPER COL model VAL J5A COL series VAL J5A COL name VAL CUB CRUISER COL cert VAL A-725,COL make VAL EMB COL model VAL 145 COL series VAL EP COL cert VAL T00011AT,0,0.9999973297260475,0,7474,1855,0,1,0,0,1
COL make VAL CESSNA COL model VAL R182 COL series VAL R182 COL name VAL SKYLANE RG COL cert VAL 3A13,COL make VAL EMB COL model VAL 145 COL series VAL LR COL cert VAL T00011AT,0,0.9999973442185492,0,3958,1856,0,1,0,0,1
COL make VAL SIKORSKY COL model VAL UH19 COL series VAL C COL name VAL CHICKASAW COL cert VAL HR1SO,COL make VAL EMB COL model VAL 145 COL series VAL 145 COL cert VAL T0001AT,0,0.9999971095681666,0,21357,1857,0,1,0,0,1
COL make VAL HUGHES COL model VAL 269C COL series VAL 269C COL name VAL 300C COL cert VAL 4H12,COL make VAL EMB COL model VAL 145 COL series VAL MP COL cert VAL T00011AT,0,0.9999974194207969,0,5878,1858,0,1,0,0,1
COL make VAL HOWARD COL model VAL DGA11 COL series VAL DGA11 COL name VAL No Popular Name COL cert VAL TC 672,COL make VAL EMB COL model VAL 145 COL series VAL XR COL cert VAL T00011AT,0,0.9999973993981356,0,5851,1859,0,1,0,0,1
COL make VAL CESSNA COL model VAL 320 COL series VAL 1 COL name VAL SKYKNIGHT COL cert VAL 3A25,COL make VAL EMB COL model VAL 500 COL series VAL 500 COL name VAL PHENOM 100 COL cert VAL A59CE,0,0.999997506807783,0,3793,1860,0,1,0,0,1
COL make VAL BEECH COL model VAL 55 COL series VAL 95A55 COL name VAL BARON COL cert VAL 3A16,COL make VAL EMB COL model VAL 505 COL series VAL 505 COL cert VAL A60CE,0,0.9999974732559842,0,1264,1862,0,1,0,0,1
COL make VAL WACO COL model VAL ZPF COL series VAL 7 COL name VAL No Popular Name COL cert VAL ATC 586,COL make VAL ERJ COL model VAL 170 COL series VAL 100SU COL cert VAL A56NM,0,0.9999975196746101,0,9556,1863,0,1,0,0,1
COL make VAL PIPER COL model VAL J3C COL series VAL 65 COL name VAL CUB COL cert VAL A-691,COL make VAL ERJ COL model VAL 170 COL series VAL 200STD COL cert VAL A56NM,0,0.9999975057423512,0,7453,1864,0,1,0,0,1
COL make VAL HELIO COL model VAL U10 COL series VAL D COL name VAL COURIER COL cert VAL 1A8,COL make VAL ERJ COL model VAL 190 COL series VAL 100 IGW COL cert VAL A57NM,0,0.9999976005989637,0,17565,1865,0,1,0,0,1
COL make VAL CESSNA COL model VAL 421 COL series VAL A COL name VAL No Popular Name COL cert VAL A7CE,COL make VAL EMB COL model VAL ERJ190 COL series VAL 100IGW COL name VAL ERJ190100IGW COL cert VAL A57NM,0,0.9999964146350265,0,3830,1866,0,1,0,0,1
COL make VAL DOUGLAS COL model VAL DC8 COL series VAL 55 COL name VAL No Popular Name COL cert VAL 4A25,COL make VAL ERJ COL model VAL 190 COL series VAL 200 IGW COL cert VAL A57NM,0,0.9999973163819211,0,4771,1867,0,1,0,0,1
COL make VAL MITSUBISHI COL model VAL MU2B COL series VAL 36A COL name VAL MARQUISE COL cert VAL 25,COL make VAL ERJ COL model VAL 190 COL series VAL 300 COL cert VAL A57NM,0,0.9999973286702877,0,11474,1868,0,1,0,0,1
COL make VAL DOUGLAS COL model VAL DC8 COL series VAL 63 COL name VAL SUPER 60 COL cert VAL 4A25,COL make VAL ERJ COL model VAL 190 COL series VAL 400 COL cert VAL A57NM,0,0.9999975065581133,0,4780,1869,0,1,0,0,1
COL make VAL CIRRUS COL model VAL SR22 COL series VAL T COL name VAL No Popular Name COL cert VAL A00009CH,COL make VAL TROJAN COL model VAL A2 COL series VAL A2 COL cert VAL A801,0,0.9999972687425416,0,4080,1870,0,1,0,0,1
COL make VAL BOEING COL model VAL 737 COL series VAL 497 COL name VAL No Popular Name COL cert VAL A16WE,COL make VAL ENSTRM COL model VAL F28 COL series VAL 280 COL cert VAL H1CE,0,0.9999972331073789,0,2151,1871,0,1,0,0,1
COL make VAL LEARJET COL model VAL 35 COL series VAL A COL name VAL No Popular Name COL cert VAL A10CE,COL make VAL ENSTRM COL model VAL F28 COL series VAL 280C COL cert VAL H1CE,0,0.9999970621558573,0,6351,1872,0,1,0,0,1
COL make VAL SIKORSKY COL model VAL S55 COL series VAL B COL name VAL CHICKASAW COL cert VAL 1H4,COL make VAL ENSTRM COL model VAL F28 COL series VAL 280F COL cert VAL H1CE,0,0.9999973127491106,0,8464,1873,0,1,0,0,1
COL make VAL ROBINSON COL model VAL R22 COL series VAL BETA COL name VAL No Popular Name COL cert VAL H10WE,COL make VAL ENSTRM COL model VAL F28 COL series VAL 280FX COL cert VAL H1CE,0,0.9999974056726998,0,7962,1874,0,1,0,0,1
COL make VAL CESSNA COL model VAL P206 COL series VAL E COL name VAL SUPER SKYLANE COL cert VAL A4CE,COL make VAL ENSTRM COL model VAL F28 COL series VAL A COL cert VAL H1CE,0,0.9999971935956216,0,3947,1875,0,1,0,0,1
COL make VAL HUGHES COL model VAL 369 COL series VAL HS COL name VAL 500 COL cert VAL H3WE,COL make VAL ENSTRM COL model VAL F28 COL series VAL F COL cert VAL H1CE,0,0.9999973692261509,0,5888,1876,0,1,0,0,1
COL make VAL WACO COL model VAL PBF COL series VAL PBF COL name VAL No Popular Name COL cert VAL ATC 491,COL make VAL ENSTRM COL model VAL F28 COL series VAL F28 COL cert VAL H1CE,0,0.9999973693942416,0,9510,1877,0,1,0,0,1
COL make VAL SCHWEIZER COL model VAL SGS1 26 COL series VAL E COL name VAL No Popular Name COL cert VAL 1G10,COL make VAL ERCO COL model VAL 415 COL series VAL C COL cert VAL A718,0,0.9999973661195607,0,8291,1878,0,1,0,0,1
COL make VAL CESSNA COL model VAL TU206 COL series VAL D COL name VAL TURBO SKYWAGON COL cert VAL A4CE,COL make VAL ERCO COL model VAL 415 COL series VAL CD COL cert VAL A718,0,0.999997300301257,0,4003,1879,0,1,0,0,1
COL make VAL AIR TRACTOR COL model VAL AT501 COL series VAL AT501 COL name VAL No Popular Name COL cert VAL A17SW,COL make VAL ERCO COL model VAL 415 COL series VAL D COL cert VAL A787,0,0.9999973286358951,0,365,1880,0,1,0,0,1
COL make VAL DOUGLAS COL model VAL DC8 COL series VAL 55 COL name VAL No Popular Name COL cert VAL 4A25,COL make VAL ALON COL model VAL 415 COL series VAL A2A COL cert VAL A787,0,0.9999970510849945,0,4771,1881,0,1,0,0,1
COL make VAL SCHWEIZER COL model VAL SGU22 2 COL series VAL C COL name VAL No Popular Name COL cert VAL G-18,COL make VAL ALON COL model VAL 415 COL series VAL A2 COL cert VAL A787,0,0.9999968700740479,0,8309,1882,0,1,0,0,1
COL make VAL TAYLORCRAFT COL model VAL 15A COL series VAL 15A COL name VAL TOURIST COL cert VAL 3A3,COL make VAL ERCO COL model VAL 415 COL series VAL E COL cert VAL A787,0,0.999997111917147,0,8914,1883,0,1,0,0,1
COL make VAL BOEING COL model VAL 727 COL series VAL 264 COL name VAL No Popular Name COL cert VAL A3WE,COL make VAL FORNEY COL model VAL 415 COL series VAL F1 COL cert VAL A787,0,0.9999968633567484,0,1797,1884,0,1,0,0,1
COL make VAL CESSNA COL model VAL 680 COL series VAL A COL name VAL LATITUDE COL cert VAL T00012WI,COL make VAL FORNEY COL model VAL 415 COL series VAL F1A COL cert VAL A787,0,0.9999966450540554,0,11056,1885,0,1,0,0,1
COL make VAL AERO COMMANDER COL model VAL 695 COL series VAL 695 COL name VAL JETPROP 980 COL cert VAL 2A4,COL make VAL ERCO COL model VAL 415 COL series VAL G COL cert VAL A787,0,0.9999976354146394,0,98,1886,0,1,0,0,1
COL make VAL CESSNA COL model VAL 210 COL series VAL F COL name VAL CENTURION COL cert VAL 3A21,COL make VAL SK COL model VAL 64 COL series VAL E COL name VAL SKYCRANE COL cert VAL H6EA,0,0.9999973408009472,0,3754,1887,0,1,0,0,1
COL make VAL CIRRUS COL model VAL SR22 COL series VAL T COL name VAL No Popular Name COL cert VAL A00009CH,COL make VAL SK COL model VAL 64 COL series VAL F COL name VAL SKYCRANE COL cert VAL H6EA,0,0.9999972921247597,0,4080,1888,0,1,0,0,1
COL make VAL CESSNA COL model VAL 310 COL series VAL D COL name VAL No Popular Name COL cert VAL 3A10,COL make VAL BO COL model VAL 105 COL series VAL LSA3 COL name VAL LIFT SHIP COL cert VAL H3EU,0,0.9999972217469151,0,3773,1889,0,1,0,0,1
COL make VAL LEARJET COL model VAL 24 COL series VAL F COL name VAL No Popular Name COL cert VAL A10CE,COL make VAL BO COL model VAL 105 COL series VAL C COL cert VAL H3EU,0,0.9999973647376768,0,10916,1890,0,1,0,0,1
COL make VAL LOCKHEED COL model VAL 1329 COL series VAL 23D COL name VAL JETSTAR COL cert VAL 2A15,COL make VAL BO COL model VAL 105 COL series VAL S COL cert VAL H3EU,0,0.9999973616421413,0,6520,1891,0,1,0,0,1
COL make VAL PIPER COL model VAL PA18 COL series VAL A COL name VAL SUPER CUB COL cert VAL 1A2,COL make VAL BO COL model VAL 105S COL series VAL CBS4 COL cert VAL H3EU,0,0.999997505417637,0,7506,1892,0,1,0,0,1
COL make VAL CESSNA COL model VAL 310 COL series VAL P COL name VAL No Popular Name COL cert VAL 3A10,COL make VAL EC COL model VAL 120 COL series VAL B COL name VAL COLIBRI COL cert VAL R0001RD,0,0.9999971977543209,0,3784,1893,0,1,0,0,1
COL make VAL DOUGLAS COL model VAL DC8 COL series VAL 62 COL name VAL SUPER 60 COL cert VAL 4A25,COL make VAL EC COL model VAL 130B4 COL series VAL 130B4 COL cert VAL H9EU,0,0.9999971497084872,0,4776,1894,0,1,0,0,1
COL make VAL MCDONNELL DOUGLAS HELICOPTER COL model VAL 369 COL series VAL F COL name VAL 500 COL cert VAL H3WE,COL make VAL EC COL model VAL 130 COL series VAL B4 COL cert VAL H9EU,0,0.9999971541574919,0,6818,1895,0,1,0,0,1
COL make VAL BOEING COL model VAL 707 COL series VAL 131B COL name VAL No Popular Name COL cert VAL 4A21,COL make VAL ECD COL model VAL EC135 COL series VAL P1 COL cert VAL H88EU,0,0.999997202587233,0,1602,1896,0,1,0,0,1
COL make VAL PIPER COL model VAL PA31 COL series VAL 325 COL name VAL NAVAJO C/R COL cert VAL A20SO,COL make VAL EC COL model VAL 135 COL series VAL P3 COL cert VAL H88EU,0,0.9999969615926569,0,7584,1897,0,1,0,0,1
COL make VAL AYRES COL model VAL S2R COL series VAL T65 COL name VAL THRUSH 550 COL cert VAL A4SW,COL make VAL ECD COL model VAL EC135 COL series VAL T1 COL cert VAL H88EU,0,0.999996926329577,0,885,1898,0,1,0,0,1
COL make VAL BOEING COL model VAL 737 COL series VAL 317 COL name VAL No Popular Name COL cert VAL A16WE,COL make VAL EC COL model VAL 155 COL series VAL B COL cert VAL H10EU,0,0.999997297150652,0,2058,1899,0,1,0,0,1
COL make VAL BEECH COL model VAL 24 COL series VAL B24R COL name VAL SIERRA 200 COL cert VAL A1CE,COL make VAL EC225LP COL cert VAL H4EU,0,0.9999971645358524,0,1193,1900,0,1,0,0,1
COL make VAL CESSNA COL model VAL 337 COL series VAL G COL name VAL No Popular Name COL cert VAL A6CE,COL make VAL EVNAIR COL model VAL 4500 COL series VAL 300 COL cert VAL A17CE,0,0.9999974558611097,0,3810,1901,0,1,0,0,1
COL make VAL CESSNA COL model VAL A188 COL series VAL B COL name VAL AGWAGON C COL cert VAL A9CE,COL make VAL EVNAIR COL model VAL 4500 COL series VAL 3002 COL cert VAL A17CE,0,0.9999975318372323,0,3868,1902,0,1,0,0,1
COL make VAL STINSON COL model VAL SR10 COL series VAL E COL name VAL RELIANT COL cert VAL TC 679,COL make VAL EXTRA COL model VAL EA COL series VAL 300 COL cert VAL A67EU,0,0.9999973749064199,0,22189,1903,0,1,0,0,1
COL make VAL PIPER COL model VAL PA18S COL series VAL 135 COL name VAL SUPER CUB COL cert VAL 1A2,COL make VAL EXTRA COL model VAL EA COL series VAL 400 COL cert VAL A43CE,0,0.9999972996935769,0,7514,1904,0,1,0,0,1
COL make VAL PIASECKI COL model VAL HUP2 COL series VAL HUP2 COL name VAL UH25B COL cert VAL NOT CERTIFICATED,COL make VAL FRCHLD COL model VAL 22 COL series VAL C7A COL cert VAL ATC438,0,0.9999970948620466,0,7366,1905,0,1,0,0,1
COL make VAL LEARJET COL model VAL 55 COL series VAL C COL name VAL No Popular Name COL cert VAL A10CE,COL make VAL FRCHLD COL model VAL 22 COL series VAL C7AM COL cert VAL ATC438,0,0.9999973142978497,0,6358,1906,0,1,0,0,1
COL make VAL PIPER COL model VAL PA28R COL series VAL 201T COL name VAL TURBO ARROW III COL cert VAL 2A13,COL make VAL FRCHLD COL model VAL 22 COL series VAL C7B COL cert VAL ATC483,0,0.9999972727365659,0,7576,1907,0,1,0,0,1
COL make VAL STINSON COL model VAL SR10 COL series VAL D COL name VAL RELIANT COL cert VAL TC 679,COL make VAL FRCHLD COL model VAL 22 COL series VAL C7D COL cert VAL ATC503,0,0.9999972931601138,0,22191,1908,0,1,0,0,1
COL make VAL GRUMMAN COL model VAL GA7 COL series VAL GA7 COL name VAL COUGAR COL cert VAL A17SO,COL make VAL FRCHLD COL model VAL 22 COL series VAL C7E COL cert VAL ATC515,0,0.999997394696542,0,5573,1909,0,1,0,0,1
COL make VAL PIPER COL model VAL J3C COL series VAL 40 COL name VAL CUB COL cert VAL A-691,COL make VAL FRCHLD COL model VAL 22 COL series VAL C7F COL cert VAL ATC517,0,0.9999973099324488,0,7450,1910,0,1,0,0,1
COL make VAL WACO COL model VAL ZKS COL series VAL 7 COL name VAL No Popular Name COL cert VAL TC 626,COL make VAL FRCHLD COL model VAL 22 COL series VAL C7G COL cert VAL ATC564,0,0.9999969768436624,0,9554,1911,0,1,0,0,1
COL make VAL HUGHES COL model VAL 269C COL series VAL 269C COL name VAL 300C COL cert VAL 4H12,COL make VAL FRCHLD COL model VAL 22 COL series VAL C7 COL cert VAL ATC409,0,0.999997137734012,0,5878,1912,0,1,0,0,1
COL make VAL TAYLORCRAFT COL model VAL BL COL series VAL BL COL name VAL No Popular Name COL cert VAL A-700,COL make VAL FRCHLD COL model VAL 24 COL series VAL C8A COL cert VAL ATC497,0,0.9999970192720692,0,8941,1913,0,1,0,0,1
COL make VAL AYRES COL model VAL S2R COL series VAL T15 COL name VAL No Popular Name COL cert VAL A3SW,COL make VAL FRCHLD COL model VAL 24 COL series VAL C8B COL cert VAL ATC498,0,0.9999972594487421,0,868,1914,0,1,0,0,1
COL make VAL BOEING COL model VAL 737 COL series VAL 382 COL name VAL No Popular Name COL cert VAL A16WE,COL make VAL FRCHLD COL model VAL 24 COL series VAL C8D COL cert VAL ATC576,0,0.999997075835616,0,2090,1915,0,1,0,0,1
COL make VAL AEROSTAR INTERNATIONAL COL model VAL S55A COL series VAL S55A COL name VAL No Popular Name COL cert VAL A15CE,COL make VAL FRCHLD COL model VAL 24 COL series VAL C8E COL cert VAL ATC600,0,0.9999971333167441,0,298,1916,0,1,0,0,1
COL make VAL MORANE SAULNIER COL model VAL MS760 COL series VAL A COL name VAL PARIS IA COL cert VAL 3,COL make VAL FRCHLD COL model VAL 24 COL series VAL C8F COL cert VAL ATC610,0,0.99999742935647,0,7042,1917,0,1,0,0,1
COL make VAL AERO COMMANDER COL model VAL 681 COL series VAL 681 COL name VAL HAWK COMMANDER COL cert VAL 2A4,COL make VAL FRCHLD COL model VAL 24 COL series VAL C8 COL cert VAL ATC475,0,0.9999968856804714,0,7987,1918,0,1,0,0,1
COL make VAL CESSNA COL model VAL A150 COL series VAL L COL name VAL AEROBAT COL cert VAL 3A19,COL make VAL FRCHLD COL model VAL 24 COL series VAL G COL cert VAL 633,0,0.9999974265368674,0,3857,1919,0,1,0,0,1
COL make VAL LEARJET COL model VAL 36 COL series VAL A COL name VAL No Popular Name COL cert VAL A10CE,COL make VAL FRCHLD COL model VAL 24 COL series VAL HS COL cert VAL ATC632,0,0.9999973271349346,0,6353,1921,0,1,0,0,1
COL make VAL CESSNA COL model VAL FR172 COL series VAL E COL name VAL REIMS ROCKET COL cert VAL A18EU,COL make VAL FRCHLD COL model VAL 24 COL series VAL J COL cert VAL 663,0,0.9999977141547238,0,3913,1922,0,1,0,0,1
COL make VAL MAULE COL model VAL M4 COL series VAL 210S COL name VAL ROCKET COL cert VAL 3A23,COL make VAL FRCHLD COL model VAL 24 COL series VAL KS COL cert VAL 667,0,0.9999971134233466,0,6715,1923,0,1,0,0,1
COL make VAL SWEARINGEN COL model VAL SA227 COL series VAL CC COL name VAL METRO 23 COL cert VAL A18SW,COL make VAL FRCHLD COL model VAL 24 COL series VAL K COL cert VAL 667,0,0.999997509475309,0,8901,1924,0,1,0,0,1
COL make VAL AIR TRACTOR COL model VAL AT402 COL series VAL AT402 COL name VAL No Popular Name COL cert VAL A17SW,COL make VAL FRCHLD COL model VAL 24W COL series VAL 46 COL cert VAL A707,0,0.9999973849249478,0,364,1925,0,1,0,0,1
COL make VAL BOEING COL model VAL 737 COL series VAL 293 COL name VAL No Popular Name COL cert VAL A16WE,COL make VAL FRCHLD COL model VAL 42 COL series VAL 42 COL cert VAL ATC242,0,0.9999969438465819,0,1966,1926,0,1,0,0,1
COL make VAL SCHLEICHER COL model VAL ASH25 COL series VAL M COL name VAL ASH25 MI COL cert VAL EASA.A.213,COL make VAL FRCHLD COL model VAL C119 COL series VAL C COL name VAL FLYING BOXCAR COL cert VAL A21WE,0,0.9999972640408815,0,8216,1927,0,1,0,0,1
COL make VAL SCHWEIZER COL model VAL SGS1 26 COL series VAL D COL name VAL No Popular Name COL cert VAL 1G10,COL make VAL FRCHLD COL model VAL C119 COL series VAL G COL name VAL FLYING BOXCAR COL cert VAL A21WE,0,0.9999973915715215,0,8290,1928,0,1,0,0,1
COL make VAL CESSNA COL model VAL R182 COL series VAL R182 COL name VAL SKYLANE RG COL cert VAL 3A13,COL make VAL HAWKIN COL model VAL C119 COL series VAL G3E COL name VAL FLYING BOXCAR COL cert VAL A24WE,0,0.9999975203794041,0,3958,1929,0,1,0,0,1
COL make VAL CESSNA COL model VAL 182 COL series VAL Q COL name VAL SKYLANE COL cert VAL 3A13,COL make VAL WAARA COL model VAL C119 COL series VAL L COL name VAL FLYING BOXCAR COL cert VAL A32CE,0,0.9999973119622296,0,3722,1930,0,1,0,0,1
COL make VAL CESSNA COL model VAL 321 COL series VAL 321 COL name VAL No Popular Name COL cert VAL 3A11,COL make VAL STRBRD COL model VAL C119 COL series VAL L COL name VAL FLYING BOXCAR COL cert VAL A5NW,0,0.9999971082006079,0,3801,1931,0,1,0,0,1
COL make VAL BOEING COL model VAL 737 COL series VAL 7BD COL name VAL No Popular Name COL cert VAL A16WE,COL make VAL BUDFLY COL model VAL C119 COL series VAL L COL name VAL FLYING BOXCAR COL cert VAL A35CE,0,0.9999971161185005,0,2263,1932,0,1,0,0,1
COL make VAL CESSNA COL model VAL 500 COL series VAL 500 COL name VAL CITATION COL cert VAL A22CE,COL make VAL FRCHLD COL model VAL F45 COL series VAL F45 COL cert VAL 603,0,0.9999968744617878,0,3836,1933,0,1,0,0,1
COL make VAL HELIO COL model VAL H250 COL series VAL H250 COL name VAL COURIER COL cert VAL 1A8,COL make VAL FC COL model VAL 2 COL series VAL W2 COL cert VAL ATC61,0,0.9999971137302727,0,5748,1934,0,1,0,0,1
COL make VAL BALLOON WORKS COL model VAL FIREFLY 7 COL series VAL FIREFLY 7 COL name VAL No Popular Name COL cert VAL A14SO,COL make VAL FRCHLD COL model VAL 21 COL series VAL KR21 COL cert VAL ATC215,0,0.9999974394077372,0,1070,1935,0,1,0,0,1
COL make VAL CESSNA COL model VAL T210 COL series VAL L COL name VAL TURBO CENTURION COL cert VAL 3A21,COL make VAL FRCHLD COL model VAL KR31 COL series VAL A COL cert VAL 2510,0,0.9999973099850399,0,3971,1936,0,1,0,0,1
COL make VAL KAMAN COL model VAL HH43 COL series VAL B COL name VAL HUSKIE COL cert VAL H1NW,COL make VAL FRCHLD COL model VAL KR31 COL series VAL KR31 COL cert VAL ATC19,0,0.9999973900088504,0,22024,1937,0,1,0,0,1
COL make VAL NATIONAL BALLOONING COL model VAL 755 COL series VAL 12 COL name VAL No Popular Name COL cert VAL A33CE,COL make VAL FRCHLD COL model VAL KR34 COL series VAL B2 COL cert VAL 2505,0,0.9999970036065025,0,7098,1938,0,1,0,0,1
COL make VAL LOCKHEED COL model VAL 12 COL series VAL A COL name VAL ELECTRA JUNIOR COL cert VAL TC 616,COL make VAL FRCHLD COL model VAL KR34 COL series VAL C COL cert VAL ATC162,0,0.9999971396332263,0,6517,1939,0,1,0,0,1
COL make VAL BOMBARDIER COL model VAL BD700 COL series VAL 1A10 COL name VAL GLOBAL 6500 COL cert VAL A-177,COL make VAL FRCHLD COL model VAL M62 COL series VAL M62A3 COL cert VAL A724,0,0.9999957426176741,0,15410,1940,0,1,0,0,1
COL make VAL AIR TRACTOR COL model VAL AT402 COL series VAL B COL name VAL No Popular Name COL cert VAL A17SW,COL make VAL FRCHLD COL model VAL M62 COL series VAL M62A COL cert VAL A724,0,0.9999972202906106,0,363,1941,0,1,0,0,1
COL make VAL WACO COL model VAL HRE COL series VAL HRE COL name VAL No Popular Name COL cert VAL TC 714,COL make VAL FLEET COL model VAL 1 COL series VAL 1 COL cert VAL ATC122,0,0.9999970192322721,0,9504,1942,0,1,0,0,1
COL make VAL AERO COMMANDER COL model VAL 695 COL series VAL 695 COL name VAL JETPROP 980 COL cert VAL 2A4,COL make VAL FLEET COL model VAL 10 COL series VAL 10 COL cert VAL ATC374,0,0.9999974101050366,0,98,1943,0,1,0,0,1
COL make VAL BOEING COL model VAL 707 COL series VAL 349C COL name VAL No Popular Name COL cert VAL 4A26,COL make VAL FLEET COL model VAL 16B COL series VAL 16B COL cert VAL 2566,0,0.9999968140531135,0,1642,1944,0,1,0,0,1
COL make VAL PIPER COL model VAL PA42 COL series VAL 1000 COL name VAL CHEYENNE 400LS COL cert VAL A23SO,COL make VAL FLEET COL model VAL 2 COL series VAL 2 COL cert VAL ATC131,0,0.9999970656153665,0,7625,1945,0,1,0,0,1
COL make VAL GROB COL model VAL G103 COL series VAL TWIN II COL name VAL No Popular Name COL cert VAL EASA.A.250,COL make VAL FLEET COL model VAL 7 COL series VAL 7 COL cert VAL ATC374,0,0.9999964912156393,0,5478,1946,0,1,0,0,1
COL make VAL PIPER COL model VAL L21 COL series VAL B COL name VAL SUPER CUB COL cert VAL 1A2,COL make VAL FLEET COL model VAL 8 COL series VAL 8 COL cert VAL ATC428,0,0.999997139755977,0,7480,1947,0,1,0,0,1
COL make VAL BOEING COL model VAL 737 COL series VAL 376 COL name VAL No Popular Name COL cert VAL A16WE,COL make VAL FLEET COL model VAL 80 COL series VAL 80 COL cert VAL 788,0,0.9999968837731237,0,2086,1948,0,1,0,0,1
COL make VAL LAIRD COL model VAL LC COL series VAL 1B200 COL name VAL COMMERCIAL COL cert VAL ATC 86,COL make VAL FU COL model VAL 24 COL series VAL A COL cert VAL 4A12,0,0.9999972073771878,0,19309,1949,0,1,0,0,1
COL make VAL BEECH COL model VAL 33 COL series VAL E33C COL name VAL BONANZA COL cert VAL 3A15,COL make VAL FU COL model VAL 24 COL series VAL 24 COL cert VAL 4A12,0,0.9999973545585568,0,1206,1950,0,1,0,0,1
COL make VAL BEECH COL model VAL 56 COL series VAL A56TC COL name VAL TURBO BARON COL cert VAL 3A16,COL make VAL JS COL model VAL WEIHE COL series VAL WEIHE COL cert VAL G1EU,0,0.9999972063303362,0,1274,1951,0,1,0,0,1
COL make VAL AERO COMMANDER COL model VAL 680 COL series VAL FL COL name VAL GRAND COMMANDER COL cert VAL 2A4,COL make VAL F COL model VAL 27 COL series VAL MK100 COL cert VAL A817,0,0.9999971646021021,0,90,1952,0,1,0,0,1
COL make VAL MCKINNON COL model VAL G21 COL series VAL E COL name VAL TURBO GOOSE COL cert VAL 4A24,COL make VAL F COL model VAL 27 COL series VAL MK200 COL cert VAL A817,0,0.9999971764278212,0,6841,1953,0,1,0,0,1
COL make VAL BEECH COL model VAL UC45 COL series VAL J COL name VAL No Popular Name COL cert VAL A-765,COL make VAL F COL model VAL 27 COL series VAL MK400 COL cert VAL A817,0,0.9999969385141083,0,1363,1954,0,1,0,0,1
COL make VAL BOEING COL model VAL 707 COL series VAL 373C COL name VAL No Popular Name COL cert VAL 4A26,COL make VAL F COL model VAL 27 COL series VAL MK500 COL name VAL FRIENDSHIP COL cert VAL A817,0,0.9999972575270827,0,1657,1955,0,1,0,0,1
COL make VAL PIPER COL model VAL J4 COL series VAL B COL name VAL CUB COUPE COL cert VAL TC 708,COL make VAL F COL model VAL 27 COL series VAL MK600 COL cert VAL A817,0,0.9999975514742748,0,7470,1956,0,1,0,0,1
COL make VAL PILATUS COL model VAL PC6 COL series VAL PC6 COL name VAL PORTER COL cert VAL F56-10,COL make VAL FH COL model VAL 27 COL series VAL A COL cert VAL 7A1,0,0.9999972374947055,0,7441,1957,0,1,0,0,1
COL make VAL BOEING COL model VAL 777 COL series VAL 2D7 COL name VAL No Popular Name COL cert VAL T00001SE,COL make VAL FH COL model VAL 27 COL series VAL F COL cert VAL 7A1,0,0.9999970998862405,0,2843,1958,0,1,0,0,1
COL make VAL STEARMAN COL model VAL B75 COL series VAL N1 COL name VAL KAYDET COL cert VAL A-743,COL make VAL FH COL model VAL 27 COL series VAL J COL cert VAL 7A1,0,0.9999970818696894,0,8711,1959,0,1,0,0,1
COL make VAL WACO COL model VAL AVN COL series VAL 8 COL name VAL MODEL N COL cert VAL TC 677,COL make VAL FH COL model VAL 227 COL series VAL 227 COL cert VAL 7A1,0,0.9999972129444715,0,9485,1960,0,1,0,0,1
COL make VAL ROCKWELL COL model VAL 690 COL series VAL A COL name VAL COMMANDER 690A COL cert VAL 2A4,COL make VAL FH COL model VAL 27 COL series VAL 27 COL cert VAL 7A1,0,0.9999970511342092,0,7989,1961,0,1,0,0,1
COL make VAL PIPER COL model VAL PA34 COL series VAL 200T COL name VAL SENECA II COL cert VAL A7SO,COL make VAL F COL model VAL 28 COL series VAL MK0070 COL cert VAL A20EU,0,0.9999974641623771,0,7612,1962,0,1,0,0,1
COL make VAL CESSNA COL model VAL 182 COL series VAL P COL name VAL SKYLANE COL cert VAL 3A13,COL make VAL F COL model VAL 28 COL series VAL MK0100 COL name VAL FELLOWSHIP COL cert VAL A20EU,0,0.9999975352455587,0,3721,1963,0,1,0,0,1
COL make VAL CESSNA COL model VAL 182 COL series VAL J COL name VAL SKYLANE COL cert VAL 3A13,COL make VAL F COL model VAL 28 COL series VAL MK1000 COL name VAL FELLOWSHIP COL cert VAL A20EU,0,0.9999973401541877,0,3716,1964,0,1,0,0,1
COL make VAL CESSNA COL model VAL 172 COL series VAL S COL name VAL SKYHAWK SP COL cert VAL 3A12,COL make VAL F COL model VAL 28 COL series VAL MK2000 COL name VAL FELLOWSHIP COL cert VAL A20EU,0,0.9999973180270408,0,3686,1965,0,1,0,0,1
COL make VAL BEECH COL model VAL 400 COL series VAL A COL name VAL BEECHJET COL cert VAL A16SW,COL make VAL F COL model VAL 28 COL series VAL MK3000 COL name VAL FELLOWSHIP COL cert VAL A20EU,0,0.9999972944840668,0,1240,1966,0,1,0,0,1
COL make VAL BEECH COL model VAL 65 COL series VAL A65 COL name VAL QUEEN AIR COL cert VAL 3A20,COL make VAL F COL model VAL 28 COL series VAL MK4000 COL name VAL FELLOWSHIP COL cert VAL A20EU,0,0.9999974499851783,0,1287,1967,0,1,0,0,1
COL make VAL BEECH COL model VAL 35 COL series VAL V35B COL name VAL BONANZA COL cert VAL 3A15,COL make VAL FH COL model VAL 227 COL series VAL B COL cert VAL 7A1,0,0.9999972851315793,0,1229,1968,0,1,0,0,1
COL make VAL BOEING COL model VAL 777 COL series VAL 268 COL name VAL No Popular Name COL cert VAL T00001SE,COL make VAL FH COL model VAL 27 COL series VAL B COL cert VAL 7A1,0,0.9999971629467477,0,2834,1969,0,1,0,0,1
COL make VAL BOEING COL model VAL 737 COL series VAL 7CT COL name VAL No Popular Name COL cert VAL A16WE,COL make VAL FH COL model VAL 227 COL series VAL C COL cert VAL 7A1,0,0.9999970656797299,0,2275,1970,0,1,0,0,1
COL make VAL GRUMMAN COL model VAL G32 COL series VAL A COL name VAL GULFHAWK III COL cert VAL TC 2-544,COL make VAL FH COL model VAL 227 COL series VAL D COL cert VAL 7A1,0,0.9999970765341002,0,5560,1971,0,1,0,0,1
COL make VAL LANCAIR COL model VAL LC40 COL series VAL 550FG COL name VAL COLUMBIA 300 COL cert VAL A00003SE,COL make VAL FOMOCO COL model VAL 4AT COL series VAL B COL cert VAL ATC87,0,0.9999973570386487,0,6322,1972,0,1,0,0,1
COL make VAL HAWKER SIDDELEY COL model VAL DH125 COL series VAL 3AR COL name VAL No Popular Name COL cert VAL A3EU,COL make VAL FOMOCO COL model VAL 4AT COL series VAL E COL cert VAL ATC132,0,0.9999968471062939,0,5703,1973,0,1,0,0,1
COL make VAL CESSNA COL model VAL A188 COL series VAL A188 COL name VAL AGWAGON 300 COL cert VAL A9CE,COL make VAL FOMOCO COL model VAL 5AT COL series VAL B COL cert VAL ATC156,0,0.9999970447998547,0,3869,1974,0,1,0,0,1
COL make VAL STINSON COL model VAL SR10 COL series VAL E COL name VAL RELIANT COL cert VAL TC 679,COL make VAL FOMOCO COL model VAL 5AT COL series VAL C COL cert VAL ATC165,0,0.9999973107365946,0,22189,1975,0,1,0,0,1
COL make VAL CESSNA COL model VAL S550 COL series VAL S550 COL name VAL CITATION S II COL cert VAL A22CE,COL make VAL FOMOCO COL model VAL 5AT COL series VAL D COL cert VAL ATC409,0,0.9999967463466645,0,3959,1976,0,1,0,0,1
COL make VAL MITSUBISHI COL model VAL MU300 COL series VAL MU300 COL name VAL DIAMOND I COL cert VAL A14SW,COL make VAL FBA COL model VAL CENTEN COL series VAL 100 COL cert VAL A13EA,0,0.9999962094820414,0,10258,1977,0,1,0,0,1
COL make VAL CESSNA COL model VAL A185 COL series VAL E COL name VAL SKYWAGON COL cert VAL 3A24,COL make VAL FBA COL model VAL 2 COL series VAL C1 COL cert VAL A7EA,0,0.9999968823641453,0,3865,1978,0,1,0,0,1
COL make VAL HUGHES COL model VAL 369 COL series VAL A COL name VAL 500 COL cert VAL H3WE,COL make VAL FBA COL model VAL 2 COL series VAL C2 COL cert VAL A7EA,0,0.9999970648792847,0,5879,1979,0,1,0,0,1
COL make VAL BOEING COL model VAL 767 COL series VAL 238 COL name VAL No Popular Name COL cert VAL A1NM,COL make VAL FA COL model VAL 200 COL series VAL 160 COL cert VAL A4PC,0,0.9999970646077555,0,2713,1980,0,1,0,0,1
COL make VAL CESSNA COL model VAL 182 COL series VAL D COL name VAL SKYLANE COL cert VAL 3A13,COL make VAL FA COL model VAL 200 COL series VAL 180 COL cert VAL A4PC,0,0.999997176558417,0,3711,1981,0,1,0,0,1
COL make VAL AEROSPATIALE COL model VAL AS332 COL series VAL L COL name VAL SUPER PUMA COL cert VAL EASA.R.002,COL make VAL FUNK COL model VAL FUNKB COL series VAL FUNKB COL cert VAL A715,0,0.9999967886474885,0,192,1982,0,1,0,0,1
COL make VAL BOEING COL model VAL 737 COL series VAL 522 COL name VAL No Popular Name COL cert VAL A16WE,COL make VAL FUNK COL model VAL FUNKB COL series VAL 85C COL cert VAL A715,0,0.9999971793694752,0,2170,1983,0,1,0,0,1
COL make VAL BOEING COL model VAL 737 COL series VAL 7AD COL name VAL No Popular Name COL cert VAL A16WE,COL make VAL FUNK COL model VAL FUNKC COL series VAL FUNKC COL cert VAL 2564,0,0.9999964291783291,0,2248,1984,0,1,0,0,1
COL make VAL STINSON COL model VAL SR10 COL series VAL J3 COL name VAL RELIANT COL cert VAL TC 678,COL make VAL GOVT COL model VAL N22 COL series VAL B COL name VAL NOMAD COL cert VAL A7PC,0,0.9999973491844105,0,22188,1985,0,1,0,0,1
COL make VAL AYRES COL model VAL S2R COL series VAL T11 COL name VAL No Popular Name COL cert VAL A3SW,COL make VAL GOVT COL model VAL N22 COL series VAL S COL cert VAL A7PC,0,0.9999970795380482,0,866,1986,0,1,0,0,1
COL make VAL HELIO COL model VAL H395 COL series VAL A COL name VAL SUPER COURIER COL cert VAL 1A8,COL make VAL GOVT COL model VAL N24 COL series VAL A COL name VAL NOMAD COL cert VAL A7PC,0,0.9999975609887477,0,5752,1987,0,1,0,0,1
COL make VAL PIPER COL model VAL L4 COL series VAL F COL name VAL CUB CRUISER COL cert VAL A-725,COL make VAL PICARD COL model VAL AX6 COL series VAL AX6 COL cert VAL A18WE7,0,0.99999720337146,0,21047,1988,0,1,0,0,1
COL make VAL BOEING COL model VAL 707 COL series VAL 384C COL name VAL No Popular Name COL cert VAL 4A26,COL make VAL GALAXY COL model VAL 7 COL series VAL 7 COL cert VAL A10NM,0,0.9999970530838593,0,1661,1989,0,1,0,0,1
COL make VAL BOEING COL model VAL 737 COL series VAL 49R COL name VAL No Popular Name COL cert VAL A16WE,COL make VAL GY COL model VAL 80 COL series VAL 180 COL cert VAL A12IN,0,0.999997270185177,0,2152,1990,0,1,0,0,1
COL make VAL AERO COMMANDER COL model VAL 680 COL series VAL E COL name VAL COMMANDER 680E COL cert VAL 2A4,COL make VAL RHH COL model VAL UH COL series VAL 1B COL name VAL HUEY COL cert VAL H3SO,0,0.9999968617036047,0,88,1992,0,1,0,0,1
COL make VAL BOEING COL model VAL 737 COL series VAL 2T7 COL name VAL No Popular Name COL cert VAL A16WE,COL make VAL RHH COL model VAL UH COL series VAL 1H COL name VAL HUEY COL cert VAL H3SO,0,0.9999968159287398,0,2044,1993,0,1,0,0,1
COL make VAL CESSNA COL model VAL T207 COL series VAL T207 COL name VAL TURBO SKYWAGON COL cert VAL A16CE,COL make VAL HAWKIN COL model VAL UH1B COL series VAL UH1B COL cert VAL H1RM,0,0.9999972844052415,0,3965,1994,0,1,0,0,1
COL make VAL BOEING COL model VAL 707 COL series VAL 347C COL name VAL No Popular Name COL cert VAL 4A26,COL make VAL WIA COL model VAL UH COL series VAL 1H COL name VAL BELL205 COL cert VAL H15NM,0,0.9999969023156137,0,1640,1995,0,1,0,0,1
COL make VAL BEECH COL model VAL 33 COL series VAL E33C COL name VAL BONANZA COL cert VAL 3A15,COL make VAL UH COL model VAL 1H COL series VAL TAM COL name VAL BELL205 COL cert VAL R00010SE,0,0.9999970861925611,0,1206,1996,0,1,0,0,1
COL make VAL TAYLORCRAFT COL model VAL BC12 COL series VAL D485 COL name VAL DELUXE TRAVELER COL cert VAL A-696,COL make VAL PRECSN COL model VAL UH COL series VAL 1H COL cert VAL R00005SE,0,0.9999968830256121,0,8923,1997,0,1,0,0,1
COL make VAL BOEING COL model VAL 747 COL series VAL 45EF COL name VAL No Popular Name COL cert VAL A20WE,COL make VAL NWSTRC COL model VAL UH1H COL series VAL UH1H COL name VAL HUEY COL cert VAL R00005SE,0,0.9999971589274146,0,2579,1998,0,1,0,0,1
COL make VAL CIRRUS COL model VAL SR22 COL series VAL T COL name VAL No Popular Name COL cert VAL A00009CH,COL make VAL WIA COL model VAL UH COL series VAL 1P COL name VAL BELL204 COL cert VAL H12NM,0,0.9999971178217931,0,4080,1999,0,1,0,0,1
COL make VAL STINSON COL model VAL SR10 COL series VAL D COL name VAL RELIANT COL cert VAL TC 679,COL make VAL RDC COL model VAL UH COL series VAL 1P COL name VAL HUEY COL cert VAL H12NM,0,0.9999974126181849,0,22191,2000,0,1,0,0,1
COL make VAL MOONEY COL model VAL M20V COL series VAL M20V COL name VAL ACCLAIM ULTRA COL cert VAL 2A3,COL make VAL GIPPS COL model VAL GA200 COL series VAL GA200 COL cert VAL A00001LA,0,0.9999971206899572,0,11867,2001,0,1,0,0,1
COL make VAL BOEING COL model VAL 727 COL series VAL 259 COL name VAL No Popular Name COL cert VAL A3WE,COL make VAL GIPPS COL model VAL GA COL series VAL 8 COL cert VAL A0001LA,0,0.9999973799185983,0,1791,2002,0,1,0,0,1
COL make VAL LUSCOMBE COL model VAL 8 COL series VAL A COL name VAL LUSCOMBE MASTER COL cert VAL A-694,COL make VAL DG COL model VAL 100 COL series VAL G COL cert VAL G52EU,0,0.9999965670364401,0,6650,2003,0,1,0,0,1
COL make VAL SIKORSKY COL model VAL S55 COL series VAL C COL name VAL CHICKASAW COL cert VAL 1H4,COL make VAL DG COL model VAL 100 COL series VAL 100 COL cert VAL G32EU,0,0.999996860613999,0,8465,2004,0,1,0,0,1
COL make VAL BOEING COL model VAL 737 COL series VAL 241 COL name VAL No Popular Name COL cert VAL A16WE,COL make VAL DG COL model VAL 1000 COL series VAL S COL cert VAL G15CE,0,0.9999971622580844,0,1936,2005,0,1,0,0,1
COL make VAL BEECH COL model VAL 56 COL series VAL TC COL name VAL TURBO BARON COL cert VAL 3A16,COL make VAL DG COL model VAL 400 COL series VAL 400 COL cert VAL G52EU,0,0.9999972119196491,0,1275,2006,0,1,0,0,1
COL make VAL PIPER COL model VAL PA36 COL series VAL 300 COL name VAL PAWNEE BRAVE 300 COL cert VAL A9SO,COL make VAL DG COL model VAL 500 COL series VAL M COL cert VAL G59EU,0,0.9999972571582839,0,7619,2007,0,1,0,0,1
COL make VAL MCDONNELL DOUGLAS COL model VAL MD11 COL series VAL F COL name VAL No Popular Name COL cert VAL A22WE,COL make VAL DG COL model VAL 500 COL series VAL MB COL cert VAL G59EU,0,0.9999966048369759,0,6834,2008,0,1,0,0,1
COL make VAL REARWIN COL model VAL 7000 COL series VAL 7000 COL name VAL SPORTSTER COL cert VAL TC 574,COL make VAL GLASFL COL model VAL 205 COL series VAL LIBELLE COL name VAL CLUB LIBELLE COL cert VAL G12EU,0,0.9999968366839903,0,7933,2009,0,1,0,0,1
COL make VAL AERO COMMANDER COL model VAL 690 COL series VAL C COL name VAL JETPROP 840 COL cert VAL 2A4,COL make VAL GLASFL COL model VAL MOSQTO COL series VAL MOSQTO COL cert VAL G38EU,0,0.9999973067751045,0,94,2010,0,1,0,0,1
COL make VAL LEARJET COL model VAL 25 COL series VAL B COL name VAL No Popular Name COL cert VAL A10CE,COL make VAL HPH COL model VAL 304 COL series VAL C COL name VAL WASP COL cert VAL G12CE,0,0.9999974896486765,0,6344,2011,0,1,0,0,1
COL make VAL BOEING COL model VAL 737 COL series VAL 8H4 COL name VAL No Popular Name COL cert VAL A16WE,COL make VAL HPH COL model VAL 304 COL series VAL CZ COL cert VAL G12CE,0,0.9999972733841167,0,10226,2012,0,1,0,0,1
COL make VAL BELLANCA COL model VAL 17 30 COL series VAL A COL name VAL VIKING 300 COL cert VAL A18CE,COL make VAL HPH COL model VAL 304 COL series VAL CZ17 COL cert VAL G12CE,0,0.9999974939829519,0,1529,2013,0,1,0,0,1
COL make VAL AMERICAN EAGLE COL model VAL EAGLET A31 COL series VAL 1B COL name VAL No Popular Name COL cert VAL TC 2-583,COL make VAL GLASFL COL model VAL LIBELL COL series VAL STNRDLIBELLE COL name VAL STANDARD LIBELLE COL cert VAL G12EU,0,0.9999970877607802,0,548,2014,0,1,0,0,1
COL make VAL SCHWEIZER COL model VAL 269D COL series VAL 269D COL name VAL 330 COL cert VAL 4H12,COL make VAL GLASFL COL model VAL 201 COL series VAL B COL name VAL STANDARD LIBELLE COL cert VAL G12EU,0,0.9999974624846918,0,8279,2015,0,1,0,0,1
COL make VAL BOEING COL model VAL 707 COL series VAL 323C COL name VAL No Popular Name COL cert VAL 4A26,COL make VAL GLASFL COL model VAL H301 COL series VAL LIBELLE COL name VAL LIBELLE COL cert VAL G12EU,0,0.9999972277826281,0,1616,2016,0,1,0,0,1
COL make VAL CESSNA COL model VAL A150 COL series VAL L COL name VAL AEROBAT COL cert VAL 3A19,COL make VAL GLASFL COL model VAL H301 COL series VAL B COL name VAL LIBELLE COL cert VAL G12EU,0,0.9999974211392509,0,3857,2017,0,1,0,0,1
COL make VAL CESSNA COL model VAL FA150 COL series VAL K COL name VAL No Popular Name COL cert VAL A13EU,COL make VAL GLASFL COL model VAL H301 COL series VAL H301 COL name VAL LIBELLE COL cert VAL G12EU,0,0.9999968636782994,0,3909,2018,0,1,0,0,1
COL make VAL BOEING COL model VAL 707 COL series VAL 131 COL name VAL No Popular Name COL cert VAL 4A21,COL make VAL GLASFL COL model VAL KESTRL COL series VAL KESTRL COL cert VAL G20EU,0,0.999996969096961,0,1601,2019,0,1,0,0,1
COL make VAL DOUGLAS COL model VAL DC8 COL series VAL 61 COL name VAL SUPER 60 COL cert VAL 4A25,COL make VAL GC COL model VAL 1 COL series VAL A COL name VAL SWIFT COL cert VAL A766,0,0.9999973983389084,0,4772,2020,0,1,0,0,1
COL make VAL CESSNA COL model VAL T210 COL series VAL F COL name VAL TURBO CENTURION COL cert VAL 3A21,COL make VAL GC COL model VAL 1 COL series VAL B COL name VAL SWIFT COL cert VAL A766,0,0.9999975399727116,0,3966,2021,0,1,0,0,1
COL make VAL CESSNA COL model VAL 182 COL series VAL E COL name VAL SKYLANE COL cert VAL 3A13,COL make VAL GRTLKS COL model VAL 2T1 COL series VAL A1 COL cert VAL A18EA,0,0.9999971076048559,0,3712,2022,0,1,0,0,1
COL make VAL HUGHES COL model VAL 369 COL series VAL HE COL name VAL 500 COL cert VAL H3WE,COL make VAL GRTLKS COL model VAL 2T1 COL series VAL A COL cert VAL A18EA,0,0.9999975487500451,0,5886,2023,0,1,0,0,1
COL make VAL CESSNA COL model VAL P210 COL series VAL N COL name VAL PRESSURIZED CENTURION COL cert VAL 3A21,COL make VAL GROB COL model VAL G102 COL series VAL IIIB COL name VAL CLUB ASTIR IIIB COL cert VAL G33EU,0,0.9999972970758996,0,3949,2024,0,1,0,0,1
COL make VAL CESSNA COL model VAL A150 COL series VAL M COL name VAL AEROBAT COL cert VAL 3A19,COL make VAL GROB COL model VAL G102 COL series VAL STANDARDIII COL name VAL STANDARD ASTIR III COL cert VAL G33EU,0,0.9999974555007823,0,3859,2025,0,1,0,0,1
COL make VAL CHAMPION COL model VAL 7ECA COL series VAL 7ECA COL name VAL CITABRIA AURORA COL cert VAL A-759,COL make VAL GROB COL model VAL G102 COL series VAL III COL name VAL CLUB ASTIR III COL cert VAL G33EU,0,0.999997375309449,0,4043,2026,0,1,0,0,1
COL make VAL HUGHES COL model VAL 369 COL series VAL HM COL name VAL 500 COL cert VAL H3WE,COL make VAL GROB COL model VAL G102 COL series VAL CS COL name VAL ASTIR COL cert VAL G33EU,0,0.9999973122134413,0,5887,2027,0,1,0,0,1
COL make VAL SCHWEIZER COL model VAL SGS1 26 COL series VAL E COL name VAL No Popular Name COL cert VAL 1G10,COL make VAL GROB COL model VAL G103 COL series VAL TWINASTIR COL name VAL TWIN ASTIR COL cert VAL G39EU,0,0.9999973322116104,0,8291,2028,0,1,0,0,1
COL make VAL STINSON COL model VAL SR8 COL series VAL B COL name VAL RELIANT COL cert VAL ATC 608,COL make VAL GROB COL model VAL G103 COL series VAL TWIN2 COL name VAL TWIN II COL cert VAL G39EU,0,0.9999973444477527,0,8779,2029,0,1,0,0,1
COL make VAL BELL COL model VAL P63 COL series VAL E COL name VAL KINGCOBRA COL cert VAL LTC-21,COL make VAL GROB COL model VAL G103 COL series VAL A COL name VAL TWIN II ACRO COL cert VAL G39EU,0,0.9999974306738405,0,1509,2030,0,1,0,0,1
COL make VAL WACO COL model VAL ZKS COL series VAL 6 COL name VAL No Popular Name COL cert VAL A-533,COL make VAL GROB COL model VAL G103 COL series VAL C COL name VAL TWIN III ACRO COL cert VAL G39EU,0,0.9999972583312061,0,9553,2031,0,1,0,0,1
COL make VAL AIR TRACTOR COL model VAL AT401 COL series VAL AT401 COL name VAL No Popular Name COL cert VAL A17SW,COL make VAL GROB COL model VAL G109 COL series VAL B COL cert VAL G43EU,0,0.9999973411039823,0,361,2032,0,1,0,0,1
COL make VAL PIPER COL model VAL PA34 COL series VAL 200T COL name VAL SENECA II COL cert VAL A7SO,COL make VAL GROB COL model VAL G109 COL series VAL G109 COL cert VAL G43EU,0,0.9999969507870148,0,7612,2033,0,1,0,0,1
COL make VAL BOEING COL model VAL 737 COL series VAL 322 COL name VAL No Popular Name COL cert VAL A16WE,COL make VAL GROB COL model VAL G115 COL series VAL C COL cert VAL A57EU,0,0.9999972547782087,0,2063,2034,0,1,0,0,1
COL make VAL BOEING COL model VAL 737 COL series VAL 71Q COL name VAL No Popular Name COL cert VAL A16WE,COL make VAL GROB COL model VAL G520 COL series VAL T COL cert VAL A63EU,0,0.9999968632550416,0,2207,2035,0,1,0,0,1
COL make VAL AERO COMMANDER COL model VAL 560 COL series VAL F COL name VAL COMMANDER 560F COL cert VAL 2A4,COL make VAL GROB COL model VAL G115 COL series VAL C2 COL cert VAL A57EU,0,0.9999972287236559,0,86,2036,0,1,0,0,1
COL make VAL BOEING COL model VAL 737 COL series VAL 319 COL name VAL No Popular Name COL cert VAL A16WE,COL make VAL GROB COL model VAL G115 COL series VAL D COL cert VAL A57EU,0,0.9999972693571872,0,2059,2037,0,1,0,0,1
COL make VAL BOEING COL model VAL 737 COL series VAL 241 COL name VAL No Popular Name COL cert VAL A16WE,COL make VAL GROB COL model VAL G120 COL series VAL A COL cert VAL A9CE,0,0.9999972626628736,0,1936,2038,0,1,0,0,1
COL make VAL MOONEY COL model VAL M20B COL series VAL M20B COL name VAL MARK 21 COL cert VAL 2A3,COL make VAL GROB COL model VAL G520 COL series VAL G520 COL cert VAL A63EU,0,0.9999971422998203,0,7027,2039,0,1,0,0,1
COL make VAL BELLANCA COL model VAL 17 30 COL series VAL A COL name VAL VIKING 300 COL cert VAL A18CE,COL make VAL GA COL model VAL AA COL series VAL 1B COL name VAL TRAINER/TR 2 COL cert VAL A11EA,0,0.999997703684512,0,1529,2040,0,1,0,0,1
COL make VAL TRAVEL AIR COL model VAL TRAVEL AIR 2000 COL series VAL T COL name VAL No Popular Name COL cert VAL TC 2-368,COL make VAL GA COL model VAL AA COL series VAL 1C COL name VAL T-CAT/LYNX COL cert VAL A11EA,0,0.9999973700552099,0,9133,2041,0,1,0,0,1
COL make VAL STEARMAN COL model VAL E75 COL series VAL E75 COL name VAL KAYDET COL cert VAL A-743,COL make VAL GA COL model VAL AA COL series VAL 5B COL name VAL TIGER COL cert VAL A16EA,0,0.9999972135862892,0,8730,2042,0,1,0,0,1
COL make VAL BOEING COL model VAL 737 COL series VAL 36Q COL name VAL No Popular Name COL cert VAL A16WE,COL make VAL ARUNON COL model VAL AF COL series VAL 2S COL cert VAL AR36,0,0.9999970543623093,0,2083,2043,0,1,0,0,1
COL make VAL CESSNA COL model VAL T207 COL series VAL T207 COL name VAL TURBO SKYWAGON COL cert VAL A16CE,COL make VAL GRUMAN COL model VAL F6F COL series VAL F6F COL cert VAL AR18,0,0.9999974115939642,0,3965,2044,0,1,0,0,1
COL make VAL PILATUS COL model VAL PC6 COL series VAL AH2 COL name VAL TURBO PORTER COL cert VAL F56-10,COL make VAL GRUMAN COL model VAL F7F COL series VAL 3 COL cert VAL AR28,0,0.9999972346690525,0,11246,2045,0,1,0,0,1
COL make VAL LOCKHEED COL model VAL VEGA COL series VAL 5 COL name VAL No Popular Name COL cert VAL ATC 93,COL make VAL GRUMAN COL model VAL F8F COL series VAL 1 COL cert VAL L232,0,0.9999966800536813,0,21470,2046,0,1,0,0,1
COL make VAL BOEING COL model VAL 737 COL series VAL 49R COL name VAL No Popular Name COL cert VAL A16WE,COL make VAL GRUMAN COL model VAL F8F COL series VAL 2 COL cert VAL AR32,0,0.999997125557094,0,2152,2047,0,1,0,0,1
COL make VAL AIR TRACTOR COL model VAL AT502 COL series VAL AT502 COL name VAL No Popular Name COL cert VAL A17SW,COL make VAL GRUMAN COL model VAL FM COL series VAL 2 COL cert VAL L252,0,0.9999972680118192,0,368,2048,0,1,0,0,1
COL make VAL PIPER COL model VAL J3C COL series VAL 50S COL name VAL CUB COL cert VAL A-691,COL make VAL GA COL model VAL 1159 COL series VAL 1159 COL name VAL G-II COL cert VAL A12EA,0,0.9999967955629814,0,7452,2049,0,1,0,0,1
COL make VAL LEARJET COL model VAL 25 COL series VAL B COL name VAL No Popular Name COL cert VAL A10CE,COL make VAL GA COL model VAL 1159 COL series VAL B COL name VAL G-II B COL cert VAL A12EA,0,0.9999974274276021,0,6344,2050,0,1,0,0,1
COL make VAL BEECH COL model VAL 55 COL series VAL 95 55 COL name VAL BARON COL cert VAL 3A16,COL make VAL GA COL model VAL 159 COL series VAL 159 COL name VAL G-I COL cert VAL 1A17,0,0.999997473427066,0,1263,2051,0,1,0,0,1
COL make VAL TAYLORCRAFT COL model VAL F22 COL series VAL B COL name VAL No Popular Name COL cert VAL 1A9,COL make VAL G COL model VAL 164 COL series VAL A COL name VAL AGCAT COL cert VAL 1A16,0,0.9999974602706757,0,8955,2052,0,1,0,0,1
COL make VAL AIRBUS COL model VAL A300 COL series VAL B2 1C COL name VAL No Popular Name COL cert VAL NOT CERTIFICATED,COL make VAL G COL model VAL 164 COL series VAL B34T COL name VAL AGCAT COL cert VAL 1A16,0,0.9999973053299624,0,380,2053,0,1,0,0,1
COL make VAL BEECH COL model VAL 60 COL series VAL B60 COL name VAL DUKE COL cert VAL A12CE,COL make VAL G COL model VAL 164 COL series VAL B COL name VAL AGCAT COL cert VAL 1A16,0,0.999997396621399,0,1285,2054,0,1,0,0,1
COL make VAL BEECH COL model VAL 35 COL series VAL M35 COL name VAL BONANZA COL cert VAL 3A15,COL make VAL AIRCRN COL model VAL HU16 COL series VAL B COL name VAL ALBATROSS COL cert VAL A33SO,0,0.9999974507109904,0,1221,2055,0,1,0,0,1
COL make VAL AYRES COL model VAL S2R COL series VAL T34 COL name VAL No Popular Name COL cert VAL A3SW,COL make VAL G COL model VAL 164 COL series VAL 164 COL name VAL AGCAT COL cert VAL 1A16,0,0.9999970864537582,0,870,2056,0,1,0,0,1
COL make VAL MCDONNELL DOUGLAS COL model VAL MD90 COL series VAL 30 COL name VAL No Popular Name COL cert VAL A6WE,COL make VAL GRUMAN COL model VAL G21 COL series VAL STCG21 COL cert VAL 654,0,0.9999974780178479,0,6837,2057,0,1,0,0,1
COL make VAL BEECH COL model VAL 55 COL series VAL D55A COL name VAL BARON COL cert VAL 3A16,COL make VAL G COL model VAL 21 COL series VAL 21 COL cert VAL 654,0,0.9999969717362698,0,1271,2058,0,1,0,0,1
COL make VAL BOEING COL model VAL 737 COL series VAL 5H4 COL name VAL No Popular Name COL cert VAL A16WE,COL make VAL G COL model VAL 32 COL series VAL A COL cert VAL 2544,0,0.9999970529798731,0,2190,2059,0,1,0,0,1
COL make VAL ROBINSON COL model VAL R22 COL series VAL MARINER COL name VAL No Popular Name COL cert VAL H10WE,COL make VAL G COL model VAL 32 COL series VAL 32 COL cert VAL 2544,0,0.9999971457575046,0,7963,2060,0,1,0,0,1
COL make VAL SIKORSKY COL model VAL S58 COL series VAL JT COL name VAL No Popular Name COL cert VAL 1H11,COL make VAL GA COL model VAL G COL series VAL 44A COL cert VAL A734,0,0.9999972831929512,0,8480,2061,0,1,0,0,1
COL make VAL BALLOON WORKS COL model VAL FIREFLY 8B COL series VAL 15 COL name VAL No Popular Name COL cert VAL A14SO,COL make VAL GA COL model VAL 44 COL series VAL 44 COL cert VAL A734,0,0.9999967818904753,0,1075,2062,0,1,0,0,1
COL make VAL PIPER COL model VAL PA31T COL series VAL 1 COL name VAL CHEYENNE I COL cert VAL A8EA,COL make VAL GA COL model VAL 7 COL series VAL 7 COL name VAL COUGAR COL cert VAL A17SO,0,0.9999971878462112,0,7590,2063,0,1,0,0,1
COL make VAL BEECH COL model VAL 65 COL series VAL A65 8200 COL name VAL QUEEN AIR COL cert VAL 3A20,COL make VAL AIRCRN COL model VAL HU16 COL series VAL A COL name VAL ALBATROSS COL cert VAL A33SO,0,0.9999973317714284,0,1288,2064,0,1,0,0,1
COL make VAL BOEING COL model VAL 737 COL series VAL 217 COL name VAL No Popular Name COL cert VAL A16WE,COL make VAL BUEHN COL model VAL HU16 COL series VAL C COL cert VAL A23NM,0,0.9999973582154684,0,1925,2065,0,1,0,0,1
COL make VAL MAULE COL model VAL M4 COL series VAL M4 COL name VAL JETASEN COL cert VAL 3A23,COL make VAL GRUMAN COL model VAL J2F COL series VAL 4 COL cert VAL L172,0,0.9999971840568581,0,6724,2066,0,1,0,0,1
COL make VAL CESSNA COL model VAL T210 COL series VAL H COL name VAL TURBO CENTURION COL cert VAL 3A21,COL make VAL GRUMAN COL model VAL J2F COL series VAL 6 COL cert VAL L172,0,0.9999971634350694,0,3968,2067,0,1,0,0,1
COL make VAL BOEING COL model VAL 767 COL series VAL 375 COL name VAL No Popular Name COL cert VAL A1NM,COL make VAL TS COL model VAL 2 COL series VAL A COL cert VAL A25WE,0,0.9999970287527827,0,2783,2068,0,1,0,0,1
COL make VAL BRITTEN NORMAN COL model VAL BN2A COL series VAL III2 COL name VAL TRISLANDER COL cert VAL UK.TC.A.00043,COL make VAL S COL model VAL 2F3 COL series VAL AT COL cert VAL T0000009,0,0.9999969131914663,0,3050,2069,0,1,0,0,1
COL make VAL AIR TRACTOR COL model VAL AT502 COL series VAL AT502 COL name VAL No Popular Name COL cert VAL A17SW,COL make VAL GRUMAN COL model VAL TBF COL series VAL 1 COL cert VAL L82,0,0.9999973643908358,0,368,2070,0,1,0,0,1
COL make VAL ROBINSON COL model VAL R22 COL series VAL ALPHA COL name VAL No Popular Name COL cert VAL H10WE,COL make VAL GRUMAN COL model VAL TBM COL series VAL 1 COL cert VAL L82,0,0.9999969272366719,0,7961,2071,0,1,0,0,1
COL make VAL THRUSH COL model VAL S2R COL series VAL H80 COL name VAL THRUSH 510G COL cert VAL A4SW,COL make VAL GRUMAN COL model VAL TBM COL series VAL 3E COL cert VAL L82,0,0.9999971754811571,0,11519,2072,0,1,0,0,1
COL make VAL MOONEY COL model VAL M20D COL series VAL M20D COL name VAL MASTER COL cert VAL 2A3,COL make VAL GRUMAN COL model VAL TBM COL series VAL 3 COL cert VAL L82,0,0.999996933866879,0,7029,2073,0,1,0,0,1
COL make VAL PITCAIRN COL model VAL PA6 COL series VAL PA6 COL name VAL SUPER MAILWING COL cert VAL ATC 92,COL make VAL CABRI COL model VAL G2 COL series VAL G2 COL cert VAL R00005RD,0,0.9999969485223373,0,7648,2074,0,1,0,0,1
COL make VAL DASSAULT COL model VAL MYSTERE FALCON 20 COL series VAL F5 COL name VAL No Popular Name COL cert VAL 103BIS,COL make VAL GA COL model VAL 1159 COL series VAL A COL name VAL G-III COL cert VAL A12EA,0,0.9999972546852666,0,4442,2075,0,1,0,0,1
COL make VAL BEECH COL model VAL T34 COL series VAL A COL name VAL MENTOR COL cert VAL 5A3,COL make VAL GV COL model VAL SP COL name VAL G550 COL cert VAL A12EA,0,0.9999972049392549,0,1388,2076,0,1,0,0,1
COL make VAL CESSNA COL model VAL 310 COL series VAL A COL name VAL BLUE CANOE COL cert VAL 3A10,COL make VAL GIV COL model VAL X COL name VAL G400 COL cert VAL A12EA,0,0.9999973181446934,0,3770,2077,0,1,0,0,1
COL make VAL BOEING COL model VAL 737 COL series VAL 82R COL name VAL No Popular Name COL cert VAL A16WE,COL make VAL GA COL model VAL IV COL series VAL X COL cert VAL A12EA,0,0.9999974540516793,0,2337,2078,0,1,0,0,1
COL make VAL CESSNA COL model VAL 185 COL series VAL B COL name VAL SKYWAGON COL cert VAL 3A24,COL make VAL GA COL model VAL 100 COL series VAL 100 COL cert VAL A16NM,0,0.9999971824357013,0,3728,2079,0,1,0,0,1
COL make VAL GRUMMAN COL model VAL JF4 COL series VAL 2 COL name VAL WIDGEON COL cert VAL A-734,COL make VAL IA COL model VAL ASTRA COL series VAL SPX COL cert VAL A16NM,0,0.9999966658342738,0,22013,2080,0,1,0,0,1
COL make VAL CESSNA COL model VAL 337 COL series VAL D COL name VAL No Popular Name COL cert VAL A6CE,COL make VAL GA COL model VAL 150 COL series VAL 150 COL cert VAL A16NM,0,0.9999967058644912,0,3807,2081,0,1,0,0,1
COL make VAL CESSNA COL model VAL R182 COL series VAL R182 COL name VAL SKYLANE RG COL cert VAL 3A13,COL make VAL IA COL model VAL GALAXY COL series VAL GALAXY COL cert VAL A53NM,0,0.9999973792113714,0,3958,2082,0,1,0,0,1
COL make VAL PIPER COL model VAL J5A COL series VAL 80 COL name VAL CUB CRUISER COL cert VAL A-725,COL make VAL GA COL model VAL 200 COL series VAL 200 COL cert VAL A53NM,0,0.9999970827642668,0,7473,2083,0,1,0,0,1
COL make VAL BEECH COL model VAL 33 COL series VAL 35C33A COL name VAL DEBONAIR COL cert VAL 3A15,COL make VAL GA COL model VAL V COL series VAL V COL cert VAL A12EA,0,0.9999968405702095,0,1203,2084,0,1,0,0,1
COL make VAL CESSNA COL model VAL F150 COL series VAL L COL name VAL No Popular Name COL cert VAL A13EU,COL make VAL GA COL model VAL V COL series VAL SP COL cert VAL A12EA,0,0.9999972755596963,0,3888,2085,0,1,0,0,1
COL make VAL PIPER COL model VAL PA38 COL series VAL 112 COL name VAL TOMAHAWK COL cert VAL A18SO,COL make VAL HP COL model VAL 137 COL series VAL MK1 COL cert VAL A21EU,0,0.9999970827475743,0,7622,2086,0,1,0,0,1
COL make VAL BOEING COL model VAL 737 COL series VAL 79U COL name VAL No Popular Name COL cert VAL A16WE,COL make VAL HAWKER COL model VAL 750 COL series VAL 750 COL cert VAL A3EU,0,0.9999967077284571,0,2247,2087,0,1,0,0,1
COL make VAL BOEING COL model VAL 727 COL series VAL 243 COL name VAL No Popular Name COL cert VAL A3WE,COL make VAL HS COL model VAL 125 COL series VAL 900XP COL name VAL HAWKER 900XP COL cert VAL A3EU,0,0.9999969581033424,0,1781,2088,0,1,0,0,1
COL make VAL CESSNA COL model VAL 182 COL series VAL C COL name VAL SKYLANE COL cert VAL 3A13,COL make VAL HAWKER COL model VAL 900XP COL series VAL 900XP COL cert VAL A3EU,0,0.999996758076212,0,3710,2089,0,1,0,0,1
COL make VAL BOEING COL model VAL 707 COL series VAL 349C COL name VAL No Popular Name COL cert VAL 4A26,COL make VAL RAYTHN COL model VAL HAWKER COL series VAL 4000 COL cert VAL T00013WI,0,0.9999969789245424,0,1642,2090,0,1,0,0,1
COL make VAL PIPER COL model VAL PA20 COL series VAL 115 COL name VAL PACER COL cert VAL 1A4,COL make VAL TEXTRN COL model VAL 4000 COL series VAL 4000 COL name VAL HAWKER COL cert VAL T00013WI,0,0.9999972972833967,0,7519,2091,0,1,0,0,1
COL make VAL CESSNA COL model VAL E310 COL series VAL H COL name VAL No Popular Name COL cert VAL 3A10,COL make VAL HS COL model VAL 125 COL series VAL 1B COL cert VAL A3EU,0,0.999997239962151,0,3881,2092,0,1,0,0,1
COL make VAL MEYERS COL model VAL MAC125 COL series VAL C COL name VAL No Popular Name COL cert VAL 3A1,COL make VAL DH COL model VAL 125 COL series VAL 3AR COL cert VAL A3EU,0,0.9999973823586892,0,6867,2093,0,1,0,0,1
COL make VAL BOEING COL model VAL 737 COL series VAL 8K5 COL name VAL No Popular Name COL cert VAL A16WE,COL make VAL DH COL model VAL 125 COL series VAL 3ARA COL cert VAL A3EU,0,0.9999972383837139,0,2406,2094,0,1,0,0,1
COL make VAL WACO COL model VAL ULA COL series VAL ULA COL name VAL SPORTSMAN COL cert VAL ATC 511,COL make VAL HS COL model VAL 125 COL series VAL 3B COL cert VAL A3EU,0,0.999997201454517,0,9532,2095,0,1,0,0,1
COL make VAL CESSNA COL model VAL C38 COL series VAL C38 COL name VAL AIRMASTER COL cert VAL TC 668,COL make VAL HS COL model VAL 125 COL series VAL 600A COL cert VAL A3EU,0,0.999996980608084,0,3879,2096,0,1,0,0,1
COL make VAL BALLOON WORKS COL model VAL FIREFLY 6B COL series VAL 15 COL name VAL No Popular Name COL cert VAL A14SO,COL make VAL HS COL model VAL 125 COL series VAL 600B COL cert VAL A3EU,0,0.9999973394146602,0,1067,2097,0,1,0,0,1
COL make VAL PIPER COL model VAL PA22 COL series VAL 108 COL name VAL COLT COL cert VAL 1A6,COL make VAL HS COL model VAL 125 COL series VAL 700A COL cert VAL A3EU,0,0.9999972551303123,0,7525,2098,0,1,0,0,1
COL make VAL DOUGLAS COL model VAL DC8 COL series VAL 55 COL name VAL No Popular Name COL cert VAL 4A25,COL make VAL BAE COL model VAL 125 COL series VAL 700A COL cert VAL A3EU,0,0.9999971692573348,0,4771,2099,0,1,0,0,1
COL make VAL CESSNA COL model VAL M337 COL series VAL B COL name VAL No Popular Name COL cert VAL A6CE,COL make VAL HS COL model VAL 125 COL series VAL 700B COL cert VAL A3EU,0,0.9999974958941573,0,3933,2100,0,1,0,0,1
COL make VAL CESSNA COL model VAL 182 COL series VAL P COL name VAL SKYLANE COL cert VAL 3A13,COL make VAL HS COL model VAL 125 COL series VAL 400B COL cert VAL A3EU,0,0.9999973509395308,0,3721,2101,0,1,0,0,1
COL make VAL PITTS COL model VAL S2 COL series VAL A COL name VAL PITTS SPECIAL COL cert VAL A8SO,COL make VAL HS COL model VAL 748 COL series VAL 2A COL cert VAL A24EU,0,0.9999973426249755,0,7666,2102,0,1,0,0,1
COL make VAL RYAN COL model VAL PT22 COL series VAL PT22 COL name VAL RECRUIT COL cert VAL A-749,COL make VAL HELIO COL model VAL 500 COL series VAL 500 COL cert VAL A2EA,0,0.9999966689473335,0,8079,2103,0,1,0,0,1
COL make VAL PIPER COL model VAL PA34 COL series VAL 200T COL name VAL SENECA II COL cert VAL A7SO,COL make VAL HELIO COL model VAL 250 COL series VAL 250 COL cert VAL 1A8,0,0.9999970179954528,0,7612,2104,0,1,0,0,1
COL make VAL PIPER COL model VAL L4 COL series VAL A COL name VAL CUB COL cert VAL A-691,COL make VAL HELIO COL model VAL 295 COL series VAL 295 COL cert VAL 1A8,0,0.999997368804623,0,7481,2105,0,1,0,0,1
COL make VAL CESSNA COL model VAL 188 COL series VAL A COL name VAL AGWAGON A COL cert VAL A9CE,COL make VAL HELIO COL model VAL 391 COL series VAL 391 COL cert VAL 1A8,0,0.9999972977318453,0,3733,2106,0,1,0,0,1
COL make VAL MORANE SAULNIER COL model VAL MS880 COL series VAL B COL name VAL RALLYE CLUB COL cert VAL EASA.A.377,COL make VAL HELIO COL model VAL 395 COL series VAL A COL cert VAL 1A8,0,0.9999976056552192,0,7048,2107,0,1,0,0,1
COL make VAL FAIRCHILD COL model VAL 24 COL series VAL C8E COL name VAL No Popular Name COL cert VAL ATC 600,COL make VAL HELIO COL model VAL 395 COL series VAL 395 COL cert VAL 1A8,0,0.9999974782980315,0,5071,2108,0,1,0,0,1
COL make VAL SWEARINGEN COL model VAL SA226 COL series VAL TC COL name VAL METRO II COL cert VAL A8SW,COL make VAL HELIO COL model VAL 700 COL series VAL 700 COL cert VAL 1A8,0,0.9999972452162191,0,8897,2109,0,1,0,0,1
COL make VAL PIPER COL model VAL J3F COL series VAL 65S COL name VAL CUB COL cert VAL A-692,COL make VAL HELIO COL model VAL 800 COL series VAL 800 COL cert VAL 1A8,0,0.9999964011892889,0,7461,2110,0,1,0,0,1
COL make VAL SCHWEIZER COL model VAL SGS1 26 COL series VAL A COL name VAL No Popular Name COL cert VAL 1G10,COL make VAL HELIO COL model VAL 295 COL series VAL 295HT COL cert VAL 1A8,0,0.9999972173982676,0,8287,2111,0,1,0,0,1
COL make VAL BOEING COL model VAL 737 COL series VAL 54K COL name VAL No Popular Name COL cert VAL A16WE,COL make VAL FH COL model VAL 1100 COL series VAL 1100 COL cert VAL H2WE,0,0.9999969083687007,0,2179,2112,0,1,0,0,1
COL make VAL BOEING COL model VAL 737 COL series VAL 230 COL name VAL No Popular Name COL cert VAL A16WE,COL make VAL HILLER COL model VAL UH12 COL series VAL H23A COL cert VAL 6H1,0,0.9999971903660404,0,1932,2113,0,1,0,0,1
COL make VAL CESSNA COL model VAL 210 COL series VAL E COL name VAL CENTURION COL cert VAL 3A21,COL make VAL HILLER COL model VAL UH12 COL series VAL H23C COL cert VAL 6H2,0,0.9999974275294157,0,3753,2114,0,1,0,0,1
COL make VAL BELL COL model VAL 206 COL series VAL L1 COL name VAL LONG RANGER II COL cert VAL H-92,COL make VAL HILLER COL model VAL UH12 COL series VAL B COL cert VAL 6H2,0,0.9999972940531434,0,1419,2115,0,1,0,0,1
COL make VAL MOONEY COL model VAL M20R COL series VAL M20R COL name VAL OVATION COL cert VAL 2A3,COL make VAL HILLER COL model VAL UH12 COL series VAL H23B COL cert VAL 6H2,0,0.9999973901855687,0,7038,2116,0,1,0,0,1
COL make VAL CESSNA COL model VAL 182 COL series VAL B COL name VAL SKYLANE COL cert VAL 3A13,COL make VAL HILLER COL model VAL UH12 COL series VAL H23D COL cert VAL 4H10,0,0.9999974120074033,0,3709,2117,0,1,0,0,1
COL make VAL BOEING COL model VAL 737 COL series VAL 7HJ COL name VAL No Popular Name COL cert VAL A16WE,COL make VAL HILLER COL model VAL UH12 COL series VAL C COL cert VAL 6H2,0,0.9999971427521857,0,2308,2118,0,1,0,0,1
COL make VAL HUGHES COL model VAL 369 COL series VAL HM COL name VAL 500 COL cert VAL H3WE,COL make VAL HILLER COL model VAL UH12 COL series VAL D COL cert VAL 4H10,0,0.9999972916702149,0,5887,2119,0,1,0,0,1
COL make VAL BALLOON WORKS COL model VAL FIREFLY 11B COL series VAL FIREFLY 11B COL name VAL No Popular Name COL cert VAL A14SO,COL make VAL HILLER COL model VAL UH12 COL series VAL OH23G COL cert VAL 4H11,0,0.9999972726481334,0,11449,2120,0,1,0,0,1
COL make VAL BOEING COL model VAL 777 COL series VAL 200LR COL name VAL No Popular Name COL cert VAL T00001SE,COL make VAL HILLER COL model VAL UH12 COL series VAL A COL cert VAL 6H1,0,0.9999974426120305,0,11592,2121,0,1,0,0,1
COL make VAL CESSNA COL model VAL T207 COL series VAL T207 COL name VAL TURBO SKYWAGON COL cert VAL A16CE,COL make VAL HILLER COL model VAL UH12 COL series VAL EL COL cert VAL 4H11,0,0.9999972593781742,0,3965,2122,0,1,0,0,1
COL make VAL BEECH COL model VAL 58 COL series VAL 58 COL name VAL BARON COL cert VAL 3A16,COL make VAL HILLER COL model VAL UH12 COL series VAL L4 COL cert VAL H1WE,0,0.9999973237680884,0,1282,2123,0,1,0,0,1
COL make VAL SOCATA COL model VAL TB20 COL series VAL TB20 COL name VAL TRINIDAD COL cert VAL EASA.A.378,COL make VAL HILLER COL model VAL UH12 COL series VAL L COL cert VAL H1WE,0,0.9999972430663645,0,8618,2124,0,1,0,0,1
COL make VAL LOCKHEED COL model VAL 382 COL series VAL B COL name VAL L100 COL cert VAL A1SO,COL make VAL DGA COL model VAL 11 COL series VAL 11 COL cert VAL 672,0,0.9999973577052417,0,6539,2125,0,1,0,0,1
COL make VAL GRUMMAN COL model VAL AA1 COL series VAL B COL name VAL TRAINER COL cert VAL A11EA,COL make VAL DGA COL model VAL 12 COL series VAL 12 COL cert VAL 645,0,0.9999965633267252,0,5510,2126,0,1,0,0,1
COL make VAL LOCKHEED COL model VAL 12 COL series VAL A COL name VAL ELECTRA JUNIOR COL cert VAL TC 616,COL make VAL DGA COL model VAL 15 COL series VAL J COL cert VAL A717,0,0.9999974656758168,0,6517,2127,0,1,0,0,1
COL make VAL BOEING COL model VAL 767 COL series VAL 231 COL name VAL No Popular Name COL cert VAL A1NM,COL make VAL DGA COL model VAL 15 COL series VAL P COL cert VAL A717,0,0.9999965762254664,0,2708,2128,0,1,0,0,1
COL make VAL KINNER COL model VAL SPORTSTER COL series VAL B1 COL name VAL No Popular Name COL cert VAL ATC 516,COL make VAL DGA COL model VAL 18 COL series VAL K COL cert VAL 739,0,0.9999969362008709,0,21581,2129,0,1,0,0,1
COL make VAL BOEING COL model VAL 737 COL series VAL 883 COL name VAL No Popular Name COL cert VAL A16WE,COL make VAL DGA COL model VAL 18 COL series VAL 18 COL cert VAL 739,0,0.999996804350603,0,2360,2130,0,1,0,0,1
COL make VAL CESSNA COL model VAL 150 COL series VAL E COL name VAL No Popular Name COL cert VAL 3A19,COL make VAL DGA COL model VAL 8 COL series VAL 8 COL cert VAL 612,0,0.9999968350318809,0,3656,2131,0,1,0,0,1
COL make VAL EMBRAER COL model VAL ERJ190 COL series VAL 100IGW COL name VAL 190AR COL cert VAL EA-2005T13,COL make VAL DGA COL model VAL 15 COL series VAL GH1 COL cert VAL A717,0,0.9999971536499288,0,4947,2132,0,1,0,0,1
COL make VAL CESSNA COL model VAL 210 COL series VAL B COL name VAL CENTURION COL cert VAL 3A21,COL make VAL DGA COL model VAL 15 COL series VAL GH2 COL cert VAL A717,0,0.9999972781761475,0,3750,2133,0,1,0,0,1
COL make VAL CESSNA COL model VAL 182 COL series VAL R COL name VAL SKYLANE COL cert VAL 3A13,COL make VAL DGA COL model VAL 15 COL series VAL GH3 COL cert VAL A717,0,0.99999716277223,0,3723,2134,0,1,0,0,1
COL make VAL PIPER COL model VAL PA28R COL series VAL 180 COL name VAL CHEROKEE ARROW COL cert VAL 2A13,COL make VAL DGA COL model VAL 15 COL series VAL NH1 COL cert VAL A717,0,0.9999972284064912,0,7572,2135,0,1,0,0,1
COL make VAL PIPER COL model VAL PA31T COL series VAL 2 COL name VAL CHEYENNE IIXL COL cert VAL A8EA,COL make VAL HU COL model VAL 269 COL series VAL A1 COL cert VAL 4H12,0,0.9999976932752374,0,7592,2136,0,1,0,0,1
COL make VAL STINSON COL model VAL SR10 COL series VAL J3 COL name VAL RELIANT COL cert VAL TC 678,COL make VAL HU COL model VAL 269 COL series VAL A COL cert VAL 4H12,0,0.9999976306392887,0,22188,2137,0,1,0,0,1
COL make VAL MCDONNELL DOUGLAS HELICOPTER COL model VAL 500 COL series VAL N COL name VAL NOTAR COL cert VAL H3WE,COL make VAL HU COL model VAL 269 COL series VAL B COL cert VAL 4H12,0,0.9999973600464341,0,6820,2138,0,1,0,0,1
COL make VAL BALLOON WORKS COL model VAL FIREFLY 8B COL series VAL FIREFLY 8B COL name VAL No Popular Name COL cert VAL A14SO,COL make VAL SCWZER COL model VAL 269 COL series VAL C COL cert VAL 4H12,0,0.9999972767650045,0,1076,2139,0,1,0,0,1
COL make VAL CESSNA COL model VAL 182 COL series VAL Q COL name VAL SKYLANE COL cert VAL 3A13,COL make VAL SCWZER COL model VAL 269C COL series VAL 1 COL cert VAL 4H12,0,0.9999973031305751,0,3722,2140,0,1,0,0,1
COL make VAL BEECH COL model VAL 55 COL series VAL 95 55 COL name VAL BARON COL cert VAL 3A16,COL make VAL HU COL model VAL 269 COL series VAL C COL cert VAL 4H12,0,0.9999975090524975,0,1263,2141,0,1,0,0,1
COL make VAL PIPER COL model VAL J5A COL series VAL 80 COL name VAL CUB CRUISER COL cert VAL A-725,COL make VAL HU COL model VAL 369 COL series VAL OH6A COL cert VAL H3WE,0,0.9999974832388133,0,7473,2142,0,1,0,0,1
COL make VAL LOCKHEED COL model VAL 382 COL series VAL J COL name VAL HERCULES II COL cert VAL A1SO,COL make VAL MD COL model VAL 369 COL series VAL 369 COL cert VAL H3WE,0,0.999996846110878,0,6543,2143,0,1,0,0,1
COL make VAL BOEING COL model VAL 737 COL series VAL 7BD COL name VAL No Popular Name COL cert VAL A16WE,COL make VAL MD COL model VAL 369 COL series VAL A COL cert VAL H3WE,0,0.9999973966685712,0,2263,2144,0,1,0,0,1
COL make VAL CESSNA COL model VAL TP206 COL series VAL B COL name VAL TURBO SUPER SKYLANE COL cert VAL A4CE,COL make VAL HU COL model VAL 369 COL series VAL A COL cert VAL H3WE,0,0.9999973964600141,0,3995,2145,0,1,0,0,1
COL make VAL BEECH COL model VAL 45 COL series VAL D45 COL name VAL MENTOR COL cert VAL 5A3,COL make VAL HU COL model VAL 369 COL series VAL 369 COL cert VAL H3WE,0,0.9999970618042181,0,1247,2146,0,1,0,0,1
COL make VAL LEARJET COL model VAL 25 COL series VAL D COL name VAL No Popular Name COL cert VAL A10CE,COL make VAL MD COL model VAL 369 COL series VAL D COL cert VAL H3WE,0,0.9999974209572499,0,6346,2147,0,1,0,0,1
COL make VAL AEROSTAR INTERNATIONAL COL model VAL S55A COL series VAL S55A COL name VAL No Popular Name COL cert VAL A15CE,COL make VAL HU COL model VAL 369 COL series VAL D COL cert VAL H3WE,0,0.9999973551412784,0,298,2148,0,1,0,0,1
COL make VAL CESSNA COL model VAL 310 COL series VAL Q COL name VAL No Popular Name COL cert VAL 3A10,COL make VAL HU COL model VAL 369 COL series VAL E COL name VAL 500E COL cert VAL H3WE,0,0.9999972795826676,0,3785,2149,0,1,0,0,1
COL make VAL CESSNA COL model VAL T337 COL series VAL G COL name VAL No Popular Name COL cert VAL A6CE,COL make VAL MD COL model VAL 369 COL series VAL E COL cert VAL H3WE,0,0.9999972045447227,0,3984,2150,0,1,0,0,1
COL make VAL PIPER COL model VAL PA32R COL series VAL 301T COL name VAL SARATOGA II TC COL cert VAL A3SO,COL make VAL MD COL model VAL 369 COL series VAL H COL cert VAL H3WE,0,0.9999973860133189,0,7606,2151,0,1,0,0,1
COL make VAL LEARJET COL model VAL 55 COL series VAL B COL name VAL No Popular Name COL cert VAL A10CE,COL make VAL HU COL model VAL 369 COL series VAL H COL cert VAL H3WE,0,0.9999975430898206,0,6357,2152,0,1,0,0,1
COL make VAL ENSTROM COL model VAL F28 COL series VAL C2 COL name VAL No Popular Name COL cert VAL H1CE,COL make VAL MD COL model VAL 369 COL series VAL HE COL cert VAL H3WE,0,0.9999973671278786,0,10923,2153,0,1,0,0,1
COL make VAL BOEING COL model VAL 737 COL series VAL 8KN COL name VAL No Popular Name COL cert VAL A16WE,COL make VAL HU COL model VAL 369 COL series VAL HE COL cert VAL H3WE,0,0.9999972023191048,0,2409,2154,0,1,0,0,1
COL make VAL CESSNA COL model VAL T337 COL series VAL G COL name VAL No Popular Name COL cert VAL A6CE,COL make VAL HU COL model VAL 369 COL series VAL HM COL cert VAL H3WE,0,0.9999973049508857,0,3984,2155,0,1,0,0,1
COL make VAL SIKORSKY COL model VAL UH19 COL series VAL F COL name VAL CHICKASAW COL cert VAL HR1SO,COL make VAL MD COL model VAL 369 COL series VAL HM COL cert VAL H3WE,0,0.999997331821048,0,21359,2156,0,1,0,0,1
COL make VAL BOEING COL model VAL 747 COL series VAL SR46 COL name VAL No Popular Name COL cert VAL A20WE,COL make VAL MD COL model VAL 369 COL series VAL HS COL cert VAL H3WE,0,0.9999970137180775,0,2630,2157,0,1,0,0,1
COL make VAL CESSNA COL model VAL A150 COL series VAL M COL name VAL AEROBAT COL cert VAL 3A19,COL make VAL HU COL model VAL 369 COL series VAL HS COL cert VAL H3WE,0,0.9999972254604126,0,3859,2158,0,1,0,0,1
COL make VAL WACO COL model VAL UPF COL series VAL 7 COL name VAL No Popular Name COL cert VAL A-642,COL make VAL HU COL model VAL 369 COL series VAL YOH6A COL cert VAL H3WE,0,0.9999972869912056,0,9534,2159,0,1,0,0,1
COL make VAL PITCAIRN COL model VAL PA24 COL series VAL PA24 COL name VAL No Popular Name COL cert VAL ATC 507,COL make VAL IA COL model VAL 1123 COL series VAL 1123 COL cert VAL A2SW,0,0.9999972402056158,0,21623,2160,0,1,0,0,1
COL make VAL BELL COL model VAL UH1 COL series VAL B COL name VAL IROQUOIS COL cert VAL H13WE,COL make VAL IA COL model VAL 1124 COL series VAL 1124 COL name VAL WESTWIND 1 COL cert VAL A2SW,0,0.9999971066944423,0,5378,2161,0,1,0,0,1
COL make VAL BELL COL model VAL UH1 COL series VAL F COL name VAL IROQUOIS COL cert VAL H7NE,COL make VAL IA COL model VAL 1124 COL series VAL A COL name VAL WESTWIND 2 COL cert VAL A2SW,0,0.9999974621954905,0,21392,2162,0,1,0,0,1
COL make VAL BALLOON WORKS COL model VAL FIREFLY 7 COL series VAL 15 COL name VAL No Popular Name COL cert VAL A14SO,COL make VAL IA COL model VAL 1125 COL series VAL 1125 COL name VAL WESTWIND ASTRA COL cert VAL A16NM,0,0.999997268864961,0,1069,2163,0,1,0,0,1
COL make VAL STINSON COL model VAL SR10 COL series VAL K COL name VAL RELIANT COL cert VAL TC 679,COL make VAL IA COL model VAL 101 COL series VAL B COL cert VAL A32EU,0,0.9999975193706354,0,22190,2164,0,1,0,0,1
COL make VAL PIPER COL model VAL J4 COL series VAL B COL name VAL CUB COUPE COL cert VAL TC 708,COL make VAL IS COL model VAL 28 COL series VAL B2 COL cert VAL G4OEU,0,0.9999974658848712,0,7470,2165,0,1,0,0,1
COL make VAL BEECH COL model VAL 99 COL series VAL A99 COL name VAL AIRLINER COL cert VAL A14CE,COL make VAL IS COL model VAL 29 COL series VAL D2 COL cert VAL G41EU,0,0.9999973199126975,0,1318,2166,0,1,0,0,1
COL make VAL STINSON COL model VAL SR10 COL series VAL F COL name VAL RELIANT COL cert VAL TC 685,COL make VAL III COL model VAL 650 COL series VAL TCS COL name VAL SKY ARROR COL cert VAL A52CE,0,0.999997575646117,0,22380,2167,0,1,0,0,1
COL make VAL AERO COMMANDER COL model VAL 695 COL series VAL A COL name VAL COMMANDER 1200 COL cert VAL 2A4,COL make VAL III COL model VAL 650 COL series VAL TCNS COL name VAL SKY ARROR COL cert VAL A52CE,0,0.9999975259031978,0,96,2168,0,1,0,0,1
COL make VAL GRUMMAN COL model VAL JF4 COL series VAL 2 COL name VAL WIDGEON COL cert VAL A-734,COL make VAL INTRCP COL model VAL 400 COL series VAL 400 COL cert VAL 3A18,0,0.9999973744570073,0,22013,2169,0,1,0,0,1
COL make VAL BEECH COL model VAL 95 COL series VAL B95A COL name VAL TRAVEL AIR COL cert VAL 3A16,COL make VAL ARCTIC COL model VAL S1B COL series VAL L6 COL cert VAL A754,0,0.9999974055489901,0,1313,2170,0,1,0,0,1
COL make VAL BOEING COL model VAL 707 COL series VAL 327C COL name VAL No Popular Name COL cert VAL 4A26,COL make VAL ARCTIC COL model VAL S1B COL series VAL 1 COL cert VAL A754,0,0.9999969152514394,0,1618,2171,0,1,0,0,1
COL make VAL PIPER COL model VAL PA18 COL series VAL A135 COL name VAL SUPER CUB COL cert VAL 1A2,COL make VAL TIMBER COL model VAL HH43 COL series VAL F COL cert VAL H1NW,0,0.9999972514237602,0,7507,2172,0,1,0,0,1
COL make VAL PIPER COL model VAL PA36 COL series VAL 375 COL name VAL PAWNEE BRAVE 375 COL cert VAL A9SO,COL make VAL PATRSN COL model VAL HH43 COL series VAL F COL cert VAL H14WE,0,0.9999971048202959,0,7621,2173,0,1,0,0,1
COL make VAL PIPER COL model VAL PA28RT COL series VAL 201 COL name VAL ARROW IV COL cert VAL 2A13,COL make VAL HH COL model VAL 43 COL series VAL F COL cert VAL H14WE,0,0.9999975004429248,0,7578,2174,0,1,0,0,1
COL make VAL BEECH COL model VAL 200 COL series VAL C COL name VAL SUPER KING AIR COL cert VAL A24CE,COL make VAL KAMAN COL model VAL K COL series VAL 1200 COL cert VAL TR780,0,0.999996236238681,0,1179,2176,0,1,0,0,1
COL make VAL SAINT LOUIS COL model VAL C2 COL series VAL 110 COL name VAL CARDINAL COL cert VAL ATC 277,COL make VAL K COL model VAL 600 COL series VAL 600 COL cert VAL AR27,0,0.999997045264836,0,8104,2177,0,1,0,0,1
COL make VAL LANCAIR COL model VAL LC40 COL series VAL 550FG COL name VAL COLUMBIA 300 COL cert VAL A00003SE,COL make VAL BB COL model VAL 20 COL series VAL GP COL cert VAL B04CE,0,0.9999972602601404,0,6322,2178,0,1,0,0,1
COL make VAL DOUGLAS COL model VAL DC9 COL series VAL 83 COL name VAL MD83 COL cert VAL A6WE,COL make VAL BB COL model VAL 20 COL cert VAL B04CE,0,0.9999968132934364,0,4818,2179,0,1,0,0,1
COL make VAL AYRES COL model VAL S2R COL series VAL R1340 COL name VAL THRUSH 400 COL cert VAL A3SW,COL make VAL BB COL model VAL 20 COL series VAL XR COL cert VAL B04CE,0,0.9999971376903373,0,862,2180,0,1,0,0,1
COL make VAL BOEING COL model VAL 737 COL series VAL 74Q COL name VAL No Popular Name COL cert VAL A16WE,COL make VAL BB COL model VAL 22 COL series VAL E COL cert VAL B04CE,0,0.9999969645757633,0,2218,2181,0,1,0,0,1
COL make VAL PIPER COL model VAL PA28R COL series VAL 201 COL name VAL ARROW III COL cert VAL 2A13,COL make VAL BB COL model VAL 22 COL series VAL Z COL cert VAL B04CE,0,0.999997167588491,0,7574,2182,0,1,0,0,1
COL make VAL CESSNA COL model VAL A188 COL series VAL A COL name VAL AGWAGON A COL cert VAL A9CE,COL make VAL BB COL model VAL 26 COL series VAL E COL cert VAL B04CE,0,0.9999970476322871,0,3867,2183,0,1,0,0,1
COL make VAL PIPER COL model VAL PA60 COL series VAL 700P COL name VAL AEROSTAR 700P COL cert VAL A17WE,COL make VAL BB COL model VAL 26 COL series VAL Z COL cert VAL B04CE,0,0.9999976369610901,0,7642,2184,0,1,0,0,1
COL make VAL BOEING COL model VAL A314 COL series VAL A314 COL name VAL CLIPPER COL cert VAL TC 704,COL make VAL BB COL model VAL 30 COL series VAL Z COL cert VAL B04CE,0,0.9999970793987866,0,2886,2185,0,1,0,0,1
COL make VAL BOEING COL model VAL 737 COL series VAL 790 COL name VAL No Popular Name COL cert VAL A16WE,COL make VAL BB COL model VAL 34 COL series VAL Z COL cert VAL B04CE,0,0.9999971889897966,0,2242,2186,0,1,0,0,1
COL make VAL BOEING COL model VAL 737 COL series VAL 322 COL name VAL No Popular Name COL cert VAL A16WE,COL make VAL BB COL model VAL 37 COL series VAL Z COL cert VAL B04CE,0,0.9999972494427002,0,2063,2187,0,1,0,0,1
COL make VAL BOEING COL model VAL 737 COL series VAL 210C COL name VAL No Popular Name COL cert VAL A16WE,COL make VAL BB COL model VAL 40 COL series VAL Z COL cert VAL B04CE,0,0.9999970577664602,0,1922,2188,0,1,0,0,1
COL make VAL GULFSTREAM COL model VAL GVIII COL series VAL G700 COL name VAL No Popular Name COL cert VAL T00015AT,COL make VAL BB COL model VAL 42 COL series VAL Z COL cert VAL B04CE,0,0.999996893033016,0,15470,2189,0,1,0,0,1
COL make VAL CESSNA COL model VAL 510 COL series VAL 510 COL name VAL CITATION MUSTANG COL cert VAL A00014WI,COL make VAL BB COL model VAL 51 COL series VAL Z COL cert VAL B04CE,0,0.9999972146344063,0,3839,2190,0,1,0,0,1
COL make VAL BOEING COL model VAL 737 COL series VAL 7BC COL name VAL No Popular Name COL cert VAL A16WE,COL make VAL BB COL model VAL 60 COL series VAL Z COL cert VAL B04CE,0,0.9999970634625777,0,2262,2191,0,1,0,0,1
COL make VAL STINSON COL model VAL SM6000 COL series VAL SM6000 COL name VAL AIRLINER COL cert VAL ATC 335,COL make VAL BB COL model VAL 70 COL series VAL Z COL cert VAL B04CE,0,0.9999970252228634,0,16100,2192,0,1,0,0,1
COL make VAL GRUMMAN COL model VAL G164 COL series VAL B34T COL name VAL SUPER AG-CAT COL cert VAL 1A16,COL make VAL BB COL model VAL 85 COL series VAL Z COL cert VAL B04CE,0,0.9999971192342537,0,5550,2193,0,1,0,0,1
COL make VAL STINSON COL model VAL SR7 COL series VAL B COL name VAL RELIANT COL cert VAL ATC 594,COL make VAL LA COL model VAL 4 COL series VAL 250 COL cert VAL 1A13,0,0.9999972184741304,0,22194,2194,0,1,0,0,1
COL make VAL LEARJET COL model VAL 55 COL series VAL 55 COL name VAL No Popular Name COL cert VAL A10CE,COL make VAL LA COL model VAL 4 COL series VAL 200 COL cert VAL 1A13,0,0.9999970968409284,0,6359,2195,0,1,0,0,1
COL make VAL HUGHES COL model VAL 369 COL series VAL HM COL name VAL 500 COL cert VAL H3WE,COL make VAL LA COL model VAL 4 COL series VAL A COL cert VAL 1A13,0,0.9999967229148051,0,5887,2196,0,1,0,0,1
COL make VAL PIPER COL model VAL PA46 COL series VAL 500TP COL name VAL MALIBU MERIDIAN COL cert VAL A25SO,COL make VAL LA COL model VAL 4 COL series VAL P COL cert VAL 1A13,0,0.9999972058240841,0,7635,2197,0,1,0,0,1
COL make VAL DOUGLAS COL model VAL A20 COL series VAL G COL name VAL HAVOC COL cert VAL TC L-9,COL make VAL LA COL model VAL 4 COL series VAL 4 COL cert VAL 1A13,0,0.9999969976883432,0,4689,2198,0,1,0,0,1
COL make VAL CESSNA COL model VAL TU206 COL series VAL E COL name VAL TURBO SKYWAGON COL cert VAL A4CE,COL make VAL SKY COL model VAL 105 COL series VAL 24 COL cert VAL B01CE,0,0.9999976589476025,0,4004,2199,0,1,0,0,1
COL make VAL LEARJET COL model VAL 24 COL series VAL B COL name VAL No Popular Name COL cert VAL A10CE,COL make VAL LC COL model VAL LC40 COL series VAL 550FG COL name VAL COLUMBIA300 COL cert VAL A00003SE,0,0.9999973587797527,0,6339,2200,0,1,0,0,1
COL make VAL BOEING COL model VAL 737 COL series VAL 332 COL name VAL No Popular Name COL cert VAL A16WE,COL make VAL LC COL model VAL LC42 COL series VAL 550FG COL name VAL COLUMBIA350 COL cert VAL A00003SE,0,0.9999973652214186,0,2067,2201,0,1,0,0,1
COL make VAL BOEING COL model VAL 737 COL series VAL 55S COL name VAL No Popular Name COL cert VAL A16WE,COL make VAL LC COL model VAL T240 COL series VAL T240 COL name VAL COLUMBIAT240 COL cert VAL A00003SE,0,0.9999973072386702,0,2181,2202,0,1,0,0,1
COL make VAL PIPER COL model VAL PA36 COL series VAL 285 COL name VAL PAWNEE BRAVE COL cert VAL A9SO,COL make VAL L COL model VAL 286 COL series VAL 286 COL cert VAL H5WE,0,0.9999973085133856,0,7617,2203,0,1,0,0,1
COL make VAL PIPER COL model VAL PA20S COL series VAL PA20S COL name VAL PACER COL cert VAL 1A4,COL make VAL LR COL model VAL 23 COL series VAL 23 COL name VAL LEARJET COL cert VAL A5CE,0,0.9999975276250164,0,7524,2204,0,1,0,0,1
COL make VAL PIPER COL model VAL PA46R COL series VAL 350T COL name VAL MALIBU MATRIX COL cert VAL A25SO,COL make VAL LR COL model VAL 24 COL series VAL 24 COL name VAL LEARJET COL cert VAL A10CE,0,0.9999975520369668,0,7636,2205,0,1,0,0,1
COL make VAL AERO COMMANDER COL model VAL 695 COL series VAL 695 COL name VAL JETPROP 980 COL cert VAL 2A4,COL make VAL LR COL model VAL 24 COL series VAL A COL name VAL LEARJET COL cert VAL A10CE,0,0.9999976548818672,0,98,2206,0,1,0,0,1
COL make VAL BRANTLY COL model VAL B2 COL series VAL A COL name VAL No Popular Name COL cert VAL 2H2,COL make VAL LR COL model VAL 24 COL series VAL D COL name VAL LEARJET COL cert VAL A10CE,0,0.9999970907809369,0,2965,2207,0,1,0,0,1
COL make VAL PIPER COL model VAL PA46R COL series VAL 350T COL name VAL MALIBU MATRIX COL cert VAL A25SO,COL make VAL LR COL model VAL 24 COL series VAL B COL name VAL LEARJET COL cert VAL A10CE,0,0.9999975663315624,0,7636,2208,0,1,0,0,1
COL make VAL SCHEIBE COL model VAL BERGFALKE II COL series VAL 55 COL name VAL No Popular Name COL cert VAL EASA.A.099,COL make VAL LR COL model VAL 24 COL series VAL BA COL name VAL LEARJET COL cert VAL A10CE,0,0.999997478011835,0,8112,2209,0,1,0,0,1
COL make VAL THRUSH COL model VAL S2R COL series VAL H80 COL name VAL THRUSH 510G COL cert VAL A4SW,COL make VAL LR COL model VAL 24 COL series VAL C COL name VAL LEARJET COL cert VAL A10CE,0,0.9999975179247674,0,11519,2210,0,1,0,0,1
COL make VAL CAMERON COL model VAL O77 COL series VAL O77 COL name VAL No Popular Name COL cert VAL B1GL,COL make VAL LR COL model VAL 25 COL series VAL B COL name VAL LEARJET COL cert VAL A10CE,0,0.9999975768550117,0,3386,2211,0,1,0,0,1
COL make VAL WACO COL model VAL ZQC COL series VAL 6 COL name VAL No Popular Name COL cert VAL TC 598,COL make VAL LR COL model VAL 25 COL series VAL C COL name VAL LEARJET COL cert VAL A10CE,0,0.9999975721257972,0,9557,2212,0,1,0,0,1
COL make VAL IAI COL model VAL 1125 COL series VAL 1125 COL name VAL WESTWIND ASTRA COL cert VAL A5IL,COL make VAL LR COL model VAL 25 COL series VAL D COL name VAL LEARJET COL cert VAL A10CE,0,0.9999975733283472,0,5913,2213,0,1,0,0,1
COL make VAL LAISTER KAUFFMANN COL model VAL LK10 COL series VAL A COL name VAL YANKEE DOODLE 2 COL cert VAL G-15,COL make VAL LR COL model VAL 25 COL series VAL 25 COL name VAL LEARJET COL cert VAL A10CE,0,0.9999976380155228,0,21590,2214,0,1,0,0,1
COL make VAL SIKORSKY COL model VAL HO5S COL series VAL 1 COL name VAL No Popular Name COL cert VAL 1H2,COL make VAL LR COL model VAL 28 COL series VAL 28 COL name VAL LEARJET COL cert VAL A10CE,0,0.9999973176241692,0,8447,2215,0,1,0,0,1
COL make VAL SIKORSKY COL model VAL S61 COL series VAL D COL name VAL No Popular Name COL cert VAL H2EA,COL make VAL LR COL model VAL 31 COL series VAL A COL cert VAL A10CE,0,0.9999975001151367,0,11411,2216,0,1,0,0,1
COL make VAL CESSNA COL model VAL TU206 COL series VAL A COL name VAL TURBO SKYWAGON COL cert VAL A4CE,COL make VAL LR COL model VAL 31 COL series VAL 31 COL name VAL LEARJET COL cert VAL A10CE,0,0.9999974743328838,0,4000,2217,0,1,0,0,1
COL make VAL SIKORSKY COL model VAL UH60 COL series VAL A COL name VAL BLACK HAWK COL cert VAL R00113SE,COL make VAL LR COL model VAL 35 COL series VAL 35AC21A COL cert VAL A10CE,0,0.9999975734810829,0,25973,2218,0,1,0,0,1
COL make VAL LOCKHEED COL model VAL 382 COL series VAL B COL name VAL L100 COL cert VAL A1SO,COL make VAL LR COL model VAL 35 COL series VAL A COL name VAL LEARJET COL cert VAL A10CE,0,0.9999977707796227,0,6539,2219,0,1,0,0,1
COL make VAL WACO COL model VAL VKS COL series VAL 7 COL name VAL No Popular Name COL cert VAL ATC 648,COL make VAL LR COL model VAL 35 COL series VAL 35 COL name VAL LEARJET COL cert VAL A10CE,0,0.9999973262362484,0,9536,2220,0,1,0,0,1
COL make VAL PIPER COL model VAL PA46 COL series VAL 500TP COL name VAL MALIBU MERIDIAN COL cert VAL A25SO,COL make VAL LR COL model VAL 36 COL series VAL A COL name VAL LEARJET COL cert VAL A10CE,0,0.9999975182727047,0,7635,2221,0,1,0,0,1
COL make VAL LAVIASA COL model VAL PA25 COL series VAL 260 COL name VAL PUELCHE COL cert VAL AV-0004,COL make VAL LR COL model VAL 36 COL series VAL 36 COL name VAL LEARJET COL cert VAL A10CE,0,0.9999974494403795,0,7489,2222,0,1,0,0,1
COL make VAL CESSNA COL model VAL T207 COL series VAL T207 COL name VAL TURBO SKYWAGON COL cert VAL A16CE,COL make VAL LR COL model VAL 45 COL series VAL 45 COL name VAL LEARJET COL cert VAL T00008WI,0,0.9999973727750958,0,3965,2223,0,1,0,0,1
COL make VAL BOEING COL model VAL 767 COL series VAL 341 COL name VAL No Popular Name COL cert VAL A1NM,COL make VAL LR COL model VAL 45 COL series VAL 70 COL name VAL LEARJET COL cert VAL T00008WI,0,0.9999965838997615,0,2769,2224,0,1,0,0,1
COL make VAL BOEING COL model VAL 707 COL series VAL 344B COL name VAL No Popular Name COL cert VAL 4A26,COL make VAL LR COL model VAL 45 COL series VAL 75 COL name VAL LEARJET COL cert VAL T00008WI,0,0.9999970297075503,0,1637,2225,0,1,0,0,1
COL make VAL PIPER COL model VAL PA34 COL series VAL 200T COL name VAL SENECA II COL cert VAL A7SO,COL make VAL LR COL model VAL 45 COL series VAL 40 COL name VAL LEARJET COL cert VAL T00009WI,0,0.9999970834471887,0,7612,2226,0,1,0,0,1
COL make VAL SCHLEICHER COL model VAL ASH25 COL series VAL M COL name VAL ASH25 MI COL cert VAL EASA.A.213,COL make VAL LR COL model VAL 55 COL series VAL B COL name VAL LEARJET COL cert VAL A10CE,0,0.9999975897201013,0,8216,2227,0,1,0,0,1
COL make VAL TAYLORCRAFT COL model VAL BCS12 COL series VAL D1 COL name VAL No Popular Name COL cert VAL A-696,COL make VAL LR COL model VAL 55 COL series VAL C COL cert VAL A10CE,0,0.9999974417863265,0,8929,2228,0,1,0,0,1
COL make VAL DAVIS COL model VAL D1 COL series VAL D1 COL name VAL No Popular Name COL cert VAL ATC 256,COL make VAL LR COL model VAL 55 COL series VAL 55 COL name VAL LEARJET COL cert VAL A10CE,0,0.9999972350356015,0,21943,2229,0,1,0,0,1
COL make VAL PIPER COL model VAL AE1 COL series VAL AE1 COL name VAL CUB CRUISER COL cert VAL A-725,COL make VAL LR COL model VAL 60 COL series VAL 60 COL cert VAL A10CE,0,0.9999971883262252,0,7445,2230,0,1,0,0,1
COL make VAL BOEING COL model VAL 737 COL series VAL 297 COL name VAL No Popular Name COL cert VAL A16WE,COL make VAL LET COL model VAL 13 COL series VAL 13 COL name VAL BLANIK COL cert VAL G24EU,0,0.9999971484442244,0,1968,2231,0,1,0,0,1
COL make VAL MORRISEY COL model VAL 2150 COL series VAL 2150 COL name VAL No Popular Name COL cert VAL 4A19,COL make VAL LET COL model VAL 23 COL series VAL 23 COL name VAL BLANIK COL cert VAL G60EU,0,0.9999971714377706,0,7079,2232,0,1,0,0,1
COL make VAL MEYERS COL model VAL MAC125 COL series VAL C COL name VAL No Popular Name COL cert VAL 3A1,COL make VAL LET COL model VAL 33 COL series VAL 33 COL name VAL SOLO COL cert VAL G71EU,0,0.9999973159020114,0,6867,2235,0,1,0,0,1
COL make VAL STINSON COL model VAL SR10 COL series VAL G3 COL name VAL RELIANT COL cert VAL TC 678,COL make VAL LET COL model VAL 410 COL series VAL UVP COL cert VAL A42CE,0,0.9999977649106789,0,22185,2236,0,1,0,0,1
COL make VAL PIPER COL model VAL L21 COL series VAL A COL name VAL SUPER CUB COL cert VAL 1A2,COL make VAL LET COL model VAL 410 COL series VAL UVPE COL cert VAL A42CE,0,0.9999975517976635,0,7479,2237,0,1,0,0,1
COL make VAL STINSON COL model VAL SR10 COL series VAL F COL name VAL RELIANT COL cert VAL TC 685,COL make VAL LET COL model VAL 410 COL series VAL NG COL cert VAL A42CE,0,0.9999976281411223,0,22380,2238,0,1,0,0,1
COL make VAL BOEING COL model VAL 737 COL series VAL 7DP COL name VAL No Popular Name COL cert VAL A16WE,COL make VAL LKHEED COL model VAL 10 COL series VAL A COL cert VAL 551,0,0.9999972158188749,0,2279,2239,0,1,0,0,1
COL make VAL BOEING COL model VAL 720 COL series VAL 048 COL name VAL No Popular Name COL cert VAL 4A28,COL make VAL LKHEED COL model VAL 10 COL series VAL B COL cert VAL 584,0,0.9999965376606493,0,1705,2240,0,1,0,0,1
COL make VAL GALAXY COL model VAL GALAXY 7 COL series VAL GALAXY 7 COL name VAL No Popular Name COL cert VAL A10NM,COL make VAL LKHEED COL model VAL 10 COL series VAL E COL cert VAL 590,0,0.9999973165751407,0,5363,2241,0,1,0,0,1
COL make VAL BOEING COL model VAL 737 COL series VAL 8EH COL name VAL No Popular Name COL cert VAL A16WE,COL make VAL L COL model VAL 1049 COL series VAL 54 COL cert VAL 6A5,0,0.9999974691851604,0,2385,2242,0,1,0,0,1
COL make VAL LANCAIR COL model VAL LC40 COL series VAL 550FG COL name VAL COLUMBIA 300 COL cert VAL A00003SE,COL make VAL L COL model VAL 1049 COL series VAL B55 COL cert VAL 6A5,0,0.9999975706168482,0,6322,2243,0,1,0,0,1
COL make VAL PIPER COL model VAL PA16S COL series VAL PA16S COL name VAL CLIPPER COL cert VAL 1A1,COL make VAL L COL model VAL 1049 COL series VAL C55 COL cert VAL 6A5,0,0.9999973468588877,0,7500,2244,0,1,0,0,1
COL make VAL BALLOON WORKS COL model VAL FIREFLY 6B COL series VAL FIREFLY 6B COL name VAL No Popular Name COL cert VAL A14SO,COL make VAL L COL model VAL 1049 COL series VAL F55 COL cert VAL 6A5,0,0.9999975573889088,0,1068,2245,0,1,0,0,1
COL make VAL CESSNA COL model VAL 182 COL series VAL Q COL name VAL SKYLANE COL cert VAL 3A13,COL make VAL L COL model VAL 1049 COL series VAL G82 COL cert VAL 6A5,0,0.9999974954499322,0,3722,2246,0,1,0,0,1
COL make VAL CESSNA COL model VAL 150 COL series VAL E COL name VAL No Popular Name COL cert VAL 3A19,COL make VAL L COL model VAL 1049 COL series VAL H82 COL cert VAL 6A5,0,0.9999974837056019,0,3656,2247,0,1,0,0,1
COL make VAL ROCKWELL COL model VAL 690 COL series VAL A COL name VAL COMMANDER 690A COL cert VAL 2A4,COL make VAL LKHEED COL model VAL 12A COL series VAL 12A COL cert VAL 616,0,0.999996978221469,0,7989,2248,0,1,0,0,1
COL make VAL NORTH AMERICAN COL model VAL SNJ COL series VAL 3 COL name VAL TEXAN COL cert VAL A-2-575,COL make VAL L COL model VAL 1329 COL series VAL 23A COL cert VAL 2A15,0,0.9999977864868472,0,7227,2249,0,1,0,0,1
COL make VAL GOODYEAR COL model VAL GA2 COL series VAL B COL name VAL DUCK COL cert VAL A-784,COL make VAL L COL model VAL 1329 COL series VAL 23D COL name VAL JETSTAR COL cert VAL 2A15,0,0.9999976395782814,0,21337,2250,0,1,0,0,1
COL make VAL GRUMMAN COL model VAL F8F COL series VAL 1 COL name VAL BEARCAT COL cert VAL LTC-23,COL make VAL L COL model VAL 1329 COL series VAL 23E COL name VAL JETSTAR COL cert VAL 2A15,0,0.9999977745255766,0,5525,2251,0,1,0,0,1
COL make VAL AERO COMMANDER COL model VAL 500 COL series VAL U COL name VAL SHRIKE COMMANDER COL cert VAL 6A1,COL make VAL L COL model VAL 1329 COL series VAL 25 COL name VAL JETSTAR II COL cert VAL 2A15,0,0.9999977544513158,0,81,2252,0,1,0,0,1
COL make VAL NATIONAL BALLOONING COL model VAL 755 COL series VAL 12 COL name VAL No Popular Name COL cert VAL A33CE,COL make VAL LKHEED COL model VAL 14 COL series VAL H COL cert VAL ATC657,0,0.9999972900076362,0,7098,2253,0,1,0,0,1
COL make VAL AEROSTAR INTERNATIONAL COL model VAL S60A COL series VAL S60A COL name VAL No Popular Name COL cert VAL A15CE,COL make VAL LKHEED COL model VAL 14 COL series VAL H2 COL cert VAL ATC657,0,0.9999969109062313,0,301,2254,0,1,0,0,1
COL make VAL MAULE COL model VAL MX7 COL series VAL 180 COL name VAL STAR ROCKET COL cert VAL 3A23,COL make VAL LKHEED COL model VAL 14 COL series VAL N2 COL cert VAL ATC683,0,0.9999968596962215,0,6747,2255,0,1,0,0,1
COL make VAL PIPER COL model VAL L4 COL series VAL A COL name VAL CUB COL cert VAL A-691,COL make VAL LKHEED COL model VAL 14 COL series VAL N3 COL cert VAL ATC683,0,0.9999971570965912,0,7481,2256,0,1,0,0,1
COL make VAL CESSNA COL model VAL T337 COL series VAL E COL name VAL No Popular Name COL cert VAL A6CE,COL make VAL L COL model VAL 49 COL series VAL 14946 COL cert VAL A763,0,0.9999974479464504,0,3982,2257,0,1,0,0,1
COL make VAL BEECH COL model VAL 99 COL series VAL B99 COL name VAL AIRLINER COL cert VAL A14CE,COL make VAL L COL model VAL 1649 COL series VAL A98 COL cert VAL 6A5,0,0.9999973767133088,0,1320,2258,0,1,0,0,1
COL make VAL COLUMBIA COL model VAL XJL1 COL series VAL XJL1 COL name VAL No Popular Name COL cert VAL TC AR-26,COL make VAL L COL model VAL 188 COL series VAL A COL name VAL ELECTRA COL cert VAL 4A22,0,0.9999971796048365,0,4292,2259,0,1,0,0,1
COL make VAL SLINGSBY COL model VAL T59 COL series VAL D COL name VAL KESTREL COL cert VAL EASA.SAS.A.089,COL make VAL L COL model VAL 188 COL series VAL C COL name VAL ELECTRA COL cert VAL 4A22,0,0.9999972892864805,0,8575,2260,0,1,0,0,1
COL make VAL BEECH COL model VAL 23 COL series VAL A23 COL name VAL MUSKETEER II COL cert VAL A1CE,COL make VAL L COL model VAL 382 COL series VAL B COL name VAL HERCULES COL cert VAL A1SO,0,0.9999974296861822,0,1185,2261,0,1,0,0,1
COL make VAL FOKKER COL model VAL F28 COL series VAL 1000 COL name VAL FELLOWSHIP COL cert VAL EASA.A.037,COL make VAL L COL model VAL 382 COL series VAL F COL name VAL HERCULES COL cert VAL A1SO,0,0.9999975902808985,0,5298,2262,0,1,0,0,1
COL make VAL BOEING COL model VAL 737 COL series VAL 2Q8C COL name VAL No Popular Name COL cert VAL A16WE,COL make VAL L COL model VAL 382 COL series VAL E COL name VAL HERCULES COL cert VAL A1S0,0,0.9999976801057275,0,2030,2263,0,1,0,0,1
COL make VAL BOEING COL model VAL 737 COL series VAL 7DP COL name VAL No Popular Name COL cert VAL A16WE,COL make VAL L COL model VAL 382 COL series VAL G COL name VAL HERCULES COL cert VAL A1SO,0,0.9999975510282317,0,2279,2264,0,1,0,0,1
COL make VAL PILATUS COL model VAL PC6 COL series VAL AH2 COL name VAL TURBO PORTER COL cert VAL F56-10,COL make VAL L COL model VAL 382 COL series VAL J COL cert VAL A1SO,0,0.9999975358895299,0,11246,2265,0,1,0,0,1
COL make VAL NATIONAL BALLOONING COL model VAL 755 COL series VAL 12 COL name VAL No Popular Name COL cert VAL A33CE,COL make VAL L COL model VAL 382 COL series VAL 382 COL name VAL HERCULES COL cert VAL A1SO,0,0.9999977072294629,0,7098,2266,0,1,0,0,1
COL make VAL BOEING COL model VAL 727 COL series VAL 251 COL name VAL No Popular Name COL cert VAL A3WE,COL make VAL L COL model VAL 49 COL series VAL 49 COL cert VAL A723,0,0.9999973869355236,0,1787,2267,0,1,0,0,1
COL make VAL CESSNA COL model VAL 680 COL series VAL 680 COL name VAL SOVEREIGN COL cert VAL T00012WI,COL make VAL L COL model VAL 49 COL series VAL 46 COL cert VAL A763,0,0.9999972363629459,0,3854,2268,0,1,0,0,1
COL make VAL MAULE COL model VAL M4 COL series VAL T COL name VAL JETASEN COL cert VAL 3A23,COL make VAL L COL model VAL 49 COL series VAL 64979 COL cert VAL A763,0,0.999996886022007,0,6723,2269,0,1,0,0,1
COL make VAL BOEING COL model VAL 707 COL series VAL 320C COL name VAL No Popular Name COL cert VAL 4A26,COL make VAL L COL model VAL 49 COL series VAL 649A79 COL cert VAL A763,0,0.9999971678991108,0,1611,2270,0,1,0,0,1
COL make VAL BELL COL model VAL AH1 COL series VAL G COL name VAL COBRA COL cert VAL H10NM,COL make VAL L COL model VAL 49 COL series VAL 74979 COL cert VAL A763,0,0.9999966577321151,0,12100,2271,0,1,0,0,1
COL make VAL BOEING COL model VAL 737 COL series VAL 89L COL name VAL No Popular Name COL cert VAL A16WE,COL make VAL L COL model VAL 49 COL series VAL 749A79 COL cert VAL A763,0,0.9999970359894548,0,2362,2272,0,1,0,0,1
COL make VAL BOEING COL model VAL 707 COL series VAL 3M1C COL name VAL No Popular Name COL cert VAL 4A26,COL make VAL P COL model VAL V1 COL series VAL B34 COL cert VAL AL13,0,0.9999970767111344,0,1681,2273,0,1,0,0,1
COL make VAL CESSNA COL model VAL T337 COL series VAL C COL name VAL No Popular Name COL cert VAL A6CE,COL make VAL L COL model VAL 49 COL series VAL C121A COL cert VAL A763,0,0.9999975084929934,0,3980,2274,0,1,0,0,1
COL make VAL LAIRD COL model VAL LC COL series VAL 1B300 COL name VAL COMMERCIAL COL cert VAL ATC 353,COL make VAL L COL model VAL 282 COL series VAL C130B COL name VAL HERCULES COL cert VAL A35NM,0,0.9999971139945057,0,19310,2275,0,1,0,0,1
COL make VAL GRUMMAN COL model VAL G21 COL series VAL G21 COL name VAL GOOSE COL cert VAL TC 654,COL make VAL P COL model VAL 38 COL series VAL E COL cert VAL L103,0,0.9999972862084284,0,5557,2276,0,1,0,0,1
COL make VAL BEECH COL model VAL 95 COL series VAL B95A COL name VAL TRAVEL AIR COL cert VAL 3A16,COL make VAL P COL model VAL 38 COL series VAL F5G COL cert VAL L103,0,0.9999971146095795,0,1313,2277,0,1,0,0,1
COL make VAL BOEING COL model VAL 737 COL series VAL 408 COL name VAL No Popular Name COL cert VAL A16WE,COL make VAL P COL model VAL 2V COL series VAL 5F COL cert VAL A17EA,0,0.9999974682002335,0,2129,2278,0,1,0,0,1
COL make VAL CESSNA COL model VAL 551 COL series VAL 551 COL name VAL CITATION II SP COL cert VAL A27CE,COL make VAL P COL model VAL 38 COL series VAL J COL cert VAL L103,0,0.999997301211234,0,3845,2279,0,1,0,0,1
COL make VAL CESSNA COL model VAL 182 COL series VAL C COL name VAL SKYLANE COL cert VAL 3A13,COL make VAL P COL model VAL 38 COL series VAL L COL cert VAL L103,0,0.9999973135434475,0,3710,2280,0,1,0,0,1
COL make VAL CESSNA COL model VAL 305 COL series VAL E COL name VAL BIRD DOG COL cert VAL 3A14,COL make VAL P COL model VAL 38 COL series VAL M COL cert VAL L103,0,0.9999972900942135,0,3768,2281,0,1,0,0,1
COL make VAL SCHWEIZER COL model VAL SGS2 33 COL series VAL AK COL name VAL No Popular Name COL cert VAL G2EA,COL make VAL P COL model VAL V1 COL series VAL V1 COL cert VAL AL13,0,0.9999971920201252,0,8301,2282,0,1,0,0,1
COL make VAL BOEING COL model VAL 767 COL series VAL 375 COL name VAL No Popular Name COL cert VAL A1NM,COL make VAL P COL model VAL V1 COL series VAL PV2 COL cert VAL AL13,0,0.9999968319818897,0,2783,2283,0,1,0,0,1
COL make VAL MOONEY COL model VAL M18 COL series VAL L COL name VAL MITE COL cert VAL A-803,COL make VAL LKHEED COL model VAL 10 COL series VAL R20 COL cert VAL 551,0,0.9999970482474293,0,7023,2284,0,1,0,0,1
COL make VAL CESSNA COL model VAL 150 COL series VAL F COL name VAL No Popular Name COL cert VAL 3A19,COL make VAL LKHEED COL model VAL 10 COL series VAL UC36A COL cert VAL 551,0,0.9999973334122001,0,3657,2285,0,1,0,0,1
COL make VAL CESSNA COL model VAL T41 COL series VAL C COL name VAL No Popular Name COL cert VAL 3A17,COL make VAL LL COL model VAL 11A COL series VAL 11A COL cert VAL A804,0,0.9999962478932923,0,3990,2286,0,1,0,0,1
COL make VAL AERO COMMANDER COL model VAL 680 COL series VAL V COL name VAL TURBO COMMANDER COL cert VAL 2A4,COL make VAL LUSCMB COL model VAL 4 COL series VAL 4 COL cert VAL 687,0,0.999997283814706,0,7985,2287,0,1,0,0,1
COL make VAL BOEING COL model VAL 737 COL series VAL 376 COL name VAL No Popular Name COL cert VAL A16WE,COL make VAL LL COL model VAL 8 COL series VAL A COL name VAL SILVAIRE COL cert VAL A694,0,0.9999970230517969,0,2086,2288,0,1,0,0,1
COL make VAL WACO COL model VAL AQC COL series VAL 6 COL name VAL No Popular Name COL cert VAL TC 598,COL make VAL LL COL model VAL 8 COL series VAL B COL name VAL SILVAIRE COL cert VAL A694,0,0.9999968400142516,0,9481,2289,0,1,0,0,1
COL make VAL CESSNA COL model VAL 337 COL series VAL B COL name VAL No Popular Name COL cert VAL A6CE,COL make VAL LL COL model VAL 8 COL series VAL C COL name VAL SILVAIRE COL cert VAL A694,0,0.9999971711261898,0,3805,2290,0,1,0,0,1
COL make VAL PILATUS COL model VAL PC6 COL series VAL H2 COL name VAL PORTER COL cert VAL F56-10,COL make VAL LL COL model VAL 8 COL series VAL D COL name VAL SILVAIRE COL cert VAL A694,0,0.9999970117324091,0,11251,2291,0,1,0,0,1
COL make VAL BOEING COL model VAL 737 COL series VAL 522 COL name VAL No Popular Name COL cert VAL A16WE,COL make VAL LL COL model VAL 8 COL series VAL E COL name VAL SILVAIRE COL cert VAL A694,0,0.9999971599134833,0,2170,2292,0,1,0,0,1
COL make VAL BOEING COL model VAL 737 COL series VAL 86N COL name VAL No Popular Name COL cert VAL A16WE,COL make VAL LL COL model VAL 8 COL series VAL F COL name VAL SILVAIRE COL cert VAL A694,0,0.9999969948079959,0,2355,2293,0,1,0,0,1
COL make VAL ERICKSON AIR CRANE COL model VAL S64 COL series VAL F COL name VAL SKYCRANE COL cert VAL H6EA,COL make VAL LL COL model VAL 8 COL series VAL 8 COL name VAL SILVAIRE COL cert VAL A694,0,0.9999967239100498,0,5008,2294,0,1,0,0,1
COL make VAL ERICKSON AIR CRANE COL model VAL S64 COL series VAL E COL name VAL SKYCRANE COL cert VAL H6EA,COL make VAL LUSCMB COL model VAL 1 COL series VAL PHANTOM1 COL cert VAL ATC552,0,0.9999972097690887,0,5007,2295,0,1,0,0,1
COL make VAL BOEING COL model VAL 707 COL series VAL 321C COL name VAL No Popular Name COL cert VAL 4A26,COL make VAL M COL model VAL 202 COL series VAL A COL cert VAL A795,0,0.9999970550645183,0,1614,2296,0,1,0,0,1
COL make VAL BOEING COL model VAL 747 COL series VAL 481F COL name VAL No Popular Name COL cert VAL A20WE,COL make VAL M COL model VAL 202 COL series VAL 202 COL cert VAL A795,0,0.9999964852459194,0,2592,2297,0,1,0,0,1
COL make VAL CESSNA COL model VAL T182 COL series VAL T182 COL name VAL No Popular Name COL cert VAL 3A13,COL make VAL M COL model VAL 404 COL series VAL 404 COL cert VAL 1A7,0,0.9999972869679197,0,3961,2298,0,1,0,0,1
COL make VAL FOKKER COL model VAL F28 COL series VAL 1000 COL name VAL FELLOWSHIP COL cert VAL EASA.A.037,COL make VAL M COL model VAL B26 COL series VAL C COL cert VAL AL33,0,0.9999968951819475,0,5298,2299,0,1,0,0,1
COL make VAL PIPER COL model VAL J4 COL series VAL A COL name VAL CUB COUPE COL cert VAL A-703,COL make VAL M COL model VAL 4 COL series VAL 180C COL cert VAL 3A23,0,0.9999974398985252,0,7467,2300,0,1,0,0,1
COL make VAL PIPER COL model VAL J5A COL series VAL 80 COL name VAL CUB CRUISER COL cert VAL A-725,COL make VAL M COL model VAL 4 COL series VAL 210 COL cert VAL 3A23,0,0.9999975406447659,0,7473,2301,0,1,0,0,1
COL make VAL WACO COL model VAL AVN COL series VAL 8 COL name VAL MODEL N COL cert VAL TC 677,COL make VAL M COL model VAL 4 COL series VAL 210C COL cert VAL 3A23,0,0.9999974007829142,0,9485,2302,0,1,0,0,1
COL make VAL STEARMAN COL model VAL B75 COL series VAL B75 COL name VAL KAYDET COL cert VAL A-743,COL make VAL M COL model VAL 4 COL series VAL 210S COL cert VAL 3A23,0,0.9999974979828692,0,8713,2303,0,1,0,0,1
COL make VAL SCHWEIZER COL model VAL SGS1 35 COL series VAL C COL name VAL No Popular Name COL cert VAL G4EA,COL make VAL M COL model VAL 4 COL series VAL 220C COL name VAL ROCKET COL cert VAL 3A23,0,0.9999975369784926,0,8296,2304,0,1,0,0,1
COL make VAL PITCAIRN COL model VAL PA7 COL series VAL S COL name VAL SUPER SPORT MAILWING COL cert VAL ATC 196,COL make VAL M COL model VAL 4 COL series VAL C COL cert VAL 3A23,0,0.9999973242351087,0,7650,2305,0,1,0,0,1
COL make VAL STINSON COL model VAL SR10 COL series VAL G3 COL name VAL RELIANT COL cert VAL TC 678,COL make VAL M COL model VAL 4 COL series VAL S COL cert VAL 3A23,0,0.9999975309190728,0,22185,2306,0,1,0,0,1
COL make VAL PIPER COL model VAL PA18S COL series VAL 105 SPECIAL COL name VAL SUPER CUB COL cert VAL 1A2,COL make VAL M COL model VAL 4 COL series VAL T COL cert VAL 3A23,0,0.9999974572909959,0,7512,2307,0,1,0,0,1
COL make VAL CONSOLIDATED VULTEE COL model VAL 28 COL series VAL 5ACF COL name VAL CATALINA COL cert VAL TC 785,COL make VAL M COL model VAL 4 COL series VAL 4 COL cert VAL 3A23,0,0.9999971545157171,0,4307,2308,0,1,0,0,1
COL make VAL ARCTIC COL model VAL S1B COL series VAL 2 COL name VAL ARCTIC TERN COL cert VAL A-754,COL make VAL M COL model VAL 5 COL series VAL 180C COL cert VAL 3A23,0,0.9999974189900814,0,641,2309,0,1,0,0,1
COL make VAL CESSNA COL model VAL 150 COL series VAL E COL name VAL No Popular Name COL cert VAL 3A19,COL make VAL M COL model VAL 5 COL series VAL 200 COL cert VAL 3A23,0,0.9999973676136921,0,3656,2310,0,1,0,0,1
COL make VAL BAC COL model VAL ONE ELEVEN COL series VAL 401AK COL name VAL No Popular Name COL cert VAL NOT CERTIFICATED,COL make VAL M COL model VAL 5 COL series VAL 210C COL cert VAL 3A23,0,0.9999973158648946,0,929,2311,0,1,0,0,1
COL make VAL TAYLORCRAFT COL model VAL BL12 COL series VAL 65 COL name VAL DELUXE COL cert VAL A-700,COL make VAL M COL model VAL 5 COL series VAL 210TC COL cert VAL 3A23,0,0.99999745377123,0,8942,2312,0,1,0,0,1
COL make VAL BIEMOND COL model VAL TEAL CB1 COL series VAL TEAL CB1 COL name VAL No Popular Name COL cert VAL A15WE,COL make VAL M COL model VAL 5 COL series VAL 220C COL cert VAL 3A23,0,0.9999972867259923,0,21870,2313,0,1,0,0,1
COL make VAL MITSUBISHI COL model VAL MU2B COL series VAL 25 COL name VAL MARQUISE COL cert VAL NOT IDENTIFIED,COL make VAL M COL model VAL 5 COL series VAL 235C COL name VAL LUNAR ROCKET COL cert VAL 3A23,0,0.9999975068898118,0,6992,2314,0,1,0,0,1
COL make VAL PIPER COL model VAL PA60 COL series VAL 601 COL name VAL AEROSTAR 601 COL cert VAL A17WE,COL make VAL M COL model VAL 6 COL series VAL 180 COL cert VAL 3A23,0,0.9999975342040374,0,7639,2315,0,1,0,0,1
COL make VAL SIKORSKY COL model VAL S61 COL series VAL L COL name VAL No Popular Name COL cert VAL H8EA,COL make VAL M COL model VAL 6 COL series VAL 235 COL name VAL SUPER ROCKET COL cert VAL 3A23,0,0.9999972788340845,0,21316,2316,0,1,0,0,1
COL make VAL STINSON COL model VAL SR10 COL series VAL K COL name VAL RELIANT COL cert VAL TC 679,COL make VAL M COL model VAL 7 COL series VAL 260C COL name VAL ORION COL cert VAL 3A23,0,0.9999975910345515,0,22190,2317,0,1,0,0,1
COL make VAL CESSNA COL model VAL A185 COL series VAL E COL name VAL SKYWAGON COL cert VAL 3A24,COL make VAL M COL model VAL 7 COL series VAL 420AC COL cert VAL 3A23,0,0.999997552181705,0,3865,2318,0,1,0,0,1
COL make VAL BEECH COL model VAL 55 COL series VAL D55 COL name VAL BARON COL cert VAL 3A16,COL make VAL MX COL model VAL 7 COL series VAL 180 COL name VAL STAR ROCKET COL cert VAL 3A23,0,0.9999975559174182,0,1270,2319,0,1,0,0,1
COL make VAL SCHWEIZER COL model VAL SGS2 33 COL series VAL AK COL name VAL No Popular Name COL cert VAL G2EA,COL make VAL MXT COL model VAL 7 COL series VAL 180 COL cert VAL 3A23,0,0.999997615942695,0,8301,2320,0,1,0,0,1
COL make VAL LEARJET COL model VAL 24 COL series VAL D COL name VAL No Popular Name COL cert VAL A10CE,COL make VAL MBB COL model VAL BK117 COL series VAL A3 COL name VAL SPACE SHIP COL cert VAL H13EU,0,0.9999966366399958,0,6341,2321,0,1,0,0,1
COL make VAL CESSNA COL model VAL LC41 COL series VAL 550FG COL name VAL CORVALIS TT COL cert VAL A00003SE,COL make VAL MBB COL model VAL BK117 COL series VAL A4 COL name VAL SPACE SHIP COL cert VAL H13EU,0,0.9999973250719688,0,3932,2322,0,1,0,0,1
COL make VAL SCHWEIZER COL model VAL SGS2 32 COL series VAL SGS2 32 COL name VAL No Popular Name COL cert VAL G1EA,COL make VAL MBB COL model VAL BK117 COL series VAL B1 COL name VAL SPACE SHIP COL cert VAL H13EU,0,0.9999968285554534,0,8299,2323,0,1,0,0,1
COL make VAL PIPER COL model VAL J3C COL series VAL 65 COL name VAL CUB COL cert VAL A-691,COL make VAL MBB COL model VAL BK117 COL series VAL C2 COL cert VAL H13EU,0,0.9999968323081675,0,7453,2324,0,1,0,0,1
COL make VAL GRUMMAN COL model VAL G164 COL series VAL B34T COL name VAL SUPER AG-CAT COL cert VAL 1A16,COL make VAL BO COL model VAL 105S COL series VAL CBS5 COL cert VAL H3EU,0,0.9999972010034377,0,5550,2325,0,1,0,0,1
COL make VAL BOEING COL model VAL 737 COL series VAL 7BJ COL name VAL No Popular Name COL cert VAL A16WE,COL make VAL HFB COL model VAL 320 COL series VAL 320 COL cert VAL A14EU,0,0.9999971834659894,0,2266,2326,0,1,0,0,1
COL make VAL LOCKHEED COL model VAL 382 COL series VAL 382 COL name VAL HERCULES COL cert VAL A1SO,COL make VAL AERORS COL model VAL J2 COL series VAL J2 COL name VAL GYROPLANE COL cert VAL H6WE,0,0.999997479200901,0,6544,2327,0,1,0,0,1
COL make VAL PILATUS COL model VAL PC6 COL series VAL A COL name VAL TURBO PORTER COL cert VAL F56-10,COL make VAL MC COL model VAL 4 COL series VAL C COL cert VAL 6H3,0,0.9999965055916107,0,7438,2328,0,1,0,0,1
COL make VAL SIKORSKY COL model VAL H19 COL series VAL A COL name VAL CHICKASAW COL cert VAL HR1SO,COL make VAL MD COL model VAL 369 COL series VAL F COL cert VAL H3WE,0,0.9999973723854599,0,21355,2329,0,1,0,0,1
COL make VAL BEECH COL model VAL AT7 COL series VAL A COL name VAL NAVIGATOR COL cert VAL A-757,COL make VAL HU COL model VAL 369 COL series VAL F COL cert VAL H3WE,0,0.9999969950945786,0,1324,2330,0,1,0,0,1
COL make VAL CAMAIR COL model VAL 480 COL series VAL 480 COL name VAL TWIN NAVION COL cert VAL 2A2,COL make VAL HU COL model VAL 369 COL series VAL FF COL cert VAL H3WE,0,0.9999972265093533,0,16648,2331,0,1,0,0,1
COL make VAL BOEING COL model VAL 747 COL series VAL 267B COL name VAL No Popular Name COL cert VAL A20WE,COL make VAL MD COL model VAL 369 COL series VAL FF COL cert VAL H3WE,0,0.9999970713479588,0,2495,2332,0,1,0,0,1
COL make VAL KINNER COL model VAL SPORTSTER COL series VAL K COL name VAL No Popular Name COL cert VAL ATC 490,COL make VAL MD COL model VAL 500 COL series VAL N COL cert VAL H3WE,0,0.9999966090581496,0,21579,2333,0,1,0,0,1
COL make VAL CESSNA COL model VAL P210 COL series VAL N COL name VAL PRESSURIZED CENTURION COL cert VAL 3A21,COL make VAL HU COL model VAL 500 COL series VAL N COL name VAL HUGHES 500 COL cert VAL H3WE,0,0.9999974872846352,0,3949,2334,0,1,0,0,1
COL make VAL PIPER COL model VAL PA36 COL series VAL 300 COL name VAL PAWNEE BRAVE 300 COL cert VAL A9SO,COL make VAL MD COL model VAL 600 COL series VAL N COL cert VAL H3WE,0,0.999997142851642,0,7619,2335,0,1,0,0,1
COL make VAL BEECH COL model VAL JU21 COL series VAL A COL name VAL UTE COL cert VAL 3A20,COL make VAL HU COL model VAL 600 COL series VAL N COL name VAL HUGHES 600N COL cert VAL H3WE,0,0.9999973449795297,0,1397,2336,0,1,0,0,1
COL make VAL BOEING COL model VAL 767 COL series VAL 316F COL name VAL No Popular Name COL cert VAL A1NM,COL make VAL DC COL model VAL 10 COL series VAL 10 COL cert VAL A22WE,0,0.9999966227628954,0,2752,2337,0,1,0,0,1
COL make VAL STINSON COL model VAL SR7 COL series VAL B COL name VAL RELIANT COL cert VAL ATC 594,COL make VAL DC COL model VAL 10 COL series VAL 10F COL cert VAL A22WE,0,0.9999970340921372,0,22194,2338,0,1,0,0,1
COL make VAL CESSNA COL model VAL 182 COL series VAL P COL name VAL SKYLANE COL cert VAL 3A13,COL make VAL MD COL model VAL 10 COL series VAL 10 COL cert VAL A22WE,0,0.9999970476139859,0,3721,2339,0,1,0,0,1
COL make VAL MOONEY COL model VAL M20A COL series VAL M20A COL name VAL MARK 20A COL cert VAL 2A3,COL make VAL MD COL model VAL 10 COL series VAL 10F COL cert VAL A22WE,0,0.9999969632467604,0,7026,2340,0,1,0,0,1
COL make VAL BEECH COL model VAL 33 COL series VAL E33C COL name VAL BONANZA COL cert VAL 3A15,COL make VAL DC COL model VAL 10 COL series VAL 15 COL cert VAL A22WE,0,0.9999969562084193,0,1206,2341,0,1,0,0,1
COL make VAL STINSON COL model VAL AT19 COL series VAL AT19 COL name VAL No Popular Name COL cert VAL A-774,COL make VAL DC COL model VAL 10 COL series VAL 30 COL cert VAL A22WE,0,0.9999971067827375,0,8760,2342,0,1,0,0,1
COL make VAL HELIO COL model VAL H395 COL series VAL A COL name VAL SUPER COURIER COL cert VAL 1A8,COL make VAL MD COL model VAL 10 COL series VAL 30F COL cert VAL A22WE,0,0.9999974613119517,0,5752,2343,0,1,0,0,1
COL make VAL CESSNA COL model VAL T207 COL series VAL T207 COL name VAL TURBO SKYWAGON COL cert VAL A16CE,COL make VAL DC COL model VAL 10 COL series VAL 30F COL cert VAL A22WE,0,0.9999971132898307,0,3965,2344,0,1,0,0,1
COL make VAL GOODYEAR COL model VAL GA2 COL series VAL B COL name VAL DUCK COL cert VAL A-784,COL make VAL DC COL model VAL 10 COL series VAL 40 COL cert VAL A22WE,0,0.9999973674655724,0,21337,2345,0,1,0,0,1
COL make VAL BEECH COL model VAL 55 COL series VAL 95A55 COL name VAL BARON COL cert VAL 3A16,COL make VAL DC COL model VAL 10 COL series VAL 40F COL cert VAL A22WE,0,0.9999971937963434,0,1264,2346,0,1,0,0,1
COL make VAL BELL COL model VAL UH1 COL series VAL H COL name VAL IROQUOIS COL cert VAL R00007DE,COL make VAL MD COL model VAL 11 COL series VAL 11F COL cert VAL A22WE,0,0.9999967592354032,0,12418,2347,0,1,0,0,1
COL make VAL STINSON COL model VAL SR10 COL series VAL G COL name VAL RELIANT COL cert VAL TC 678,COL make VAL MD COL model VAL 11 COL series VAL 11 COL cert VAL A22WE,0,0.9999972549274326,0,22183,2348,0,1,0,0,1
COL make VAL CESSNA COL model VAL FR172 COL series VAL G COL name VAL REIMS ROCKET COL cert VAL A18EU,COL make VAL MD COL model VAL 88 COL series VAL 88 COL cert VAL A6WE,0,0.9999974617803866,0,3915,2349,0,1,0,0,1
COL make VAL BOEING COL model VAL 707 COL series VAL 338C COL name VAL No Popular Name COL cert VAL 4A26,COL make VAL MD COL model VAL 90 COL series VAL 30 COL cert VAL A6WE,0,0.9999973601295152,0,1633,2351,0,1,0,0,1
COL make VAL AERO COMMANDER COL model VAL 690 COL series VAL D COL name VAL JETPROP 900 COL cert VAL 2A4,COL make VAL DC COL model VAL 9 COL series VAL 30 COL cert VAL A6WE,0,0.9999974901298349,0,95,2352,0,1,0,0,1
COL make VAL BOEING COL model VAL 707 COL series VAL 131B COL name VAL No Popular Name COL cert VAL 4A21,COL make VAL MDHS COL model VAL MD COL series VAL 900 COL cert VAL H19NM,0,0.9999970623561747,0,1602,2353,0,1,0,0,1
COL make VAL PIPER COL model VAL PA20S COL series VAL 135 COL name VAL PACER COL cert VAL 1A4,COL make VAL MCKINN COL model VAL G21 COL series VAL D COL name VAL TURBO GOOSE COL cert VAL 4A24,0,0.9999975642348679,0,7523,2354,0,1,0,0,1
COL make VAL BOEING COL model VAL 707 COL series VAL 373C COL name VAL No Popular Name COL cert VAL 4A26,COL make VAL MCKINN COL model VAL G21 COL series VAL E COL name VAL TURBO GOOSE COL cert VAL 4A24,0,0.9999973803770693,0,1657,2355,0,1,0,0,1
COL make VAL SIAI MARCHETTI COL model VAL S205 COL series VAL 22R COL name VAL No Popular Name COL cert VAL EASA.A.587,COL make VAL MCKINN COL model VAL G21 COL series VAL G COL name VAL TURBO GOOSE COL cert VAL 4A24,0,0.9999972957673992,0,8418,2356,0,1,0,0,1
COL make VAL LOCKHEED COL model VAL 1329 COL series VAL 23E COL name VAL JETSTAR 8 COL cert VAL 2A15,COL make VAL MAC COL model VAL 125 COL series VAL C COL cert VAL 3A1,0,0.9999973455681587,0,6521,2357,0,1,0,0,1
COL make VAL ERCOUPE COL model VAL 415 COL series VAL D COL name VAL No Popular Name COL cert VAL A-787,COL make VAL MAC COL model VAL 145 COL series VAL 145 COL cert VAL 3A1,0,0.9999970010979311,0,4995,2358,0,1,0,0,1
COL make VAL DE HAVILLAND COL model VAL DHC7 COL series VAL 102 COL name VAL DASH 7 COL cert VAL A-120,COL make VAL MEYERS COL model VAL OTW COL series VAL 145 COL cert VAL A736,0,0.9999972223496203,0,4598,2359,0,1,0,0,1
COL make VAL CONSOLIDATED VULTEE COL model VAL P4Y COL series VAL 2 COL name VAL PRIVATEER COL cert VAL TC AR-29,COL make VAL MEYERS COL model VAL OTW COL series VAL 160 COL cert VAL A736,0,0.9999965914235807,0,21932,2360,0,1,0,0,1
COL make VAL CESSNA COL model VAL T337 COL series VAL B COL name VAL No Popular Name COL cert VAL A6CE,COL make VAL MEYERS COL model VAL OTW COL series VAL OTW COL cert VAL A736,0,0.999997283887235,0,3979,2361,0,1,0,0,1
COL make VAL SIKORSKY COL model VAL UH60 COL series VAL A COL name VAL BLACK HAWK COL cert VAL R00113SE,COL make VAL MIL COL model VAL MI COL series VAL 8 COL cert VAL NONE,0,0.9999968023766733,0,25973,2362,0,1,0,0,1
COL make VAL SWEARINGEN COL model VAL SA227 COL series VAL CC COL name VAL METRO 23 COL cert VAL A18SW,COL make VAL MU COL model VAL 2B COL series VAL 10 COL cert VAL A2PC,0,0.9999967777646064,0,8901,2363,0,1,0,0,1
COL make VAL SWEARINGEN COL model VAL SA227 COL series VAL BC COL name VAL 23 COL cert VAL A8SW,COL make VAL MU COL model VAL 2B COL series VAL 20 COL cert VAL A2PC,0,0.9999971361162305,0,8900,2364,0,1,0,0,1
COL make VAL AERO COMMANDER COL model VAL 695 COL series VAL A COL name VAL COMMANDER 1200 COL cert VAL 2A4,COL make VAL MU COL model VAL 2B COL series VAL 15 COL cert VAL A2PC,0,0.9999974631718664,0,96,2365,0,1,0,0,1
COL make VAL DOUGLAS COL model VAL DC8 COL series VAL 55 COL name VAL No Popular Name COL cert VAL 4A25,COL make VAL MU COL model VAL 2B COL series VAL 25 COL cert VAL A2PC,0,0.9999973174067215,0,4771,2366,0,1,0,0,1
COL make VAL CHAMPION COL model VAL 7EC COL series VAL 7EC COL name VAL TRAVELER COL cert VAL A-759,COL make VAL MU COL model VAL 2B COL series VAL 2B COL cert VAL A2PC,0,0.9999969874377396,0,4042,2367,0,1,0,0,1
COL make VAL LEARJET COL model VAL 24 COL series VAL B COL name VAL No Popular Name COL cert VAL A10CE,COL make VAL MU COL model VAL 2B COL series VAL 26 COL cert VAL A2PC,0,0.9999974283401013,0,6339,2368,0,1,0,0,1
COL make VAL LOCKHEED COL model VAL 382 COL series VAL E COL name VAL L100 20 COL cert VAL A1SO,COL make VAL MU COL model VAL 2B COL series VAL 26A COL cert VAL A10SW,0,0.9999977941648047,0,6540,2369,0,1,0,0,1
COL make VAL CESSNA COL model VAL 560 COL series VAL XL COL name VAL CITATION XLS COL cert VAL A22CE,COL make VAL MU COL model VAL 2B COL series VAL 30 COL cert VAL A2PC,0,0.9999973591663689,0,16936,2370,0,1,0,0,1
COL make VAL LEARJET COL model VAL 24 COL series VAL B COL name VAL No Popular Name COL cert VAL A10CE,COL make VAL MU COL model VAL 2B COL series VAL 35 COL cert VAL A2PC,0,0.9999970447632167,0,6339,2371,0,1,0,0,1
COL make VAL PIPER COL model VAL PA28R COL series VAL 200 COL name VAL ARROW II COL cert VAL 2A13,COL make VAL MU COL model VAL 2B COL series VAL 40 COL cert VAL A10SW,0,0.999997400042887,0,7573,2372,0,1,0,0,1
COL make VAL TAYLORCRAFT COL model VAL F22 COL series VAL B COL name VAL No Popular Name COL cert VAL 1A9,COL make VAL MU COL model VAL 2B COL series VAL 60 COL cert VAL A10SW,0,0.9999974383147247,0,8955,2373,0,1,0,0,1
COL make VAL CESSNA COL model VAL R172 COL series VAL K COL name VAL HAWK XP COL cert VAL 3A17,COL make VAL MU COL model VAL 300 COL series VAL 10 COL cert VAL A14SW,0,0.9999971174905615,0,3957,2374,0,1,0,0,1
COL make VAL CESSNA COL model VAL 337 COL series VAL A COL name VAL SUPER SKYMASTER COL cert VAL A6CE,COL make VAL MNCOUP COL model VAL 110 COL series VAL 110 COL cert VAL 2452,0,0.9999968346062664,0,3804,2375,0,1,0,0,1
COL make VAL BOEING COL model VAL 707 COL series VAL 131B COL name VAL No Popular Name COL cert VAL 4A21,COL make VAL SESSLR COL model VAL 110 COL series VAL 110 COL cert VAL 327,0,0.9999973159839222,0,1602,2376,0,1,0,0,1
COL make VAL BOEING COL model VAL 777 COL series VAL 21H COL name VAL No Popular Name COL cert VAL T00001SE,COL make VAL MONOCP COL model VAL 90 COL cert VAL A-306,0,0.9999970826905407,0,2814,2377,0,1,0,0,1
COL make VAL SWEARINGEN COL model VAL SA227 COL series VAL TT COL name VAL MERLIN IIIC COL cert VAL A5SW,COL make VAL EAA COL model VAL 90 COL series VAL 90 COL cert VAL A306,0,0.9999967564031547,0,8904,2378,0,1,0,0,1
COL make VAL LEARJET COL model VAL 29 COL series VAL 29 COL name VAL LONGHORN COL cert VAL A10CE,COL make VAL MONOCP COL model VAL 90A COL cert VAL A-306,0,0.9999972555216312,0,10920,2379,0,1,0,0,1
COL make VAL PIPER COL model VAL PA28 COL series VAL 235 COL name VAL CHARGER COL cert VAL 2A13,COL make VAL EAA COL model VAL 90 COL series VAL A COL cert VAL A306,0,0.9999971879414158,0,7569,2380,0,1,0,0,1
COL make VAL CESSNA COL model VAL 401 COL series VAL A COL name VAL No Popular Name COL cert VAL A7CE,COL make VAL EAA COL model VAL 90 COL series VAL AF100 COL cert VAL A306,0,0.9999973442147501,0,3815,2381,0,1,0,0,1
COL make VAL CURTISS WRIGHT COL model VAL ROBIN COL series VAL 4C1A COL name VAL No Popular Name COL cert VAL ATC 309,COL make VAL EAA COL model VAL 90 COL series VAL AF COL cert VAL A306,0,0.99999665789467,0,21942,2382,0,1,0,0,1
COL make VAL BOEING COL model VAL 737 COL series VAL 2R4C COL name VAL No Popular Name COL cert VAL A16WE,COL make VAL EAA COL model VAL 90 COL series VAL AL115 COL cert VAL A306,0,0.999997315263278,0,2032,2383,0,1,0,0,1
COL make VAL BOEING COL model VAL 727 COL series VAL 193 COL name VAL No Popular Name COL cert VAL A3WE,COL make VAL MOONEY COL model VAL M10 COL series VAL M10 COL name VAL CADET COL cert VAL A787,0,0.9999969454884987,0,1739,2384,0,1,0,0,1
COL make VAL SCHWEIZER COL model VAL SGS1 26 COL series VAL E COL name VAL No Popular Name COL cert VAL 1G10,COL make VAL MOONEY COL model VAL 18 COL series VAL C COL name VAL MOONEY MITE COL cert VAL A803,0,0.9999975191979329,0,8291,2385,0,1,0,0,1
COL make VAL VERTOL COL model VAL H21 COL series VAL B COL name VAL WORKHORSE COL cert VAL 1H12,COL make VAL MOONEY COL model VAL 18 COL series VAL C55 COL name VAL MOONEY MITE COL cert VAL A803,0,0.9999973931904365,0,9343,2386,0,1,0,0,1
COL make VAL SWEARINGEN COL model VAL SA227 COL series VAL DC COL name VAL METRO 23 COL cert VAL A18SW,COL make VAL MOONEY COL model VAL 18 COL series VAL L COL name VAL MOONEY MITE COL cert VAL A803,0,0.999997452306564,0,8902,2387,0,1,0,0,1
COL make VAL BEECH COL model VAL 300 COL series VAL LW COL name VAL SUPER KING AIR 300 COL cert VAL A24CE,COL make VAL MOONEY COL model VAL 18 COL series VAL LA COL name VAL MOONEY MITE COL cert VAL A803,0,0.999996805508481,0,1195,2388,0,1,0,0,1
COL make VAL CHAMPION COL model VAL 7ECA COL series VAL 7ECA COL name VAL CITABRIA AURORA COL cert VAL A-759,COL make VAL MOONEY COL model VAL 20 COL series VAL 20 COL name VAL MARK 20 COL cert VAL 2A3,0,0.9999973400108647,0,4043,2389,0,1,0,0,1
COL make VAL SCHWEIZER COL model VAL SGS1 34 COL series VAL SGS1 34 COL name VAL No Popular Name COL cert VAL G3EA,COL make VAL MOONEY COL model VAL 20 COL series VAL A COL name VAL MARK 20A COL cert VAL 2A3,0,0.9999973448833113,0,8294,2390,0,1,0,0,1
COL make VAL MEYERS COL model VAL MAC125 COL series VAL C COL name VAL No Popular Name COL cert VAL 3A1,COL make VAL MOONEY COL model VAL 20 COL series VAL B COL name VAL MARK 21 COL cert VAL 2A3,0,0.9999974354927197,0,6867,2391,0,1,0,0,1
COL make VAL EMBRAER COL model VAL ERJ170 COL series VAL 100SU COL name VAL No Popular Name COL cert VAL EA-2003T05,COL make VAL MOONEY COL model VAL 20 COL series VAL D COL cert VAL 2A3,0,0.9999974454749254,0,4941,2392,0,1,0,0,1
COL make VAL BELLANCA COL model VAL 14 9 COL series VAL L COL name VAL CRUISAIR JUNIOR COL cert VAL TC 716,COL make VAL MOONEY COL model VAL 20 COL series VAL J COL name VAL 201 COL cert VAL 2A3,0,0.9999974607405134,0,1527,2393,0,1,0,0,1
COL make VAL BOEING COL model VAL 737 COL series VAL 296 COL name VAL No Popular Name COL cert VAL A16WE,COL make VAL MOONEY COL model VAL 20 COL series VAL K COL name VAL 231 COL cert VAL 2A3,0,0.9999972938041055,0,1967,2394,0,1,0,0,1
COL make VAL BOEING COL model VAL 707 COL series VAL 131B COL name VAL No Popular Name COL cert VAL 4A21,COL make VAL MOONEY COL model VAL 20 COL series VAL L COL name VAL 205SE COL cert VAL 2A3,0,0.9999976132753977,0,1602,2395,0,1,0,0,1
COL make VAL BOEING COL model VAL 737 COL series VAL 75T COL name VAL No Popular Name COL cert VAL A16WE,COL make VAL MOONEY COL model VAL 20 COL series VAL M COL cert VAL 2A3,0,0.9999970432663072,0,2229,2396,0,1,0,0,1
COL make VAL LOCKHEED COL model VAL 1329 COL series VAL 23D COL name VAL JETSTAR COL cert VAL 2A15,COL make VAL MOONEY COL model VAL 20 COL series VAL R COL cert VAL 2A3,0,0.9999973571054415,0,6520,2397,0,1,0,0,1
COL make VAL PIPER COL model VAL J3C COL series VAL 50S COL name VAL CUB COL cert VAL A-691,COL make VAL MOONEY COL model VAL 20 COL series VAL S COL cert VAL 2A3,0,0.999996940552806,0,7452,2398,0,1,0,0,1
COL make VAL BOEING COL model VAL 737 COL series VAL 73V COL name VAL No Popular Name COL cert VAL A16WE,COL make VAL MOONEY COL model VAL 22 COL series VAL 22 COL name VAL MUSTANG COL cert VAL A6SW,0,0.9999970568136949,0,2217,2399,0,1,0,0,1
COL make VAL CESSNA COL model VAL T210 COL series VAL L COL name VAL TURBO CENTURION COL cert VAL 3A21,COL make VAL MS COL model VAL 760 COL series VAL 760 COL name VAL PARIS I COL cert VAL 7A3,0,0.9999970706161088,0,3971,2400,0,1,0,0,1
COL make VAL DOUGLAS COL model VAL DC8 COL series VAL 62F COL name VAL SUPER 60 COL cert VAL 4A25,COL make VAL MS COL model VAL 760 COL series VAL B COL name VAL PARIS II COL cert VAL 7A3,0,0.9999970457072049,0,4778,2401,0,1,0,0,1
COL make VAL BOEING COL model VAL 737 COL series VAL 2T7 COL name VAL No Popular Name COL cert VAL A16WE,COL make VAL MS COL model VAL 760 COL series VAL A COL name VAL PARIS IA COL cert VAL 7A3,0,0.999997023897708,0,2044,2402,0,1,0,0,1
COL make VAL BOEING COL model VAL 737 COL series VAL 405 COL name VAL No Popular Name COL cert VAL A16WE,COL make VAL MS COL model VAL 880 COL series VAL B COL name VAL RALLYE COL cert VAL 7A14,0,0.9999972472987689,0,2127,2403,0,1,0,0,1
COL make VAL STINSON COL model VAL SR10 COL series VAL J3 COL name VAL RELIANT COL cert VAL TC 678,COL make VAL MS COL model VAL 893 COL series VAL A COL name VAL RALLYE COMMODORE COL cert VAL 7A14,0,0.9999976702962011,0,22188,2404,0,1,0,0,1
COL make VAL SIKORSKY COL model VAL S55 COL series VAL S55 COL name VAL CHICKASAW COL cert VAL 1H4,COL make VAL MS COL model VAL 893 COL series VAL E COL name VAL RALLYE 180 GT COL cert VAL 7A14,0,0.9999974922831439,0,8467,2405,0,1,0,0,1
COL make VAL MITSUBISHI COL model VAL MU2B COL series VAL 25 COL name VAL MARQUISE COL cert VAL NOT IDENTIFIED,COL make VAL MS COL model VAL 894 COL series VAL A COL cert VAL 7A14,0,0.999997430977659,0,6992,2406,0,1,0,0,1
COL make VAL SCHWEIZER COL model VAL SGS2 32 COL series VAL SGS2 32 COL name VAL No Popular Name COL cert VAL G1EA,COL make VAL MORISY COL model VAL 2000 COL series VAL C COL cert VAL 4A14,0,0.999997379718695,0,8299,2407,0,1,0,0,1
COL make VAL AIR TRACTOR COL model VAL AT300 COL series VAL AT300 COL name VAL No Popular Name COL cert VAL A9SW,COL make VAL MORISY COL model VAL 2150 COL series VAL 2150 COL cert VAL 4A19,0,0.9999971220667048,0,354,2408,0,1,0,0,1
COL make VAL CESSNA COL model VAL C38 COL series VAL C38 COL name VAL AIRMASTER COL cert VAL TC 668,COL make VAL CAP COL model VAL 10 COL series VAL B COL cert VAL A36EU,0,0.999997220012249,0,3879,2409,0,1,0,0,1
COL make VAL DOUGLAS COL model VAL DC8 COL series VAL 63 COL name VAL SUPER 60 COL cert VAL 4A25,COL make VAL YS COL model VAL 11A COL series VAL 200 COL cert VAL A1PC,0,0.9999973530456558,0,4780,2410,0,1,0,0,1
COL make VAL LEARJET COL model VAL 55 COL series VAL 55 COL name VAL No Popular Name COL cert VAL A10CE,COL make VAL YS COL model VAL 11A COL series VAL 11A COL cert VAL A1PC,0,0.9999972327788403,0,6359,2411,0,1,0,0,1
COL make VAL BOEING COL model VAL 737 COL series VAL 732 COL name VAL No Popular Name COL cert VAL A16WE,COL make VAL NBL COL model VAL 752 COL series VAL 12 COL cert VAL A33CE,0,0.9999972804996283,0,2211,2412,0,1,0,0,1
COL make VAL BOEING COL model VAL 737 COL series VAL 266 COL name VAL No Popular Name COL cert VAL A16WE,COL make VAL NBL COL model VAL 755 COL series VAL 12 COL cert VAL A33CE,0,0.9999973944331606,0,1947,2413,0,1,0,0,1
COL make VAL CESSNA COL model VAL 150 COL series VAL G COL name VAL No Popular Name COL cert VAL 3A19,COL make VAL NBL COL model VAL 752 COL series VAL 752 COL cert VAL A33CE,0,0.9999972983708847,0,3658,2414,0,1,0,0,1
COL make VAL PIPER COL model VAL PA18S COL series VAL 105 SPECIAL COL name VAL SUPER CUB COL cert VAL 1A2,COL make VAL NBL COL model VAL 858 COL series VAL 858 COL cert VAL A33CE,0,0.9999974904517523,0,7512,2415,0,1,0,0,1
COL make VAL PIPER COL model VAL PA46 COL series VAL 500TP COL name VAL MALIBU MERIDIAN COL cert VAL A25SO,COL make VAL N COL model VAL 3N COL series VAL 3 COL cert VAL A2569,0,0.9999973295363216,0,7635,2416,0,1,0,0,1
COL make VAL TAYLORCRAFT COL model VAL F22 COL series VAL C COL name VAL No Popular Name COL cert VAL 1A9,COL make VAL NAVION COL model VAL NAVION COL series VAL A COL cert VAL A782,0,0.9999968173980944,0,8956,2417,0,1,0,0,1
COL make VAL STINSON COL model VAL SR10 COL series VAL G COL name VAL RELIANT COL cert VAL TC 678,COL make VAL NAVION COL model VAL NAVION COL series VAL B COL cert VAL A782,0,0.9999974209867644,0,22183,2418,0,1,0,0,1
COL make VAL CESSNA COL model VAL 150 COL series VAL C COL name VAL No Popular Name COL cert VAL 3A19,COL make VAL NAVION COL model VAL NAVION COL series VAL D COL cert VAL A782,0,0.9999967329923113,0,3654,2419,0,1,0,0,1
COL make VAL EMBRAER COL model VAL EMB135 COL series VAL BJ COL name VAL LEGACY 600 COL cert VAL EA-9606,COL make VAL NAVION COL model VAL NAVION COL series VAL G COL cert VAL A782,0,0.9999970360474014,0,4906,2420,0,1,0,0,1
COL make VAL MOONEY COL model VAL M20U COL series VAL M20U COL name VAL OVATION ULTRA COL cert VAL 2A3,COL make VAL NAVION COL model VAL NAVION COL series VAL H COL cert VAL A782,0,0.9999967033188755,0,11868,2421,0,1,0,0,1
COL make VAL STINSON COL model VAL SR10 COL series VAL C COL name VAL RELIANT COL cert VAL TC 678,COL make VAL NAVION COL model VAL NAVION COL series VAL NAVION COL cert VAL A782,0,0.9999973562155716,0,22181,2422,0,1,0,0,1
COL make VAL BOEING COL model VAL 737 COL series VAL 36N COL name VAL No Popular Name COL cert VAL A16WE,COL make VAL NOORDN COL model VAL MK5 COL series VAL MK5 COL name VAL NORSEMAN COL cert VAL A2578,0,0.9999967984740068,0,2082,2424,0,1,0,0,1
COL make VAL STINSON COL model VAL SR10 COL series VAL K COL name VAL RELIANT COL cert VAL TC 679,COL make VAL UC COL model VAL 64 COL series VAL A COL cert VAL A2578,0,0.9999975759767158,0,22190,2425,0,1,0,0,1
COL make VAL CESSNA COL model VAL 150 COL series VAL A COL name VAL No Popular Name COL cert VAL 3A19,COL make VAL UC COL model VAL 64 COL series VAL AS COL cert VAL A2578,0,0.9999973619981493,0,3652,2426,0,1,0,0,1
COL make VAL CHAMPION COL model VAL 7ECA COL series VAL 7ECA COL name VAL CITABRIA COL cert VAL A-759,COL make VAL UC COL model VAL 64 COL series VAL 64 COL cert VAL A2578,0,0.9999971538209361,0,4044,2427,0,1,0,0,1
COL make VAL LOCKHEED COL model VAL 382 COL series VAL G COL name VAL L100 30 COL cert VAL A1SO,COL make VAL NORD COL model VAL 262 COL series VAL A COL cert VAL A6EU,0,0.9999973770447704,0,6542,2428,0,1,0,0,1
COL make VAL BALLOON WORKS COL model VAL FIREFLY 8B COL series VAL 15 COL name VAL No Popular Name COL cert VAL A14SO,COL model VAL A36 COL series VAL A COL cert VAL L152,0,0.9999972050112242,0,1075,2429,0,1,0,0,1
COL make VAL DASSAULT COL model VAL MYSTERE FALCON 20 COL series VAL F5 COL name VAL No Popular Name COL cert VAL 103BIS,COL make VAL T COL model VAL 6 COL series VAL AT6A COL cert VAL A2575,0,0.9999971900498453,0,4442,2430,0,1,0,0,1
COL make VAL STEARMAN COL model VAL PT13 COL series VAL B COL name VAL KAYDET COL cert VAL A-743,COL make VAL T COL model VAL 6 COL series VAL AT6B COL cert VAL A2575,0,0.9999971600502597,0,8740,2431,0,1,0,0,1
COL make VAL HUGHES COL model VAL 369 COL series VAL D COL name VAL 500D COL cert VAL H3WE,COL make VAL T COL model VAL 6 COL series VAL AT6C COL cert VAL A2575,0,0.9999966077546601,0,5881,2432,0,1,0,0,1
COL make VAL PIPER COL model VAL PA18 COL series VAL 105 SPECIAL COL name VAL SUPER CUB COL cert VAL 1A2,COL make VAL T COL model VAL 6 COL series VAL AT6D COL cert VAL A2575,0,0.9999973979704344,0,7502,2433,0,1,0,0,1
COL make VAL PIPER COL model VAL PA18S COL series VAL 105 SPECIAL COL name VAL SUPER CUB COL cert VAL 1A2,COL make VAL T COL model VAL 6 COL series VAL AT6F COL cert VAL A2575,0,0.9999974669709515,0,7512,2434,0,1,0,0,1
COL make VAL SWEARINGEN COL model VAL SA227 COL series VAL DC COL name VAL METRO 23 COL cert VAL A18SW,COL make VAL T COL model VAL 6 COL series VAL AT6 COL cert VAL A2575,0,0.9999971079827314,0,8902,2435,0,1,0,0,1
COL make VAL CESSNA COL model VAL T188 COL series VAL C COL name VAL AGHUSKY COL cert VAL A9CE,COL model VAL B25 COL series VAL C COL cert VAL AL2,0,0.999997264215693,0,3962,2436,0,1,0,0,1
COL make VAL PIPER COL model VAL PA28R COL series VAL 201 COL name VAL ARROW III COL cert VAL 2A13,COL model VAL B25 COL series VAL H COL cert VAL AL2,0,0.9999973023010008,0,7574,2437,0,1,0,0,1
COL make VAL SCHWEIZER COL model VAL SGS2 32 COL series VAL SGS2 32 COL name VAL No Popular Name COL cert VAL G1EA,COL model VAL B25 COL series VAL J COL cert VAL AL2,0,0.9999976431772439,0,8299,2438,0,1,0,0,1
COL make VAL CESSNA COL model VAL TU206 COL series VAL A COL name VAL TURBO SKYWAGON COL cert VAL A4CE,COL model VAL B25 COL series VAL N COL cert VAL AL2,0,0.9999972590331503,0,4000,2439,0,1,0,0,1
COL make VAL SWEARINGEN COL model VAL SA227 COL series VAL AC COL name VAL METRO III COL cert VAL A8SW,COL make VAL BC COL model VAL 1 COL series VAL 1 COL cert VAL L222,0,0.9999972990999266,0,8898,2440,0,1,0,0,1
COL make VAL CESSNA COL model VAL TP206 COL series VAL E COL name VAL TURBO SUPER SKYLANE COL cert VAL A4CE,COL model VAL BT14 COL series VAL BT14 COL cert VAL AL32,0,0.99999711087033,0,3998,2441,0,1,0,0,1
COL make VAL BOEING COL model VAL 707 COL series VAL 436 COL name VAL No Popular Name COL cert VAL 4A26,COL make VAL NAVION COL model VAL NAVION COL series VAL L17A COL cert VAL A782,0,0.9999969322348062,0,1684,2442,0,1,0,0,1
COL make VAL BEECH COL model VAL 200 COL series VAL B200 COL name VAL SUPER KING AIR COL cert VAL A24CE,COL model VAL 265 COL series VAL 20 COL name VAL SABRELINER COL cert VAL A2WE,0,0.9999973727512932,0,1175,2443,0,1,0,0,1
COL make VAL BEECH COL model VAL 58 COL series VAL TC COL name VAL TURBO BARON COL cert VAL A23CE,COL model VAL 265 COL series VAL 40 COL name VAL SABRELINER-40 COL cert VAL A2WE,0,0.9999975850505418,0,1280,2444,0,1,0,0,1
COL make VAL DOUGLAS COL model VAL DC8 COL series VAL 41 COL name VAL No Popular Name COL cert VAL 4A25,COL model VAL 265 COL series VAL 60 COL name VAL SABRELINER-60 COL cert VAL A2WE,0,0.9999973791501361,0,4761,2445,0,1,0,0,1
COL make VAL PIPER COL model VAL PA31T COL series VAL 1 COL name VAL CHEYENNE I COL cert VAL A8EA,COL model VAL 265 COL series VAL 265 COL name VAL SABRELINER COL cert VAL A2WE,0,0.9999973888324972,0,7590,2446,0,1,0,0,1
COL make VAL BOEING COL model VAL 727 COL series VAL 2D6 COL name VAL No Popular Name COL cert VAL A3WE,COL model VAL O47 COL series VAL NA047B COL cert VAL 2572,0,0.9999969332498354,0,1832,2447,0,1,0,0,1
COL make VAL NORTH AMERICAN COL model VAL SNJ COL series VAL 5 COL name VAL TEXAN COL cert VAL A-2-575,COL model VAL P51 COL series VAL C COL cert VAL L113,0,0.9999967326339916,0,7229,2448,0,1,0,0,1
COL make VAL CESSNA COL model VAL U3 COL series VAL B COL name VAL No Popular Name COL cert VAL 3A10,COL model VAL P51 COL series VAL D COL cert VAL L113,0,0.9999966841718524,0,4016,2449,0,1,0,0,1
COL make VAL CESSNA COL model VAL FRA150 COL series VAL L COL name VAL AEROBAT COL cert VAL A13EU,COL model VAL P51 COL series VAL K COL cert VAL L113,0,0.9999967354589752,0,3920,2450,0,1,0,0,1
COL make VAL MAULE COL model VAL M5 COL series VAL 235C COL name VAL LUNAR ROCKET COL cert VAL 3A23,COL make VAL T COL model VAL 6 COL series VAL SNJ2 COL cert VAL A2575,0,0.9999966413950159,0,6730,2451,0,1,0,0,1
COL make VAL WACO COL model VAL ZVN COL series VAL 8 COL name VAL No Popular Name COL cert VAL TC 677,COL make VAL T COL model VAL 6 COL series VAL SNJ3 COL cert VAL A2575,0,0.999997051903259,0,9559,2452,0,1,0,0,1
COL make VAL CHAMPION COL model VAL 7ECA COL series VAL 7ECA COL name VAL CITABRIA AURORA COL cert VAL A-759,COL make VAL T COL model VAL 6 COL series VAL SNJ4 COL cert VAL A2575,0,0.9999969629629327,0,4043,2453,0,1,0,0,1
COL make VAL BOEING COL model VAL 737 COL series VAL 790 COL name VAL No Popular Name COL cert VAL A16WE,COL make VAL T COL model VAL 6 COL series VAL SNJ5 COL cert VAL A2575,0,0.9999965093952722,0,2242,2454,0,1,0,0,1
COL make VAL BEECH COL model VAL 55 COL series VAL D55 COL name VAL BARON COL cert VAL 3A16,COL make VAL T COL model VAL 6 COL series VAL SNJ6 COL cert VAL A2575,0,0.9999968832975904,0,1270,2455,0,1,0,0,1
COL make VAL BOEING COL model VAL 737 COL series VAL 36N COL name VAL No Popular Name COL cert VAL A16WE,COL make VAL T COL model VAL 6 COL series VAL SNJ7 COL cert VAL A2575,0,0.9999968854547403,0,2082,2456,0,1,0,0,1
COL make VAL MAULE COL model VAL M5 COL series VAL 180C COL name VAL LUNAR ROCKET COL cert VAL 3A23,COL model VAL N260 COL series VAL T28B COL cert VAL AR30,0,0.9999968676523406,0,6725,2457,0,1,0,0,1
COL make VAL LEARJET COL model VAL 60 COL series VAL 60 COL name VAL No Popular Name COL cert VAL A10CE,COL model VAL N260 COL series VAL T28A COL cert VAL AR30,0,0.999996757341843,0,6360,2458,0,1,0,0,1
COL make VAL BOEING COL model VAL 737 COL series VAL 228 COL name VAL No Popular Name COL cert VAL A16WE,COL make VAL T COL model VAL 6 COL series VAL G COL cert VAL A2575,0,0.9999970483938058,0,1929,2459,0,1,0,0,1
COL make VAL CHAMPION COL model VAL 7ECA COL series VAL 7ECA COL name VAL CITABRIA AURORA COL cert VAL A-759,COL model VAL B25 COL series VAL TB25 COL cert VAL AL2,0,0.9999972312451445,0,4043,2460,0,1,0,0,1
COL make VAL THURSTON COL model VAL TSC1A COL series VAL TSC1A COL name VAL TEAL COL cert VAL A15EA,COL make VAL P COL model VAL 61 COL series VAL B COL cert VAL L142,0,0.9999969539448633,0,11492,2461,0,1,0,0,1
COL make VAL LANCAIR COL model VAL LC40 COL series VAL 550FG COL name VAL COLUMBIA 300 COL cert VAL A00003SE,COL make VAL P COL model VAL 61 COL series VAL 61 COL cert VAL L142,0,0.9999971792591847,0,6322,2462,0,1,0,0,1
COL make VAL LEARJET COL model VAL 55 COL series VAL B COL name VAL No Popular Name COL cert VAL A10CE,COL make VAL NORTRP COL model VAL T38 COL series VAL T38A COL name VAL TALON COL cert VAL EXPA1L,0,0.9999975670300597,0,6357,2463,0,1,0,0,1
COL make VAL SCHWEIZER COL model VAL SGS1 23 COL series VAL H COL name VAL No Popular Name COL cert VAL 1G1,COL make VAL PCFAER COL model VAL FU24 COL series VAL 954 COL cert VAL A9PC,0,0.9999974809576238,0,8284,2464,0,1,0,0,1
COL make VAL CESSNA COL model VAL 182 COL series VAL M COL name VAL SKYLANE COL cert VAL 3A13,COL make VAL OMF COL model VAL 100 COL series VAL 160 COL cert VAL A46CE,0,0.9999972578317622,0,3719,2465,0,1,0,0,1
COL make VAL CESSNA COL model VAL 172 COL series VAL S COL name VAL SKYHAWK SP COL cert VAL 3A12,COL make VAL PAC COL model VAL 750 COL series VAL XL COL cert VAL A50CE,0,0.9999970575952939,0,3686,2466,0,1,0,0,1
COL make VAL AERO COMMANDER COL model VAL 695 COL series VAL 695 COL name VAL JETPROP 980 COL cert VAL 2A4,COL make VAL AP COL model VAL 68TP COL series VAL 300 COL name VAL SPARTACUS COL cert VAL A31EU,0,0.9999972905050957,0,98,2467,0,1,0,0,1
COL make VAL PIPER COL model VAL PA31P COL series VAL 350 COL name VAL MOJAVE COL cert VAL A8EA,COL make VAL AP COL model VAL 68TP COL series VAL 600 COL name VAL VIATOR COL cert VAL A31EU,0,0.9999974265393217,0,7588,2468,0,1,0,0,1
COL make VAL SCHLEICHER COL model VAL ASW24 COL series VAL B COL name VAL No Popular Name COL cert VAL 366/SP,COL make VAL P COL model VAL 68 COL series VAL 68 COL name VAL VICTOR COL cert VAL A31EU,0,0.9999968849898611,0,8247,2469,0,1,0,0,1
COL make VAL CESSNA COL model VAL LC41 COL series VAL 550FG COL name VAL CORVALIS TT COL cert VAL A00003SE,COL make VAL P COL model VAL 68 COL series VAL OBSERVER COL name VAL OBSERVER COL cert VAL A31EU,0,0.9999975242085133,0,3932,2470,0,1,0,0,1
COL make VAL CESSNA COL model VAL 150 COL series VAL E COL name VAL No Popular Name COL cert VAL 3A19,COL make VAL P COL model VAL 68 COL series VAL B COL name VAL VICTOR COL cert VAL A31EU,0,0.9999972660674844,0,3656,2471,0,1,0,0,1
COL make VAL PIPER COL model VAL J3F COL series VAL 65S COL name VAL CUB COL cert VAL A-692,COL make VAL P COL model VAL 68 COL series VAL C COL name VAL VICTOR COL cert VAL A31EU,0,0.9999968497632066,0,7461,2472,0,1,0,0,1
COL make VAL PIPER COL model VAL J3C COL series VAL 50S COL name VAL CUB COL cert VAL A-691,COL make VAL P COL model VAL 68 COL series VAL CTC COL name VAL VICTOR COL cert VAL A31EU,0,0.9999968820965457,0,7452,2473,0,1,0,0,1
COL make VAL CESSNA COL model VAL T337 COL series VAL E COL name VAL No Popular Name COL cert VAL A6CE,COL make VAL P COL model VAL 68 COL series VAL TC COL name VAL OBSERVER COL cert VAL A31EU,0,0.9999974565221832,0,3982,2474,0,1,0,0,1
COL make VAL BUSHMASTER COL model VAL 2000 COL series VAL 2000 COL name VAL No Popular Name COL cert VAL A19WE,COL make VAL P COL model VAL 136 COL series VAL L1 COL name VAL ROYAL GULL COL cert VAL A813,0,0.9999974551913698,0,3090,2475,0,1,0,0,1
COL make VAL BOEING COL model VAL 707 COL series VAL 131 COL name VAL No Popular Name COL cert VAL 4A21,COL make VAL P COL model VAL 136 COL series VAL L2 COL name VAL ROYAL GULL COL cert VAL A813,0,0.9999974495996966,0,1601,2476,0,1,0,0,1
COL make VAL HUGHES COL model VAL 369 COL series VAL A COL name VAL 500 COL cert VAL H3WE,COL make VAL P COL model VAL 166 COL series VAL 166 COL name VAL SUPER GULL COL cert VAL 7A4,0,0.9999970699734944,0,5879,2477,0,1,0,0,1
COL make VAL BALLOON WORKS COL model VAL FIREFLY 6B COL series VAL 15 COL name VAL No Popular Name COL cert VAL A14SO,COL make VAL P COL model VAL 180 COL series VAL 180 COL cert VAL A59EU,0,0.9999968414694792,0,1067,2478,0,1,0,0,1
COL make VAL SCHWEIZER COL model VAL SGS1 26 COL series VAL B COL name VAL No Popular Name COL cert VAL 1G10,COL make VAL HUP COL model VAL 2 COL series VAL 2 COL cert VAL H7WE,0,0.9999969646162902,0,8288,2479,0,1,0,0,1
COL make VAL SCHWEIZER COL model VAL SGS1 26 COL series VAL B COL name VAL No Popular Name COL cert VAL 1G10,COL make VAL HUP COL model VAL 3 COL series VAL 3 COL cert VAL H7WE,0,0.9999970248128944,0,8288,2480,0,1,0,0,1
COL make VAL CESSNA COL model VAL T310 COL series VAL R COL name VAL No Popular Name COL cert VAL 3A10,COL make VAL PIK COL model VAL 20 COL series VAL 20 COL cert VAL G31EU,0,0.9999967030704939,0,3978,2481,0,1,0,0,1
COL make VAL BOEING COL model VAL 737 COL series VAL 4Q3 COL name VAL No Popular Name COL cert VAL A16WE,COL make VAL PIK COL model VAL 20 COL series VAL B COL cert VAL G31EU,0,0.999996985834182,0,2162,2482,0,1,0,0,1
COL make VAL AERO COMMANDER COL model VAL 690 COL series VAL D COL name VAL JETPROP 900 COL cert VAL 2A4,COL make VAL PIK COL model VAL 20 COL series VAL D COL cert VAL G31EU,0,0.9999969472940251,0,95,2483,0,1,0,0,1
COL make VAL CESSNA COL model VAL 182 COL series VAL D COL name VAL SKYLANE COL cert VAL 3A13,COL make VAL PILATS COL model VAL B4 COL series VAL PC11 COL cert VAL G25EU,0,0.9999974814032184,0,3711,2484,0,1,0,0,1
COL make VAL HUGHES COL model VAL 369 COL series VAL H COL name VAL 500C COL cert VAL H3WE,COL make VAL PILATS COL model VAL B4 COL series VAL PC11AF COL cert VAL G25EU,0,0.9999973613112496,0,5885,2485,0,1,0,0,1
COL make VAL LAIRD COL model VAL LC COL series VAL 1B300 COL name VAL COMMERCIAL COL cert VAL ATC 353,COL make VAL PC COL model VAL 12 COL series VAL 12 COL cert VAL A78EU,0,0.9999968376175408,0,19310,2486,0,1,0,0,1
COL make VAL CESSNA COL model VAL 408 COL series VAL 408 COL name VAL SKYCOURIER COL cert VAL A00016WI,COL make VAL PC COL model VAL 12 COL series VAL 47E COL cert VAL A78EU,0,0.9999971919839734,0,12481,2487,0,1,0,0,1
COL make VAL NATIONAL BALLOONING COL model VAL 755 COL series VAL 12 COL name VAL No Popular Name COL cert VAL A33CE,COL make VAL PC COL model VAL 6 COL series VAL 350 COL cert VAL 7A15,0,0.9999975181697487,0,7098,2488,0,1,0,0,1
COL make VAL BEECH COL model VAL 65 COL series VAL A65 COL name VAL QUEEN AIR COL cert VAL 3A20,COL make VAL PC COL model VAL 6 COL series VAL 350H2 COL cert VAL 7A15,0,0.9999971633471507,0,1287,2489,0,1,0,0,1
COL make VAL LEARJET COL model VAL 55 COL series VAL 55 COL name VAL No Popular Name COL cert VAL A10CE,COL make VAL PC COL model VAL 6 COL series VAL A COL cert VAL 7A15,0,0.9999969682701694,0,6359,2490,0,1,0,0,1
COL make VAL BOEING COL model VAL 707 COL series VAL 331B COL name VAL No Popular Name COL cert VAL 4A26,COL make VAL PC COL model VAL 6 COL series VAL B2H4 COL cert VAL 7A15,0,0.9999970467480599,0,1627,2491,0,1,0,0,1
COL make VAL LEARJET COL model VAL 25 COL series VAL D COL name VAL No Popular Name COL cert VAL A10CE,COL make VAL PC COL model VAL 6 COL series VAL B1H2 COL cert VAL 7A15,0,0.9999972314722168,0,6346,2492,0,1,0,0,1
COL make VAL SIKORSKY COL model VAL UH34 COL series VAL J COL name VAL CHOCTAW COL cert VAL 1H11,COL make VAL PC COL model VAL 6 COL series VAL CH2 COL cert VAL 7A15,0,0.9999967772898002,0,8508,2493,0,1,0,0,1
COL make VAL BOEING COL model VAL 767 COL series VAL 316BCF COL name VAL No Popular Name COL cert VAL A1NM,COL make VAL PC COL model VAL 6 COL series VAL 6 COL cert VAL 7A15,0,0.9999969868472812,0,15230,2494,0,1,0,0,1
COL make VAL AERO COMMANDER COL model VAL 690 COL series VAL D COL name VAL JETPROP 900 COL cert VAL 2A4,COL make VAL PC COL model VAL 7 COL series VAL 7 COL cert VAL A50EU,0,0.9999967872414589,0,95,2495,0,1,0,0,1
COL make VAL EMBRAER COL model VAL EMB135 COL series VAL BJ COL name VAL LEGACY 600 COL cert VAL EA-9606,COL make VAL PA COL model VAL J5 COL series VAL AE1 COL name VAL CUB CRUISER COL cert VAL A725,0,0.9999974439006691,0,4906,2496,0,1,0,0,1
COL make VAL LOCKHEED COL model VAL 10 COL series VAL A COL name VAL ELECTRA COL cert VAL TC 551,COL make VAL PA COL model VAL F2 COL series VAL F2 COL name VAL PIPER CUB COL cert VAL ATC525,0,0.9999972260133717,0,6506,2497,0,1,0,0,1
COL make VAL DASSAULT COL model VAL FANJET FALCON COL series VAL E COL name VAL No Popular Name COL cert VAL 103,COL make VAL PA COL model VAL J2 COL series VAL J2 COL cert VAL ATC595,0,0.9999970385535685,0,4433,2498,0,1,0,0,1
COL make VAL BOEING COL model VAL 737 COL series VAL 7BJ COL name VAL No Popular Name COL cert VAL A16WE,COL make VAL PA COL model VAL J3 COL series VAL J3 COL cert VAL ATC660,0,0.9999972776868089,0,2266,2499,0,1,0,0,1
COL make VAL BOEING COL model VAL 727 COL series VAL 162 COL name VAL No Popular Name COL cert VAL A3WE,COL make VAL PA COL model VAL J3 COL series VAL C40 COL name VAL CUB COL cert VAL A691,0,0.9999975042706891,0,1730,2500,0,1,0,0,1
COL make VAL CESSNA COL model VAL P206 COL series VAL D COL name VAL SUPER SKYLANE COL cert VAL A4CE,COL make VAL PA COL model VAL J3 COL series VAL C50 COL name VAL CUB COL cert VAL A691,0,0.9999974428242069,0,3946,2501,0,1,0,0,1
COL make VAL SWEARINGEN COL model VAL SA226 COL series VAL TB COL name VAL MERLIN IIIB COL cert VAL A5SW,COL make VAL PA COL model VAL J3 COL series VAL C50S COL name VAL CUB COL cert VAL A691,0,0.9999972676809108,0,8896,2502,0,1,0,0,1
COL make VAL EMBRAER COL model VAL EMB135 COL series VAL BJ COL name VAL LEGACY 600 COL cert VAL EA-9606,COL make VAL PA COL model VAL J3 COL series VAL C65 COL name VAL CUB COL cert VAL A691,0,0.9999974578086616,0,4906,2503,0,1,0,0,1
COL make VAL BOEING COL model VAL 737 COL series VAL 3K9 COL name VAL No Popular Name COL cert VAL A16WE,COL make VAL PA COL model VAL J3 COL series VAL C65S COL name VAL CUB COL cert VAL A691,0,0.9999973831112368,0,2107,2504,0,1,0,0,1
COL make VAL CESSNA COL model VAL 337 COL series VAL G COL name VAL No Popular Name COL cert VAL A6CE,COL make VAL PA COL model VAL J3 COL series VAL F50 COL name VAL CUB COL cert VAL A692,0,0.9999976053024048,0,3810,2505,0,1,0,0,1
COL make VAL SCHWEIZER COL model VAL SGS1 23 COL series VAL H COL name VAL No Popular Name COL cert VAL 1G1,COL make VAL PA COL model VAL J3 COL series VAL F60 COL name VAL CUB COL cert VAL A692,0,0.9999976600926443,0,8284,2506,0,1,0,0,1
COL make VAL PIPER COL model VAL PA22 COL series VAL 135 COL name VAL TRIPACER COL cert VAL 1A6,COL make VAL PA COL model VAL J3 COL series VAL F65 COL name VAL CUB COL cert VAL A692,0,0.9999975178146956,0,7526,2507,0,1,0,0,1
COL make VAL BOEING COL model VAL 727 COL series VAL 294 COL name VAL No Popular Name COL cert VAL A3WE,COL make VAL PA COL model VAL J3 COL series VAL F65S COL name VAL CUB COL cert VAL A692,0,0.9999971577350063,0,1818,2508,0,1,0,0,1
COL make VAL SCHWEIZER COL model VAL SGS1 35 COL series VAL SGS1 35 COL name VAL No Popular Name COL cert VAL G4EA,COL make VAL PA COL model VAL J3 COL series VAL L65 COL name VAL CUB COL cert VAL A698,0,0.9999974134755035,0,8297,2509,0,1,0,0,1
COL make VAL BELL COL model VAL 206 COL series VAL B1 COL name VAL JET RANGER II COL cert VAL H-92,COL make VAL PA COL model VAL J3 COL series VAL L65S COL name VAL CUB COL cert VAL A698,0,0.9999973980461183,0,1417,2510,0,1,0,0,1
COL make VAL CIRRUS COL model VAL SR22 COL series VAL T COL name VAL No Popular Name COL cert VAL A00009CH,COL make VAL PA COL model VAL J3 COL series VAL L COL name VAL CUB COL cert VAL A698,0,0.999997439670235,0,4080,2511,0,1,0,0,1
COL make VAL HELIO COL model VAL H395 COL series VAL H395 COL name VAL COURIER COL cert VAL 1A8,COL make VAL PA COL model VAL J3 COL series VAL L4J COL name VAL CUB COL cert VAL A691,0,0.9999974705122744,0,5753,2512,0,1,0,0,1
COL make VAL HELIO COL model VAL H391 COL series VAL B COL name VAL No Popular Name COL cert VAL 1A8,COL make VAL PA COL model VAL J3 COL series VAL P COL cert VAL 695,0,0.9999971886238463,0,5750,2513,0,1,0,0,1
COL make VAL NORTH AMERICAN COL model VAL SNJ COL series VAL 2 COL name VAL TEXAN COL cert VAL A-2-575,COL make VAL PA COL model VAL J4 COL series VAL A COL name VAL CUB COUPE COL cert VAL A703,0,0.9999971237075095,0,7226,2514,0,1,0,0,1
COL make VAL BOEING COL model VAL 737 COL series VAL 2N7 COL name VAL No Popular Name COL cert VAL A16WE,COL make VAL PA COL model VAL J4 COL series VAL AS COL name VAL CUB COUPE COL cert VAL A703,0,0.9999973914483831,0,2021,2515,0,1,0,0,1
COL make VAL PIPER COL model VAL PA28R COL series VAL 201 COL name VAL ARROW III COL cert VAL 2A13,COL make VAL PA COL model VAL J4 COL series VAL J4 COL name VAL CUB COUPE COL cert VAL A703,0,0.9999974342145238,0,7574,2516,0,1,0,0,1
COL make VAL AMERICAN BLIMP COL model VAL A60 COL series VAL PLUS COL name VAL LIGHTSHIP COL cert VAL AS1NM,COL make VAL PA COL model VAL J4 COL series VAL B COL cert VAL 708,0,0.9999975004596111,0,542,2517,0,1,0,0,1
COL make VAL ERICKSON AIR CRANE COL model VAL S64 COL series VAL F COL name VAL SKYCRANE COL cert VAL H6EA,COL make VAL PA COL model VAL J4 COL series VAL E COL name VAL CUB COUPE COL cert VAL A740,0,0.9999975476709645,0,5008,2518,0,1,0,0,1
COL make VAL PIPER COL model VAL PA38 COL series VAL 112 COL name VAL TOMAHAWK COL cert VAL A18SO,COL make VAL PA COL model VAL J4 COL series VAL F COL cert VAL 721,0,0.9999974207444892,0,7622,2519,0,1,0,0,1
COL make VAL PIPER COL model VAL PA28RT COL series VAL 201 COL name VAL ARROW IV COL cert VAL 2A13,COL make VAL PA COL model VAL J5 COL series VAL A80 COL name VAL CUB CRUISER COL cert VAL A725,0,0.9999975382266243,0,7578,2520,0,1,0,0,1
COL make VAL BOEING COL model VAL 737 COL series VAL 2H4 COL name VAL No Popular Name COL cert VAL A16WE,COL make VAL PA COL model VAL J5 COL series VAL L4F COL name VAL CUB CRUISER COL cert VAL A725,0,0.9999973337376904,0,1995,2521,0,1,0,0,1
COL make VAL HUGHES COL model VAL 269A COL series VAL 1 COL name VAL 200 COL cert VAL 4H12,COL make VAL PA COL model VAL J5 COL series VAL A COL name VAL CUB CRUISER COL cert VAL A725,0,0.9999973402493092,0,5873,2522,0,1,0,0,1
COL make VAL AEROSPATIALE COL model VAL AS350 COL series VAL B1 COL name VAL ECUREUIL COL cert VAL EASA.R.008,COL make VAL PA COL model VAL J5 COL series VAL B COL name VAL CUB CRUISER COL cert VAL A725,0,0.9999972873456453,0,198,2523,0,1,0,0,1
COL make VAL VERTOL COL model VAL CH47 COL series VAL D COL name VAL CHINOOK COL cert VAL R00051SE,COL make VAL PA COL model VAL J5 COL series VAL C COL name VAL CUB CRUISER COL cert VAL A725,0,0.9999975054307216,0,11076,2524,0,1,0,0,1
COL make VAL BOEING COL model VAL 737 COL series VAL 348 COL name VAL No Popular Name COL cert VAL A16WE,COL make VAL PA COL model VAL L14 COL series VAL L14 COL cert VAL 760,0,0.9999970236720604,0,2075,2525,0,1,0,0,1
COL make VAL LOCKHEED COL model VAL 14 COL series VAL H2 COL name VAL SUPER ELECTRA COL cert VAL ATC 657,COL make VAL PA COL model VAL 19 COL series VAL L18C COL cert VAL 1A2,0,0.9999971816335083,0,6525,2526,0,1,0,0,1
COL make VAL BOEING COL model VAL 747 COL series VAL 156 COL name VAL No Popular Name COL cert VAL A20WE,COL make VAL PA COL model VAL 18 COL series VAL L21A COL name VAL SUPER CUB COL cert VAL 1A2,0,0.999997497240681,0,2452,2527,0,1,0,0,1
COL make VAL BOEING COL model VAL 727 COL series VAL 2T3 COL name VAL No Popular Name COL cert VAL A3WE,COL make VAL PA COL model VAL 18 COL series VAL L21B COL name VAL SUPER CUB COL cert VAL 1A2,0,0.9999975826829778,0,1864,2528,0,1,0,0,1
COL make VAL BOEING COL model VAL 737 COL series VAL 8LD COL name VAL No Popular Name COL cert VAL A16WE,COL make VAL PA COL model VAL J3 COL series VAL L4A COL name VAL CUB COL cert VAL A691,0,0.9999974421376187,0,10220,2529,0,1,0,0,1
COL make VAL CESSNA COL model VAL A188 COL series VAL A188 COL name VAL AGWAGON 300 COL cert VAL A9CE,COL make VAL PA COL model VAL J3 COL series VAL L4B COL name VAL CUB COL cert VAL A691,0,0.9999975558311752,0,3869,2530,0,1,0,0,1
COL make VAL DE HAVILLAND COL model VAL DHC8 COL series VAL 102 COL name VAL DASH 8 COL cert VAL A-142,COL make VAL PA COL model VAL J3 COL series VAL L4H COL name VAL CUB COL cert VAL A691,0,0.999997411042198,0,4605,2531,0,1,0,0,1
COL make VAL PIPER COL model VAL PA40 COL series VAL PA40 COL name VAL ARAPAHO COL cert VAL A1EA,COL make VAL PA COL model VAL J3 COL series VAL L4 COL name VAL CUB COL cert VAL A691,0,0.9999973925464722,0,7624,2532,0,1,0,0,1
COL make VAL SWEARINGEN COL model VAL SA227 COL series VAL DC COL name VAL METRO 23 COL cert VAL A18SW,COL make VAL PA COL model VAL 25 COL series VAL 235 COL name VAL PAWNEE COL cert VAL 2A8,0,0.99999747511678,0,8902,2533,0,1,0,0,1
COL make VAL CESSNA COL model VAL TP206 COL series VAL B COL name VAL TURBO SUPER SKYLANE COL cert VAL A4CE,COL make VAL PA COL model VAL 25 COL series VAL 260 COL name VAL PAWNEE COL cert VAL 2A8,0,0.9999974590969123,0,3995,2534,0,1,0,0,1
COL make VAL PIPER COL model VAL PA32R COL series VAL 301 COL name VAL SARATOGA II TC COL cert VAL A3SO,COL make VAL PA COL model VAL J3 COL series VAL NE1 COL name VAL CUB COL cert VAL A691,0,0.9999974080813904,0,7603,2535,0,1,0,0,1
COL make VAL AIR TRACTOR COL model VAL AT502 COL series VAL B COL name VAL No Popular Name COL cert VAL A17SW,COL make VAL PA COL model VAL J3 COL series VAL NE2 COL name VAL CUB COL cert VAL A691,0,0.9999973099978668,0,367,2536,0,1,0,0,1
COL make VAL BOEING COL model VAL 727 COL series VAL 230 COL name VAL No Popular Name COL cert VAL A3WE,COL make VAL PA COL model VAL 11 COL series VAL 11 COL name VAL CUB COL cert VAL A691,0,0.9999974326908655,0,1771,2537,0,1,0,0,1
COL make VAL LEARJET COL model VAL 35 COL series VAL A COL name VAL No Popular Name COL cert VAL A10CE,COL make VAL PA COL model VAL 11 COL series VAL S COL name VAL CUB COL cert VAL A691,0,0.9999971963964017,0,6351,2538,0,1,0,0,1
COL make VAL PILATUS COL model VAL PC6 COL series VAL H2 COL name VAL PORTER COL cert VAL F56-10,COL make VAL PA COL model VAL 12 COL series VAL 12 COL name VAL SUPER CRUISER COL cert VAL A780,0,0.9999974279182333,0,11251,2539,0,1,0,0,1
COL make VAL BOEING COL model VAL 777 COL series VAL 346 COL name VAL No Popular Name COL cert VAL T00001SE,COL make VAL PA COL model VAL 12 COL series VAL S COL name VAL SUPER CRUISER COL cert VAL A780,0,0.9999974636157696,0,2863,2540,0,1,0,0,1
COL make VAL PIPER COL model VAL PA36 COL series VAL 285 COL name VAL PAWNEE BRAVE COL cert VAL A9SO,COL make VAL PA COL model VAL 14 COL series VAL 14 COL name VAL CRUISER COL cert VAL A797,0,0.9999974179659206,0,7617,2541,0,1,0,0,1
COL make VAL AYRES COL model VAL S2R COL series VAL T11 COL name VAL No Popular Name COL cert VAL A3SW,COL make VAL PA COL model VAL 15 COL series VAL 15 COL name VAL VAGABOND COL cert VAL A800,0,0.9999970921636662,0,866,2542,0,1,0,0,1
COL make VAL BOEING COL model VAL 747 COL series VAL 238B COL name VAL No Popular Name COL cert VAL A20WE,COL make VAL PA COL model VAL 16 COL series VAL 16 COL name VAL CLIPPER COL cert VAL 1A1,0,0.9999971394368145,0,2477,2543,0,1,0,0,1
COL make VAL LOCKHEED COL model VAL P38 COL series VAL M COL name VAL LIGHTNING COL cert VAL LTC-10,COL make VAL PA COL model VAL 16 COL series VAL S COL name VAL CLIPPER COL cert VAL 1A1,0,0.9999971176568693,0,6604,2544,0,1,0,0,1
COL make VAL PILATUS COL model VAL PC6 COL series VAL AH2 COL name VAL TURBO PORTER COL cert VAL F56-10,COL make VAL PA COL model VAL 17 COL series VAL 17 COL name VAL VAGABOND COL cert VAL A805,0,0.9999972173027333,0,11246,2545,0,1,0,0,1
COL make VAL SCHLEICHER COL model VAL ASW12 COL series VAL ASW12 COL name VAL No Popular Name COL cert VAL 259/SP,COL make VAL PA COL model VAL 18 COL series VAL 105 COL name VAL SUPER CUB COL cert VAL 1A2,0,0.9999974416253016,0,8227,2546,0,1,0,0,1
COL make VAL GREAT LAKES COL model VAL 2T COL series VAL 1A COL name VAL SPORT TRAINER COL cert VAL A18EA,COL make VAL PA COL model VAL 18 COL series VAL 125 COL name VAL SUPER CUB COL cert VAL 1A2,0,0.9999975173660725,0,5466,2547,0,1,0,0,1
COL make VAL WACO COL model VAL UKS COL series VAL 7 COL name VAL No Popular Name COL cert VAL ATC 648,COL make VAL PA COL model VAL 18 COL series VAL 135 COL name VAL SUPER CUB COL cert VAL 1A2,0,0.9999972453502011,0,9531,2548,0,1,0,0,1
COL make VAL FAIRCHILD COL model VAL PILGRIM FC2 COL series VAL PILGRIM FC2 COL name VAL No Popular Name COL cert VAL ATC 10,COL make VAL PA COL model VAL 18 COL series VAL A150 COL name VAL SUPER CUB COL cert VAL 1A2,0,0.9999973311161099,0,21442,2549,0,1,0,0,1
COL make VAL LEARJET COL model VAL 55 COL series VAL B COL name VAL No Popular Name COL cert VAL A10CE,COL make VAL PA COL model VAL 18 COL series VAL 150 COL name VAL SUPER CUB COL cert VAL 1A2,0,0.999997135695594,0,6357,2550,0,1,0,0,1
COL make VAL RYAN COL model VAL PT22 COL series VAL PT22 COL name VAL RECRUIT COL cert VAL A-749,COL make VAL PA COL model VAL 18 COL series VAL ARESTD COL name VAL SUPER CUB COL cert VAL AR7,0,0.9999968281940033,0,8079,2551,0,1,0,0,1
COL make VAL SCHWEIZER COL model VAL SGM2 37 COL series VAL SGM2 37 COL name VAL CONDOR COL cert VAL G1NE,COL make VAL PA COL model VAL 18 COL series VAL A COL name VAL SUPER CUB COL cert VAL 1A2,0,0.9999973736969617,0,8280,2552,0,1,0,0,1
COL make VAL AEROSTAR INTERNATIONAL COL model VAL S57A COL series VAL S57A COL name VAL No Popular Name COL cert VAL A15CE,COL make VAL PA COL model VAL 18 COL series VAL A135RESTD COL name VAL SUPER CUB COL cert VAL AR7,0,0.999997512410443,0,299,2553,0,1,0,0,1
COL make VAL DASSAULT COL model VAL FANJET FALCON COL series VAL C COL name VAL No Popular Name COL cert VAL 103,COL make VAL PA COL model VAL 18 COL series VAL A135 COL name VAL SUPER CUB COL cert VAL 1A2,0,0.9999970343509338,0,4431,2554,0,1,0,0,1
COL make VAL EMBRAER COL model VAL ERJ170 COL series VAL 100SU COL name VAL No Popular Name COL cert VAL EA-2003T05,COL make VAL PA COL model VAL 18 COL series VAL A150RESTD COL name VAL SUPER CUB COL cert VAL AR7,0,0.9999977096421453,0,4941,2555,0,1,0,0,1
COL make VAL STINSON COL model VAL SR8 COL series VAL B COL name VAL RELIANT COL cert VAL ATC 608,COL make VAL PA COL model VAL 18 COL series VAL 18 COL name VAL SUPER CUB COL cert VAL 1A2,0,0.9999972683036106,0,8779,2556,0,1,0,0,1
COL make VAL STINSON COL model VAL SR8 COL series VAL B COL name VAL RELIANT COL cert VAL ATC 608,COL make VAL PA COL model VAL 18 COL series VAL S105 COL name VAL SUPER CUB COL cert VAL 1A2,0,0.9999973358117584,0,8779,2557,0,1,0,0,1
COL make VAL LAISTER COL model VAL LP46 COL series VAL LP46 COL name VAL No Popular Name COL cert VAL G2WE,COL make VAL PA COL model VAL 18 COL series VAL S125 COL name VAL SUPER CUB COL cert VAL 1A2,0,0.9999968915126121,0,21587,2558,0,1,0,0,1
COL make VAL CALLAIR COL model VAL B1 COL series VAL A COL name VAL SNIPE COMMANDER COL cert VAL A8WE,COL make VAL PA COL model VAL 18 COL series VAL AS135 COL name VAL SUPER CUB COL cert VAL 1A2,0,0.9999968812430473,0,3110,2559,0,1,0,0,1
COL make VAL LET COL model VAL L23 COL series VAL L23 COL name VAL SUPER BLANIK COL cert VAL EASA.A.044,COL make VAL PA COL model VAL 18 COL series VAL S COL name VAL SUPER CUB COL cert VAL 1A2,0,0.9999968071866585,0,6370,2560,0,1,0,0,1
COL make VAL CALLAIR COL model VAL A COL series VAL A COL name VAL No Popular Name COL cert VAL A-758,COL make VAL PA COL model VAL 19 COL series VAL 19 COL cert VAL 1A2,0,0.9999971753585927,0,3094,2561,0,1,0,0,1
COL make VAL BOEING COL model VAL 777 COL series VAL 232LR COL name VAL No Popular Name COL cert VAL T00001SE,COL make VAL PA COL model VAL 20 COL series VAL 115 COL name VAL PACER COL cert VAL 1A4,0,0.9999972383152375,0,2821,2562,0,1,0,0,1
COL make VAL CESSNA COL model VAL 180 COL series VAL B COL name VAL No Popular Name COL cert VAL 5A6,COL make VAL PA COL model VAL 20 COL series VAL 135 COL name VAL PACER COL cert VAL 1A4,0,0.9999968488152101,0,3698,2563,0,1,0,0,1
COL make VAL CESSNA COL model VAL TU206 COL series VAL B COL name VAL TURBO SKYWAGON COL cert VAL A4CE,COL make VAL PA COL model VAL 20 COL series VAL 20 COL name VAL PACER COL cert VAL 1A4,0,0.9999968853715722,0,4001,2564,0,1,0,0,1
COL make VAL SWEARINGEN COL model VAL SA227 COL series VAL TT COL name VAL MERLIN IIIC COL cert VAL A5SW,COL make VAL PA COL model VAL 20 COL series VAL S135 COL name VAL PACER COL cert VAL 1A4,0,0.9999967721361919,0,8904,2565,0,1,0,0,1
COL make VAL CANADAIR COL model VAL CL600 1A11 COL series VAL 600 COL name VAL CHALLENGER 600 COL cert VAL A-131,COL make VAL PA COL model VAL 20 COL series VAL S COL name VAL PACER COL cert VAL 1A4,0,0.9999971072103787,0,3578,2566,0,1,0,0,1
COL make VAL STINSON COL model VAL SR8 COL series VAL C COL name VAL RELIANT COL cert VAL ATC 608,COL make VAL PA COL model VAL 22 COL series VAL 108 COL name VAL COLT COL cert VAL 1A6,0,0.9999968777939636,0,8780,2567,0,1,0,0,1
COL make VAL CESSNA COL model VAL TP206 COL series VAL E COL name VAL TURBO SUPER SKYLANE COL cert VAL A4CE,COL make VAL PA COL model VAL 22 COL series VAL 135 COL name VAL TRI-PACER COL cert VAL 1A6,0,0.9999972100431546,0,3998,2568,0,1,0,0,1
COL make VAL SWEARINGEN COL model VAL SA227 COL series VAL CC COL name VAL METRO 23 COL cert VAL A18SW,COL make VAL PA COL model VAL 22 COL series VAL 150 COL name VAL TRI-PACER COL cert VAL 1A6,0,0.9999972273516577,0,8901,2569,0,1,0,0,1
COL make VAL BEECH COL model VAL C45 COL series VAL C45 COL name VAL VOYAGER COL cert VAL A-757,COL make VAL PA COL model VAL 22 COL series VAL 160 COL name VAL TRI-PACER COL cert VAL 1A6,0,0.9999974192472888,0,1364,2570,0,1,0,0,1
COL make VAL TAYLORCRAFT COL model VAL BL COL series VAL 65 COL name VAL No Popular Name COL cert VAL A-700,COL make VAL PA COL model VAL 22 COL series VAL 22 COL name VAL TRI-PACER COL cert VAL 1A6,0,0.9999970554099435,0,8940,2571,0,1,0,0,1
COL make VAL PIPER COL model VAL PA60 COL series VAL 602P COL name VAL AEROSTAR 602P COL cert VAL A17WE,COL make VAL PA COL model VAL 22 COL series VAL S135 COL name VAL TRI-PACER COL cert VAL 1A6,0,0.9999971688604659,0,7641,2572,0,1,0,0,1
COL make VAL MITSUBISHI COL model VAL MU2B COL series VAL 60 COL name VAL MARQUISE COL cert VAL NOT IDENTIFIED,COL make VAL PA COL model VAL 22 COL series VAL S150 COL name VAL TRI-PACER COL cert VAL 1A6,0,0.999997283814706,0,6998,2573,0,1,0,0,1
COL make VAL CESSNA COL model VAL 408 COL series VAL 408 COL name VAL SKYCOURIER COL cert VAL A00016WI,COL make VAL PA COL model VAL 22 COL series VAL S160 COL name VAL TRI-PACER COL cert VAL 1A6,0,0.9999972788756057,0,12481,2574,0,1,0,0,1
COL make VAL AERO COMMANDER COL model VAL 690 COL series VAL C COL name VAL JETPROP 840 COL cert VAL 2A4,COL make VAL PA COL model VAL 23 COL series VAL 160 COL name VAL APACHE COL cert VAL 1A10,0,0.9999972621589965,0,94,2575,0,1,0,0,1
COL make VAL CANADAIR COL model VAL CL600 2B16 COL series VAL 601 3A COL name VAL CHALLENGER 601 COL cert VAL A-131,COL make VAL PA COL model VAL 23 COL series VAL 235 COL name VAL APACHE COL cert VAL 1A10,0,0.999997372361654,0,3580,2576,0,1,0,0,1
COL make VAL PIPER COL model VAL J4 COL series VAL F COL name VAL CUB COUPE COL cert VAL TC 721,COL make VAL PA COL model VAL 23 COL series VAL 250 COL name VAL AZTEC COL cert VAL 1A10,0,0.9999972008819806,0,7472,2577,0,1,0,0,1
COL make VAL MCDONNELL DOUGLAS COL model VAL DC10 COL series VAL 40 COL name VAL No Popular Name COL cert VAL A22WE,COL make VAL PA COL model VAL 23 COL series VAL 23 COL name VAL APACHE COL cert VAL 1A10,0,0.9999970481235666,0,6829,2578,0,1,0,0,1
COL make VAL BEECH COL model VAL 33 COL series VAL E33A COL name VAL BONANZA COL cert VAL 3A15,COL make VAL PA COL model VAL 24 COL series VAL 250 COL name VAL COMANCHE 250 COL cert VAL 1A15,0,0.9999972304264737,0,1205,2579,0,1,0,0,1
COL make VAL THRUSH COL model VAL S2R COL series VAL G10 COL name VAL No Popular Name COL cert VAL A4SW,COL make VAL PA COL model VAL 24 COL series VAL 260 COL name VAL COMANCHE 260 COL cert VAL 1A15,0,0.9999969124333444,0,11663,2580,0,1,0,0,1
COL make VAL BEECH COL model VAL 35 COL series VAL V35B COL name VAL BONANZA COL cert VAL 3A15,COL make VAL PA COL model VAL 24 COL series VAL 400 COL name VAL COMANCHE 400 COL cert VAL 1A15,0,0.9999971364780923,0,1229,2581,0,1,0,0,1
COL make VAL PIPER COL model VAL PA31T COL series VAL 3 COL name VAL T-1040 COL cert VAL A8EA,COL make VAL PA COL model VAL 24 COL series VAL 24 COL name VAL COMANCHE COL cert VAL 1A15,0,0.9999971459289863,0,7593,2582,0,1,0,0,1
COL make VAL TRAVEL AIR COL model VAL TRAVEL AIR 2000 COL series VAL T COL name VAL No Popular Name COL cert VAL TC 2-368,COL make VAL PA COL model VAL 25 COL series VAL 25RESTD COL name VAL PAWNEE COL cert VAL 2A10,0,0.9999975127401771,0,9133,2583,0,1,0,0,1
COL make VAL MITSUBISHI COL model VAL MU2B COL series VAL 35 COL name VAL MARQUISE COL cert VAL NOT IDENTIFIED,COL make VAL PA COL model VAL 25 COL series VAL 235RESTD COL name VAL PAWNEE COL cert VAL 2A10,0,0.9999974970521159,0,6996,2584,0,1,0,0,1
COL make VAL DASSAULT COL model VAL FANJET FALCON COL series VAL D COL name VAL No Popular Name COL cert VAL 103,COL make VAL PA COL model VAL 25 COL series VAL 25 COL name VAL PAWNEE COL cert VAL 2A8,0,0.9999974538683587,0,4432,2585,0,1,0,0,1
COL make VAL GRUMMAN COL model VAL TBM3 COL series VAL E COL name VAL AVENGER COL cert VAL LTC-8,COL make VAL PA COL model VAL 28 COL series VAL 140 COL name VAL CHEROKEE CRUISER COL cert VAL 2A13,0,0.9999973373205433,0,5595,2586,0,1,0,0,1
COL make VAL BEECH COL model VAL 58 COL series VAL TCA COL name VAL TURBO BARON COL cert VAL A23CE,COL make VAL PA COL model VAL 28 COL series VAL 150 COL name VAL CHEROKEE COL cert VAL 2A13,0,0.9999972432569757,0,1281,2587,0,1,0,0,1
COL make VAL CESSNA COL model VAL 551 COL series VAL 551 COL name VAL CITATION II SP COL cert VAL A27CE,COL make VAL PA COL model VAL 28 COL series VAL 151 COL name VAL CHEROKEE WARRIOR COL cert VAL 2A13,0,0.9999973228325264,0,3845,2588,0,1,0,0,1
COL make VAL BOEING COL model VAL 777 COL series VAL 267 COL name VAL No Popular Name COL cert VAL T00001SE,COL make VAL PA COL model VAL 28 COL series VAL 160 COL name VAL CHEROKEE COL cert VAL 2A13,0,0.9999973553140522,0,2833,2589,0,1,0,0,1
COL make VAL BOEING COL model VAL 737 COL series VAL 3T5 COL name VAL No Popular Name COL cert VAL A16WE,COL make VAL PA COL model VAL 28 COL series VAL 161 COL name VAL WARRIOR II COL cert VAL 2A13,0,0.9999974347185394,0,2115,2590,0,1,0,0,1
COL make VAL DOUGLAS COL model VAL DC9 COL series VAL 41 COL name VAL No Popular Name COL cert VAL A6WE,COL make VAL PA COL model VAL 28 COL series VAL 180 COL name VAL ARCHER COL cert VAL 2A13,0,0.999997565125545,0,4813,2591,0,1,0,0,1
COL make VAL BOEING COL model VAL 737 COL series VAL 3S1 COL name VAL No Popular Name COL cert VAL A16WE,COL make VAL PA COL model VAL 28 COL series VAL 181 COL name VAL ARCHER II COL cert VAL 2A13,0,0.999997559432146,0,2112,2592,0,1,0,0,1
COL make VAL LUSCOMBE COL model VAL 8 COL series VAL D COL name VAL SILVAIRE DELUXE TRAINER COL cert VAL A-694,COL make VAL PA COL model VAL 28 COL series VAL 201T COL name VAL CHEROKEE COL cert VAL 2A13,0,0.9999975194498855,0,6655,2593,0,1,0,0,1
COL make VAL HELIO COL model VAL H295 COL series VAL H295 COL name VAL SUPER COURIER COL cert VAL 1A8,COL make VAL PA COL model VAL 28 COL series VAL 235 COL name VAL CHEROKEE PATHFINDER COL cert VAL 2A13,0,0.9999974880681053,0,5749,2594,0,1,0,0,1
COL make VAL BEECH COL model VAL 60 COL series VAL A60 COL name VAL DUKE COL cert VAL A12CE,COL make VAL PA COL model VAL 28 COL series VAL 236 COL name VAL DAKOTA COL cert VAL 2A13,0,0.9999976033695677,0,1284,2595,0,1,0,0,1
COL make VAL LEARJET COL model VAL 45 COL series VAL 45 COL name VAL LEARJET 75 COL cert VAL T00008WI,COL make VAL PA COL model VAL 28R COL series VAL 180 COL name VAL ARROW COL cert VAL 2A13,0,0.9999975738813897,0,11421,2596,0,1,0,0,1
COL make VAL AMERICAN BLIMP COL model VAL A150 COL series VAL A150 COL name VAL LIGHTSHIP COL cert VAL S00002SE,COL make VAL PA COL model VAL 28R COL series VAL 200 COL name VAL ARROW II COL cert VAL 2A13,0,0.9999977001187267,0,540,2597,0,1,0,0,1
COL make VAL BOEING COL model VAL 737 COL series VAL 2K6 COL name VAL No Popular Name COL cert VAL A16WE,COL make VAL PA COL model VAL 28R COL series VAL 201 COL name VAL ARROW III COL cert VAL 2A13,0,0.9999975996709023,0,2007,2598,0,1,0,0,1
COL make VAL SCHWEIZER COL model VAL SGS2 33 COL series VAL AK COL name VAL No Popular Name COL cert VAL G2EA,COL make VAL PA COL model VAL 28R COL series VAL 201T COL name VAL TURBO ARROW III COL cert VAL 2A13,0,0.9999977311850204,0,8301,2599,0,1,0,0,1
COL make VAL BOEING COL model VAL 737 COL series VAL 8B5 COL name VAL No Popular Name COL cert VAL A16WE,COL make VAL PA COL model VAL 28RT COL series VAL 201 COL name VAL ARROW IV COL cert VAL 2A13,0,0.9999976368495361,0,2370,2600,0,1,0,0,1
COL make VAL HAWKER SIDDELEY COL model VAL HS125 COL series VAL 600A COL name VAL No Popular Name COL cert VAL A3EU,COL make VAL PA COL model VAL 28RT COL series VAL 201T COL name VAL TURBO ARROW IV COL cert VAL 2A13,0,0.9999975925044151,0,5711,2601,0,1,0,0,1
COL make VAL SIKORSKY COL model VAL S58 COL series VAL JT COL name VAL No Popular Name COL cert VAL 1H11,COL make VAL PA COL model VAL 28 COL series VAL S180 COL name VAL CHEROKEE COL cert VAL 2A13,0,0.9999973449402831,0,8480,2602,0,1,0,0,1
COL make VAL OMEGA COL model VAL BS12 COL series VAL D1 COL name VAL No Popular Name COL cert VAL 1H14,COL make VAL PA COL model VAL 30 COL series VAL 30 COL name VAL TWIN COMANCHE COL cert VAL A1EA,0,0.9999970547906766,0,21346,2603,0,1,0,0,1
COL make VAL PIPER COL model VAL J3L COL series VAL 65 COL name VAL CUB COL cert VAL A-698,COL make VAL PA COL model VAL 31 COL series VAL 31 COL name VAL NAVAJO COL cert VAL A20SO,0,0.9999973849199598,0,7462,2604,0,1,0,0,1
COL make VAL STINSON COL model VAL SM7 COL series VAL A COL name VAL JUNIOR COL cert VAL ATC 298,COL make VAL PA COL model VAL 31 COL series VAL 300 COL name VAL NAVAJO COL cert VAL A20SO,0,0.9999974349766254,0,22175,2605,0,1,0,0,1
COL make VAL STINSON COL model VAL AT19 COL series VAL AT19 COL name VAL No Popular Name COL cert VAL A-774,COL make VAL PA COL model VAL 31 COL series VAL 325 COL name VAL NAVAJO C/R COL cert VAL A20SO,0,0.999997373247342,0,8760,2606,0,1,0,0,1
COL make VAL BEECH COL model VAL 200 COL series VAL C COL name VAL SUPER KING AIR COL cert VAL A24CE,COL make VAL PA COL model VAL 31 COL series VAL 350 COL name VAL CHIEFTAIN COL cert VAL A20SO,0,0.999997306383387,0,1179,2607,0,1,0,0,1
COL make VAL FAIRCHILD COL model VAL PILGRIM FC2 COL series VAL PILGRIM FC2 COL name VAL No Popular Name COL cert VAL ATC 10,COL make VAL PA COL model VAL 31 COL series VAL T2 COL name VAL CHEYENNE IIXL COL cert VAL A8EA,0,0.9999971859159426,0,21442,2608,0,1,0,0,1
COL make VAL WACO COL model VAL UKC COL series VAL S COL name VAL No Popular Name COL cert VAL ATC 528,COL make VAL PA COL model VAL 31 COL series VAL T3 COL cert VAL A8EA,0,0.9999973394793611,0,9529,2609,0,1,0,0,1
COL make VAL BOEING COL model VAL 737 COL series VAL 2T5 COL name VAL No Popular Name COL cert VAL A16WE,COL make VAL PA COL model VAL 31P COL series VAL 350 COL name VAL MOHAVE COL cert VAL A8EA,0,0.9999973632821465,0,2043,2610,0,1,0,0,1
COL make VAL CHAMPION COL model VAL 7HC COL series VAL 7HC COL name VAL DX COL cert VAL A-759,COL make VAL PA COL model VAL 31 COL series VAL P COL name VAL PRESSURIZED NAVAJO COL cert VAL A8EA,0,0.9999975002939356,0,4058,2611,0,1,0,0,1
COL make VAL BEECH COL model VAL 55 COL series VAL 95A55 COL name VAL BARON COL cert VAL 3A16,COL make VAL PA COL model VAL 31T COL series VAL 31T COL name VAL CHEYENNE/CHEYENNE II COL cert VAL A8EA,0,0.9999970204231142,0,1264,2612,0,1,0,0,1
COL make VAL AERO COMMANDER COL model VAL 680 COL series VAL W COL name VAL TURBO COMMANDER COL cert VAL 2A4,COL make VAL PA COL model VAL 31 COL series VAL T COL name VAL CHEYENNE/CHEYENNE II COL cert VAL A8EA,0,0.9999972578448376,0,7986,2613,0,1,0,0,1
COL make VAL CESSNA COL model VAL M337 COL series VAL B COL name VAL No Popular Name COL cert VAL A6CE,COL make VAL PA COL model VAL 31 COL series VAL T1 COL name VAL CHEYENNE I/IA COL cert VAL A8EA,0,0.999997461797331,0,3933,2614,0,1,0,0,1
COL make VAL LOCKHEED COL model VAL 1049 COL series VAL H82 COL name VAL SUPER CONSTELLATION COL cert VAL 6A5,COL make VAL PA COL model VAL 32 COL series VAL 260 COL name VAL CHEROKEE SIX 260 COL cert VAL A3S0,0,0.9999973759376503,0,6516,2615,0,1,0,0,1
COL make VAL MAULE COL model VAL M4 COL series VAL 220C COL name VAL STRATA ROCKET COL cert VAL 3A23,COL make VAL PA COL model VAL 32 COL series VAL 300 COL name VAL CHEROKEE SIX 300 COL cert VAL A3SO,0,0.9999972621433305,0,6718,2616,0,1,0,0,1
COL make VAL BOEING COL model VAL 737 COL series VAL 809 COL name VAL No Popular Name COL cert VAL A16WE,COL make VAL PA COL model VAL 32 COL series VAL 301 COL name VAL SARATOGA COL cert VAL A3SO,0,0.9999973113199946,0,2330,2617,0,1,0,0,1
COL make VAL BOEING COL model VAL 737 COL series VAL 2S5C COL name VAL No Popular Name COL cert VAL A16WE,COL make VAL PA COL model VAL 32 COL series VAL 301T COL name VAL TURBO SARATOGA COL cert VAL A3SO,0,0.9999975389590052,0,2037,2618,0,1,0,0,1
COL make VAL CESSNA COL model VAL T337 COL series VAL E COL name VAL No Popular Name COL cert VAL A6CE,COL make VAL PA COL model VAL 32R COL series VAL 300 COL name VAL LANCE COL cert VAL A3S0,0,0.9999973839371675,0,3982,2619,0,1,0,0,1
COL make VAL BEECH COL model VAL 95 COL series VAL 95 COL name VAL TRAVEL AIR COL cert VAL 3A16,COL make VAL PA COL model VAL 32R COL series VAL 301 COL name VAL SARATOGA SP COL cert VAL A3SO,0,0.9999973091537246,0,1316,2620,0,1,0,0,1
COL make VAL BAC COL model VAL ONE ELEVEN COL series VAL 201AC COL name VAL No Popular Name COL cert VAL NOT CERTIFICATED,COL make VAL PA COL model VAL 32R COL series VAL 301T COL name VAL TURBO SARATOGA SP COL cert VAL A3SO,0,0.9999970152384858,0,914,2621,0,1,0,0,1
COL make VAL BOEING COL model VAL 737 COL series VAL 2H4C COL name VAL No Popular Name COL cert VAL A16WE,COL make VAL PA COL model VAL 32RT COL series VAL 300 COL name VAL LANCE II COL cert VAL A3SO,0,0.9999974497675159,0,1996,2622,0,1,0,0,1
COL make VAL DOUGLAS COL model VAL DC7 COL series VAL C COL name VAL SEVEN SEAS COL cert VAL 4A10,COL make VAL PA COL model VAL 32RT COL series VAL 300T COL name VAL TURBO LANCE II COL cert VAL A3SO,0,0.9999971591577084,0,4752,2623,0,1,0,0,1
COL make VAL BOEING COL model VAL 737 COL series VAL 2N8 COL name VAL No Popular Name COL cert VAL A16WE,COL make VAL PA COL model VAL 32S COL series VAL 300 COL name VAL CHEROKEE SIX SEAPLAN COL cert VAL A3S0,0,0.9999973979319712,0,2022,2624,0,1,0,0,1
COL make VAL NATIONAL BALLOONING COL model VAL 755 COL series VAL 12 COL name VAL No Popular Name COL cert VAL A33CE,COL make VAL PA COL model VAL 34 COL series VAL 200 COL name VAL SENECA COL cert VAL A7SO,0,0.9999973307177502,0,7098,2625,0,1,0,0,1
COL make VAL CESSNA COL model VAL UC77 COL series VAL B COL name VAL No Popular Name COL cert VAL ATC 573,COL make VAL PA COL model VAL 34 COL series VAL 200T COL name VAL SENECA II COL cert VAL A7SO,0,0.9999971286516965,0,4017,2626,0,1,0,0,1
COL make VAL FAIRCHILD COL model VAL KR34 COL series VAL B2 COL name VAL CHALLENGER COL cert VAL TC 2-505,COL make VAL PA COL model VAL 34 COL series VAL 220T COL name VAL SENECA III COL cert VAL A7SO,0,0.9999969920625803,0,5132,2627,0,1,0,0,1
COL make VAL PIPER COL model VAL PA60 COL series VAL 602P COL name VAL AEROSTAR 602P COL cert VAL A17WE,COL make VAL PA COL model VAL 36 COL series VAL 285 COL name VAL PAWNEE BRAVE COL cert VAL A9S0,0,0.9999974203066141,0,7641,2628,0,1,0,0,1
COL make VAL BEECH COL model VAL 400 COL series VAL 400 COL name VAL BEECHJET COL cert VAL A16SW,COL make VAL PA COL model VAL 36 COL series VAL 285RESTD COL name VAL PAWNEE BRAVE COL cert VAL A10SO,0,0.9999973493512537,0,1244,2629,0,1,0,0,1
COL make VAL LEARJET COL model VAL 24 COL series VAL 24 COL name VAL No Popular Name COL cert VAL A10CE,COL make VAL PA COL model VAL 36 COL series VAL 300 COL name VAL PAWNEE BRAVE COL cert VAL A9S0,0,0.9999973460655432,0,6343,2630,0,1,0,0,1
COL make VAL VARGA COL model VAL 2180 COL series VAL 2180 COL name VAL KACHINA COL cert VAL 4A19,COL make VAL PA COL model VAL 36 COL series VAL 375 COL name VAL PAWNEE BRAVE COL cert VAL A9S0,0,0.9999970323903054,0,9325,2631,0,1,0,0,1
COL make VAL DOUGLAS COL model VAL C53 COL series VAL C53 COL name VAL SKYTROOPER COL cert VAL A-669,COL make VAL PA COL model VAL 38 COL series VAL 112 COL name VAL TOMAHAWK COL cert VAL A18SO,0,0.9999973920714781,0,16401,2632,0,1,0,0,1
COL make VAL TAYLORCRAFT COL model VAL BL COL series VAL 65 COL name VAL No Popular Name COL cert VAL A-700,COL make VAL PA COL model VAL 39 COL series VAL 39 COL name VAL TWIN COMANCHE C/R COL cert VAL A1EA,0,0.9999973497379866,0,8940,2633,0,1,0,0,1
COL make VAL BALLOON WORKS COL model VAL FIREFLY 6B COL series VAL 15 COL name VAL No Popular Name COL cert VAL A14SO,COL make VAL PA COL model VAL 40 COL series VAL 40 COL cert VAL A1EA,0,0.9999973769684753,0,1067,2634,0,1,0,0,1
COL make VAL GLASFLUGEL COL model VAL STANDARD LIBELLE COL series VAL 201B COL name VAL No Popular Name COL cert VAL EASA.A.241,COL make VAL PA COL model VAL 42 COL series VAL 1000 COL name VAL CHEYENNE COL cert VAL A23SO,0,0.9999970945752807,0,5438,2635,0,1,0,0,1
COL make VAL BOEING COL model VAL 737 COL series VAL 8B5 COL name VAL No Popular Name COL cert VAL A16WE,COL make VAL PA COL model VAL 42 COL series VAL 42 COL name VAL CHEYENNE III COL cert VAL A23SO,0,0.9999971788152898,0,2370,2636,0,1,0,0,1
COL make VAL CESSNA COL model VAL 210 COL series VAL M COL name VAL CENTURION COL cert VAL 3A21,COL make VAL PA COL model VAL 42 COL series VAL 720 COL name VAL CHEYENNE IIIA COL cert VAL A23SO,0,0.9999971881452239,0,3760,2637,0,1,0,0,1
COL make VAL SIKORSKY COL model VAL S58 COL series VAL H COL name VAL No Popular Name COL cert VAL 1H11,COL make VAL PA COL model VAL 44 COL series VAL 180 COL name VAL SEMINOLE COL cert VAL A19SO,0,0.9999972548253329,0,8477,2638,0,1,0,0,1
COL make VAL BOEING COL model VAL 777 COL series VAL FHT COL name VAL No Popular Name COL cert VAL T00001SE,COL make VAL PA COL model VAL 44 COL series VAL 180T COL name VAL TURBO SEMINOLE COL cert VAL A19SO,0,0.9999976113250767,0,9866,2639,0,1,0,0,1
COL make VAL BELL COL model VAL UH1 COL series VAL H COL name VAL IROQUOIS COL cert VAL H13WE,COL make VAL PA COL model VAL 46 COL series VAL 350P COL cert VAL A25SO,0,0.9999974475570093,0,5382,2640,0,1,0,0,1
COL make VAL WACO COL model VAL VKS COL series VAL 7F COL name VAL No Popular Name COL cert VAL ATC 648,COL make VAL PA COL model VAL 46 COL series VAL 310P COL name VAL MALIBU COL cert VAL A25SO,0,0.9999976336719798,0,9537,2641,0,1,0,0,1
COL make VAL NORTH AMERICAN COL model VAL B25 COL series VAL C COL name VAL MITCHELL COL cert VAL AL-2,COL make VAL PA COL model VAL 46 COL series VAL 500TP COL cert VAL A25SO,0,0.9999970164366142,0,7170,2642,0,1,0,0,1
COL make VAL CESSNA COL model VAL 551 COL series VAL 551 COL name VAL CITATION II SP COL cert VAL A27CE,COL make VAL PA COL model VAL 46 COL series VAL 600TP COL cert VAL A25SO,0,0.9999974189482367,0,3845,2643,0,1,0,0,1
COL make VAL SWEARINGEN COL model VAL SA226 COL series VAL T COL name VAL MERLIN III COL cert VAL A5SW,COL make VAL PA COL model VAL 46R COL series VAL 350T COL name VAL MALIBU MATRIX COL cert VAL A25SO,0,0.9999974296849565,0,8895,2644,0,1,0,0,1
COL make VAL EMBRAER COL model VAL ERJ170 COL series VAL 100SU COL name VAL No Popular Name COL cert VAL EA-2003T05,COL make VAL PA COL model VAL 60 COL series VAL 602P COL name VAL AEROSTAR 602P COL cert VAL A17WE,0,0.9999977080044643,0,4941,2645,0,1,0,0,1
COL make VAL CALLAIR COL model VAL A9 COL series VAL A9 COL name VAL No Popular Name COL cert VAL A-758,COL make VAL PA COL model VAL 23 COL series VAL E23250 COL name VAL AZTEC COL cert VAL 1A10,0,0.9999971213694911,0,3108,2646,0,1,0,0,1
COL make VAL BOEING COL model VAL 737 COL series VAL 2N7 COL name VAL No Popular Name COL cert VAL A16WE,COL make VAL PITCAN COL model VAL PA4 COL series VAL PA4 COL cert VAL 221,0,0.9999968459935726,0,2021,2647,0,1,0,0,1
COL make VAL CUB CRAFTERS COL model VAL CC18 COL series VAL 180 COL name VAL TOP CUB COL cert VAL A00006SE,COL make VAL PITCAN COL model VAL PA5 COL series VAL PA5 COL cert VAL ATC18,0,0.9999974064494624,0,10743,2648,0,1,0,0,1
COL make VAL CESSNA COL model VAL 182 COL series VAL H COL name VAL SKYLANE COL cert VAL 3A13,COL make VAL PITCAN COL model VAL PA6 COL series VAL PA6 COL cert VAL ATC92,0,0.9999967927349532,0,3715,2649,0,1,0,0,1
COL make VAL SCHWEIZER COL model VAL SGS2 33 COL series VAL AK COL name VAL No Popular Name COL cert VAL G2EA,COL make VAL PITCAN COL model VAL PA7 COL series VAL S COL cert VAL ATC196,0,0.9999973681910284,0,8301,2650,0,1,0,0,1
COL make VAL CESSNA COL model VAL C38 COL series VAL C38 COL name VAL AIRMASTER COL cert VAL TC 668,COL make VAL PITTS COL model VAL S1 COL series VAL S COL cert VAL A8SO,0,0.9999971830791717,0,3879,2651,0,1,0,0,1
COL make VAL BOEING COL model VAL 737 COL series VAL 79L COL name VAL No Popular Name COL cert VAL A16WE,COL make VAL PITTS COL model VAL S1 COL series VAL T COL cert VAL A8SO,0,0.999996908807981,0,2244,2652,0,1,0,0,1
COL make VAL BEECH COL model VAL 35 COL series VAL K35 COL name VAL BONANZA COL cert VAL 3A15,COL make VAL PITTS COL model VAL S2 COL series VAL A COL cert VAL A8SO,0,0.9999970540153562,0,1220,2653,0,1,0,0,1
COL make VAL DOUGLAS COL model VAL DC8 COL series VAL 73 COL name VAL SUPER 70 COL cert VAL 4A25,COL make VAL PITTS COL model VAL S2 COL series VAL B COL cert VAL A8SO,0,0.9999972114197284,0,4787,2654,0,1,0,0,1
COL make VAL CESSNA COL model VAL 175 COL series VAL B COL name VAL SKYLARK COL cert VAL 3A17,COL make VAL PITTS COL model VAL S2 COL series VAL S COL cert VAL A8SO,0,0.9999968473498374,0,3690,2655,0,1,0,0,1
COL make VAL EMBRAER COL model VAL EMB145 COL series VAL LR COL name VAL ERJ145LR COL cert VAL EA-9606,COL make VAL PITTS COL model VAL S2 COL series VAL S2 COL cert VAL A8SO,0,0.9999968298254956,0,4915,2656,0,1,0,0,1
COL make VAL BOEING COL model VAL 737 COL series VAL 2T7 COL name VAL No Popular Name COL cert VAL A16WE,COL make VAL NORWST COL model VAL 35 COL series VAL PORTFLD COL name VAL PORTERFIELD COL cert VAL ATC567,0,0.9999972057921073,0,2044,2657,0,1,0,0,1
COL make VAL PIPER COL model VAL PA31T COL series VAL 3 COL name VAL T-1040 COL cert VAL A8EA,COL make VAL NORWST COL model VAL 35 COL series VAL 70 COL name VAL PORTERFIELD COL cert VAL ATC567,0,0.9999974502782026,0,7593,2658,0,1,0,0,1
COL make VAL CESSNA COL model VAL 150 COL series VAL G COL name VAL No Popular Name COL cert VAL 3A19,COL make VAL CP COL model VAL 50 COL series VAL 50 COL name VAL PORTERFIELD COL cert VAL 690,0,0.999997275078983,0,3658,2659,0,1,0,0,1
COL make VAL CESSNA COL model VAL 208 COL series VAL B COL name VAL CARAVAN COL cert VAL A37CE,COL make VAL CP COL model VAL 65 COL series VAL 55 COL name VAL PORTERFIELD COL cert VAL A720,0,0.9999973456365072,0,3747,2660,0,1,0,0,1
COL make VAL BOEING COL model VAL 737 COL series VAL 382 COL name VAL No Popular Name COL cert VAL A16WE,COL make VAL CP COL model VAL 65 COL series VAL LP65 COL name VAL PORTERFIELD COL cert VAL A720,0,0.9999972432004509,0,2090,2661,0,1,0,0,1
COL make VAL CESSNA COL model VAL 182 COL series VAL G COL name VAL SKYLANE COL cert VAL 3A13,COL make VAL CP COL model VAL 65 COL series VAL PORTFLD COL name VAL PORTERFIELD COL cert VAL A720,0,0.9999974851126439,0,3714,2662,0,1,0,0,1
COL make VAL PITTS COL model VAL S2 COL series VAL B COL name VAL PITTS SPECIAL COL cert VAL A8SO,COL make VAL PRTFLD COL model VAL 65 COL series VAL CP65 COL cert VAL A720,0,0.9999975418699415,0,7671,2663,0,1,0,0,1
COL make VAL CESSNA COL model VAL U3 COL series VAL B COL name VAL No Popular Name COL cert VAL 3A10,COL make VAL CP COL model VAL 65 COL series VAL CS65 COL name VAL PORTERFIELD COL cert VAL A720,0,0.99999775216301,0,4016,2664,0,1,0,0,1
COL make VAL AEROSTAR INTERNATIONAL COL model VAL RXS8 COL series VAL RXS8 COL name VAL No Popular Name COL cert VAL A15CE,COL make VAL PRTFLD COL model VAL 65 COL series VAL FP65 COL cert VAL A720,0,0.9999975508764186,0,292,2665,0,1,0,0,1
COL make VAL CESSNA COL model VAL A152 COL series VAL A152 COL name VAL AEROBAT COL cert VAL 3A19,COL make VAL CP COL model VAL 65 COL series VAL FP65 COL name VAL PORTERFIELD COL cert VAL A720,0,0.9999975612178496,0,3860,2666,0,1,0,0,1
COL make VAL CESSNA COL model VAL 182 COL series VAL G COL name VAL SKYLANE COL cert VAL 3A13,COL make VAL PRTFLD COL model VAL 65 COL series VAL LP65 COL cert VAL A720,0,0.9999976897340486,0,3714,2667,0,1,0,0,1
COL make VAL PIPER COL model VAL PA60 COL series VAL 601 COL name VAL AEROSTAR 601 COL cert VAL A17WE,COL make VAL PR COL model VAL G1 COL series VAL G1 COL cert VAL GTC12,0,0.9999974652419436,0,7639,2668,0,1,0,0,1
COL make VAL BOEING COL model VAL 737 COL series VAL 298C COL name VAL No Popular Name COL cert VAL A16WE,COL make VAL SZD COL model VAL 41 COL series VAL A COL name VAL JANTAR STANDARD COL cert VAL G44EU,0,0.9999973949338108,0,1969,2669,0,1,0,0,1
COL make VAL PITCAIRN COL model VAL PA19 COL series VAL PA19 COL name VAL No Popular Name COL cert VAL ATC 509,COL make VAL KR COL model VAL 03A COL series VAL 03A COL name VAL PUCHATEK COL cert VAL G56EU,0,0.9999975158846854,0,21622,2670,0,1,0,0,1
COL make VAL SIKORSKY COL model VAL S58 COL series VAL BT COL name VAL No Popular Name COL cert VAL 1H11,COL make VAL WSK COL model VAL PZL COL series VAL M18A COL cert VAL A47EU,0,0.999996367752306,0,8470,2671,0,1,0,0,1
COL make VAL BEECH COL model VAL 33 COL series VAL E33A COL name VAL BONANZA COL cert VAL 3A15,COL make VAL WSK COL model VAL PZL COL series VAL M18 COL name VAL DROMADER COL cert VAL A47EU,0,0.9999971866619156,0,1205,2672,0,1,0,0,1
COL make VAL CESSNA COL model VAL 340 COL series VAL A COL name VAL No Popular Name COL cert VAL 3A25,COL make VAL PZL COL model VAL M28 COL series VAL 05 COL cert VAL A56CE,0,0.9999972563276509,0,3813,2673,0,1,0,0,1
COL make VAL BOEING COL model VAL 737 COL series VAL 319 COL name VAL No Popular Name COL cert VAL A16WE,COL make VAL WSK COL model VAL PZL COL series VAL 104 COL cert VAL A55EU,0,0.9999974324154091,0,2059,2674,0,1,0,0,1
COL make VAL CESSNA COL model VAL 320 COL series VAL A COL name VAL No Popular Name COL cert VAL 3A25,COL make VAL PZL COL model VAL PW5 COL series VAL PW5 COL name VAL SMYK COL cert VAL G11CE,0,0.999997001827134,0,3794,2675,0,1,0,0,1
COL make VAL BOEING COL model VAL 737 COL series VAL 296 COL name VAL No Popular Name COL cert VAL A16WE,COL make VAL QSTAIR KODIAK 100 COL name VAL KODIAK COL cert VAL A00007SE,0,0.999997420673155,0,1967,2677,0,1,0,0,1
COL make VAL BOEING COL model VAL 737 COL series VAL 298C COL name VAL No Popular Name COL cert VAL A16WE,COL make VAL QA COL model VAL KODIAK COL series VAL 100 COL cert VAL A00007SE,0,0.9999975180336511,0,1969,2678,0,1,0,0,1
COL make VAL BEECH COL model VAL 58 COL series VAL G58 COL name VAL BARON COL cert VAL 3A16,COL make VAL QCKSLV COL model VAL GT COL series VAL 500 COL cert VAL TA1CH,0,0.9999972842589148,0,1368,2679,0,1,0,0,1
COL make VAL BOEING COL model VAL 737 COL series VAL 8FV COL name VAL No Popular Name COL cert VAL A16WE,COL make VAL KINNER COL model VAL K COL series VAL K COL name VAL SPORTSTER COL cert VAL ATC490,0,0.9999969810514957,0,2393,2680,0,1,0,0,1
COL make VAL DOUGLAS COL model VAL DC3 COL series VAL G103A COL name VAL No Popular Name COL cert VAL A-618,COL make VAL RAYTHN COL model VAL 390 COL series VAL 390 COL name VAL PREMIER I COL cert VAL A00010WI,0,0.9999973407730509,0,15393,2681,0,1,0,0,1
COL make VAL CESSNA COL model VAL U206 COL series VAL D COL name VAL SKYWAGON COL cert VAL A4CE,COL make VAL HAWKER COL model VAL 850XP COL series VAL 850XP COL cert VAL A3EU,0,0.9999966340505153,0,4010,2682,0,1,0,0,1
COL make VAL BOEING COL model VAL 737 COL series VAL 2V6 COL name VAL No Popular Name COL cert VAL A16WE,COL make VAL HS COL model VAL 125 COL series VAL 800XP COL cert VAL A3EU,0,0.9999967703148515,0,2049,2683,0,1,0,0,1
COL make VAL DOUGLAS COL model VAL DC9 COL series VAL 81 COL name VAL MD81 COL cert VAL A6WE,COL make VAL HAWKER COL model VAL 800XP COL series VAL 800XP COL cert VAL A3EU,0,0.9999970747589827,0,4816,2684,0,1,0,0,1
COL make VAL CESSNA COL model VAL P206 COL series VAL E COL name VAL SUPER SKYLANE COL cert VAL A4CE,COL make VAL HS COL model VAL 125 COL series VAL 850XP COL cert VAL A3EU,0,0.9999970279805279,0,3947,2685,0,1,0,0,1
COL make VAL BEECH COL model VAL 95 COL series VAL B95 COL name VAL TRAVEL AIR COL cert VAL 3A16,COL make VAL BEECH COL model VAL HAWKER COL series VAL 800XP COL cert VAL A3EU,0,0.9999967510379904,0,1312,2686,0,1,0,0,1
COL make VAL BOEING COL model VAL 737 COL series VAL 347 COL name VAL No Popular Name COL cert VAL A16WE,COL make VAL COMWTH COL model VAL 175 COL series VAL 175 COL cert VAL A729,0,0.9999970930010281,0,2074,2687,0,1,0,0,1
COL make VAL AERO COMMANDER COL model VAL 695 COL series VAL A COL name VAL COMMANDER 1200 COL cert VAL 2A4,COL make VAL COMWTH COL model VAL 180 COL series VAL 180F COL cert VAL A729,0,0.9999973152812004,0,96,2688,0,1,0,0,1
COL make VAL LEARJET COL model VAL 28 COL series VAL 28 COL name VAL No Popular Name COL cert VAL A10CE,COL make VAL COMWTH COL model VAL 180 COL series VAL 180 COL cert VAL A729,0,0.9999968948843548,0,6348,2689,0,1,0,0,1
COL make VAL BOEING COL model VAL 737 COL series VAL 824 COL name VAL No Popular Name COL cert VAL A16WE,COL make VAL COMWTH COL model VAL 185 COL series VAL 185 COL cert VAL A729,0,0.9999970390788319,0,2335,2690,0,1,0,0,1
COL make VAL CESSNA COL model VAL TP206 COL series VAL A COL name VAL TURBO SUPER SKYLANE COL cert VAL A4CE,COL make VAL COMWTH COL model VAL 190 COL series VAL 190 COL cert VAL A729,0,0.9999971689185149,0,3994,2691,0,1,0,0,1
COL make VAL CESSNA COL model VAL T210 COL series VAL H COL name VAL TURBO CENTURION COL cert VAL 3A21,COL make VAL COMWTH COL model VAL 6000 COL series VAL M COL cert VAL 661,0,0.9999972434160271,0,3968,2692,0,1,0,0,1
COL make VAL BOEING COL model VAL 737 COL series VAL 377 COL name VAL No Popular Name COL cert VAL A16WE,COL make VAL COMWTH COL model VAL 7000 COL series VAL 7000 COL cert VAL 574,0,0.9999969194289575,0,2087,2693,0,1,0,0,1
COL make VAL BEECH COL model VAL 19 COL series VAL A COL name VAL MUSKETEER SPORT COL cert VAL A1CE,COL make VAL PIGMAN COL model VAL REARWN COL series VAL 8090 COL cert VAL 711,0,0.999997128795455,0,1164,2694,0,1,0,0,1
COL make VAL BOEING COL model VAL 747 COL series VAL 268F COL name VAL No Popular Name COL cert VAL A20WE,COL make VAL PIGMAN COL model VAL REARWN COL series VAL 8125 COL cert VAL 711,0,0.9999973123800485,0,2497,2695,0,1,0,0,1
COL make VAL BOEING COL model VAL 737 COL series VAL 2K6 COL name VAL No Popular Name COL cert VAL A16WE,COL make VAL PIGMAN COL model VAL REARWN COL series VAL 8135T COL cert VAL 711,0,0.9999974389803578,0,2007,2696,0,1,0,0,1
COL make VAL DOUGLAS COL model VAL DC8 COL series VAL 63F COL name VAL SUPER 60 COL cert VAL 4A25,COL make VAL COMWTH COL model VAL 3000 COL series VAL JR COL cert VAL ATC434,0,0.9999970032164182,0,4781,2697,0,1,0,0,1
COL make VAL BOEING COL model VAL 737 COL series VAL 8K5 COL name VAL No Popular Name COL cert VAL A16WE,COL make VAL PIGMAN COL model VAL REARWN COL series VAL 8135 COL cert VAL 711,0,0.9999972232209935,0,2406,2698,0,1,0,0,1
COL make VAL LOCKHEED COL model VAL 1329 COL series VAL 23D COL name VAL JETSTAR COL cert VAL 2A15,COL make VAL COMWTH COL model VAL 9000 COL series VAL 9000 COL cert VAL 624,0,0.9999970875871925,0,6520,2699,0,1,0,0,1
COL make VAL BEECH COL model VAL 33 COL series VAL 35B33 COL name VAL DEBONAIR COL cert VAL 3A15,COL make VAL RC COL model VAL 3 COL series VAL 3 COL name VAL REPUBLIC COL cert VAL A769,0,0.9999968926152012,0,1201,2700,0,1,0,0,1
COL make VAL AEROSTAR INTERNATIONAL COL model VAL S60A COL series VAL S60A COL name VAL No Popular Name COL cert VAL A15CE,COL make VAL R COL model VAL 22 COL series VAL 22 COL cert VAL H10WE,0,0.999997100183544,0,301,2701,0,1,0,0,1
COL make VAL CESSNA COL model VAL 180 COL series VAL E COL name VAL No Popular Name COL cert VAL 5A6,COL make VAL R COL model VAL 22 COL series VAL ALPHA COL cert VAL H10WE,0,0.9999972011248892,0,3701,2702,0,1,0,0,1
COL make VAL CESSNA COL model VAL T303 COL series VAL T303 COL name VAL CRUSADER COL cert VAL A34CE,COL make VAL R COL model VAL 22 COL series VAL BETA COL cert VAL H10WE,0,0.9999974577080464,0,3975,2703,0,1,0,0,1
COL make VAL CESSNA COL model VAL LC41 COL series VAL 550FG COL name VAL CORVALIS TT COL cert VAL A00003SE,COL make VAL R COL model VAL 22 COL series VAL MARINER COL cert VAL H10WE,0,0.9999973752005622,0,3932,2704,0,1,0,0,1
COL make VAL LEARJET COL model VAL 24 COL series VAL D COL name VAL No Popular Name COL cert VAL A10CE,COL make VAL RHC COL model VAL R44 COL series VAL R44 COL cert VAL H11NM,0,0.9999967199538453,0,6341,2705,0,1,0,0,1
COL make VAL STINSON COL model VAL SR9 COL series VAL EM COL name VAL RELIANT COL cert VAL ATC 625,COL make VAL R COL model VAL 44 COL series VAL 44 COL cert VAL H11NM,0,0.9999969183050239,0,22216,2706,0,1,0,0,1
COL make VAL AIR TRACTOR COL model VAL AT802 COL series VAL A COL name VAL No Popular Name COL cert VAL A19SW,COL make VAL R COL model VAL 44 COL series VAL II COL cert VAL H11NM,0,0.9999973052747104,0,372,2707,0,1,0,0,1
COL make VAL STINSON COL model VAL SR9 COL series VAL F COL name VAL RELIANT COL cert VAL ATC 640,COL make VAL GA COL model VAL 112 COL series VAL B COL cert VAL A12SO,0,0.9999971205622691,0,22220,2708,0,1,0,0,1
COL make VAL BOEING COL model VAL 737 COL series VAL 3A4 COL name VAL No Popular Name COL cert VAL A16WE,COL make VAL GA COL model VAL 112 COL series VAL TC COL cert VAL A12SO,0,0.9999967483288236,0,2098,2709,0,1,0,0,1
COL make VAL CESSNA COL model VAL 182 COL series VAL A COL name VAL SKYLANE COL cert VAL 3A13,COL make VAL GA COL model VAL 112 COL series VAL TCA COL cert VAL A12SO,0,0.999997040905232,0,3708,2710,0,1,0,0,1
COL make VAL LOCKHEED COL model VAL 1329 COL series VAL 23D COL name VAL JETSTAR COL cert VAL 2A15,COL make VAL GA COL model VAL 112 COL series VAL 114A COL name VAL GRAN TURISMO COL cert VAL A12SO,0,0.9999972321652,0,6520,2711,0,1,0,0,1
COL make VAL MAULE COL model VAL M4 COL series VAL M4 COL name VAL JETASEN COL cert VAL 3A23,COL make VAL GA COL model VAL 114 COL series VAL STC114 COL cert VAL A12SO,0,0.999997045054899,0,6724,2712,0,1,0,0,1
COL make VAL FAIRCHILD COL model VAL 24 COL series VAL G COL name VAL No Popular Name COL cert VAL ATC 633,COL make VAL GA COL model VAL 112 COL series VAL 114 COL cert VAL A12SO,0,0.9999970416388622,0,5077,2713,0,1,0,0,1
COL make VAL STINSON COL model VAL SR10 COL series VAL G COL name VAL RELIANT COL cert VAL TC 678,COL make VAL GA COL model VAL 500 COL series VAL S COL name VAL SHRIKE COL cert VAL 6A1,0,0.9999975107611172,0,22183,2716,0,1,0,0,1
COL make VAL LUSCOMBE COL model VAL T8 COL series VAL F COL name VAL LUSCOMBE OBSERVER COL cert VAL A-694,COL make VAL GA COL model VAL 680 COL series VAL V COL name VAL TURBO II COL cert VAL 2A4,0,0.9999972020215994,0,15641,2717,0,1,0,0,1
COL make VAL PIPER COL model VAL PA31T COL series VAL 2 COL name VAL CHEYENNE IIXL COL cert VAL A8EA,COL make VAL GA COL model VAL 680 COL series VAL W COL name VAL TURNO II COL cert VAL 2A4,0,0.9999974831452051,0,7592,2718,0,1,0,0,1
COL make VAL CESSNA COL model VAL 185 COL series VAL E COL name VAL SKYWAGON COL cert VAL 3A24,COL make VAL GA COL model VAL 681 COL series VAL 681 COL name VAL HAWK COL cert VAL 2A4,0,0.9999977295021156,0,3731,2719,0,1,0,0,1
COL make VAL BOEING COL model VAL 737 COL series VAL 83N COL name VAL No Popular Name COL cert VAL A16WE,COL make VAL GA COL model VAL 685 COL series VAL 685 COL name VAL COMMANDER 685 COL cert VAL 2A4,0,0.9999974212486913,0,2340,2720,0,1,0,0,1
COL make VAL CESSNA COL model VAL P206 COL series VAL E COL name VAL SUPER SKYLANE COL cert VAL A4CE,COL make VAL GA COL model VAL 690 COL series VAL 690 COL cert VAL 2A4,0,0.9999973741440003,0,3947,2721,0,1,0,0,1
COL make VAL BOEING COL model VAL 707 COL series VAL 131 COL name VAL No Popular Name COL cert VAL 4A21,COL make VAL ACMNDR COL model VAL 690 COL series VAL 690 COL cert VAL A42,0,0.9999975039767286,0,1601,2722,0,1,0,0,1
COL make VAL GROB COL model VAL G103 COL series VAL TWIN II COL name VAL No Popular Name COL cert VAL EASA.A.250,COL make VAL GA COL model VAL 690 COL series VAL A COL name VAL COMMANDER 690 COL cert VAL 2A4,0,0.9999970923300487,0,5478,2723,0,1,0,0,1
COL make VAL MAULE COL model VAL M5 COL series VAL 210C COL name VAL STRATA ROCKET COL cert VAL 3A23,COL make VAL GA COL model VAL 690 COL series VAL TP COL cert VAL 2A4,0,0.9999971979868121,0,6727,2724,0,1,0,0,1
COL make VAL BELLANCA COL model VAL 17 30 COL series VAL A COL name VAL VIKING 300 COL cert VAL A18CE,COL make VAL GA COL model VAL 690 COL series VAL B COL cert VAL 2A4,0,0.9999975047252482,0,1529,2725,0,1,0,0,1
COL make VAL CESSNA COL model VAL F150 COL series VAL M COL name VAL No Popular Name COL cert VAL A13EU,COL make VAL GA COL model VAL 700 COL series VAL 700 COL cert VAL A12SW,0,0.9999975125468491,0,3889,2726,0,1,0,0,1
COL make VAL BEECH COL model VAL 95 COL series VAL B95 COL name VAL TRAVEL AIR COL cert VAL 3A16,COL make VAL ROLSCH COL model VAL LS COL series VAL 1F COL cert VAL G35EU,0,0.9999968708410784,0,1312,2728,0,1,0,0,1
COL make VAL SIKORSKY COL model VAL S52 COL series VAL 3 COL name VAL No Popular Name COL cert VAL 1H2,COL make VAL ROLSCH COL model VAL LS COL series VAL 3A COL cert VAL G37EU,0,0.999996851020251,0,8463,2729,0,1,0,0,1
COL make VAL CESSNA COL model VAL R172 COL series VAL J COL name VAL No Popular Name COL cert VAL 3A17,COL make VAL ROLSCH COL model VAL LS COL series VAL 3 COL cert VAL G37EU,0,0.9999966720289225,0,3956,2730,0,1,0,0,1
COL make VAL CESSNA COL model VAL 551 COL series VAL 551 COL name VAL CITATION II SP COL cert VAL A27CE,COL make VAL ROLSCH COL model VAL LS COL series VAL 4A COL cert VAL G45EU,0,0.9999972029113535,0,3845,2731,0,1,0,0,1
COL make VAL AIR TRACTOR COL model VAL AT501 COL series VAL AT501 COL name VAL No Popular Name COL cert VAL A17SW,COL make VAL ROLSCH COL model VAL LS COL series VAL 4 COL cert VAL G45EU,0,0.9999970493239713,0,365,2732,0,1,0,0,1
COL make VAL MOONEY COL model VAL M20B COL series VAL M20B COL name VAL MARK 21 COL cert VAL 2A3,COL make VAL NAVION COL model VAL NAVION COL series VAL L17B COL cert VAL A782,0,0.9999974048536313,0,7027,2734,0,1,0,0,1
COL make VAL AIR TRACTOR COL model VAL AT502 COL series VAL B COL name VAL No Popular Name COL cert VAL A17SW,COL make VAL NAVION COL model VAL NAVION COL series VAL L17C COL cert VAL A782,0,0.9999972606951391,0,367,2735,0,1,0,0,1
COL make VAL AERO COMMANDER COL model VAL 1121 COL series VAL 1121 COL name VAL JET COMMANDER COL cert VAL A2IL,COL make VAL ST COL model VAL 3 COL series VAL KR COL cert VAL A749,0,0.9999971533092405,0,73,2736,0,1,0,0,1
COL make VAL BOEING COL model VAL 727 COL series VAL 235 COL name VAL No Popular Name COL cert VAL A3WE,COL make VAL ST COL model VAL 3 COL series VAL PT22 COL cert VAL A749,0,0.9999971500319396,0,1779,2737,0,1,0,0,1
COL make VAL CESSNA COL model VAL T337 COL series VAL H COL name VAL No Popular Name COL cert VAL A6CE,COL make VAL SCW COL model VAL 145 COL series VAL 145 COL cert VAL 658,0,0.9999967321135795,0,3985,2738,0,1,0,0,1
COL make VAL CESSNA COL model VAL A188 COL series VAL B COL name VAL AGWAGON C COL cert VAL A9CE,COL make VAL ST COL model VAL A COL series VAL A COL cert VAL 571,0,0.9999973546998343,0,3868,2739,0,1,0,0,1
COL make VAL STINSON COL model VAL SM6000 COL series VAL B COL name VAL AIRLINER COL cert VAL ATC 420,COL make VAL SAAB COL model VAL 2000 COL series VAL 2000 COL cert VAL A47NM,0,0.9999964401438367,0,16101,2740,0,1,0,0,1
COL make VAL BOEING COL model VAL 737 COL series VAL 236 COL name VAL No Popular Name COL cert VAL A16WE,COL make VAL SF COL model VAL 340 COL series VAL 340B COL cert VAL A52EU,0,0.9999971779743884,0,1935,2741,0,1,0,0,1
COL make VAL MOONEY COL model VAL M22 COL series VAL M22 COL name VAL MUSTANG COL cert VAL A6SW,COL make VAL SAAB COL model VAL 340 COL series VAL B COL cert VAL A52EU,0,0.9999972955752605,0,7040,2742,0,1,0,0,1
COL make VAL PIPER COL model VAL PA16S COL series VAL PA16S COL name VAL CLIPPER COL cert VAL 1A1,COL make VAL SF COL model VAL 340 COL series VAL 340A COL cert VAL A52EU,0,0.9999970380592839,0,7500,2743,0,1,0,0,1
COL make VAL LOCKHEED COL model VAL 188 COL series VAL A COL name VAL ELECTRA COL cert VAL 4A22,COL model VAL 265 COL series VAL 65 COL name VAL SABRELINER-65 COL cert VAL A2WE,0,0.9999973802484058,0,6537,2745,0,1,0,0,1
COL make VAL CESSNA COL model VAL T210 COL series VAL M COL name VAL TURBO CENTURION COL cert VAL 3A21,COL model VAL 265 COL series VAL 70 COL name VAL SABRELINER-75 COL cert VAL A2WE,0,0.9999974539011389,0,3972,2746,0,1,0,0,1
COL make VAL PIPER COL model VAL PA14 COL series VAL PA14 COL name VAL FAMILY CRUISER COL cert VAL A-797,COL model VAL 265 COL series VAL 80 COL name VAL SABRELINER-80 COL cert VAL A2WE,0,0.9999969867093473,0,7497,2747,0,1,0,0,1
COL make VAL CESSNA COL model VAL TP206 COL series VAL C COL name VAL TURBO SUPER SKYLANE COL cert VAL A4CE,COL make VAL STLOUS COL model VAL C2 COL series VAL 110 COL cert VAL ATC277,0,0.999997276957181,0,3996,2748,0,1,0,0,1
COL make VAL NATIONAL BALLOONING COL model VAL 755 COL series VAL 12 COL name VAL No Popular Name COL cert VAL A33CE,COL make VAL YPT COL model VAL 15 COL series VAL 15 COL cert VAL AR6,0,0.9999973519839641,0,7098,2749,0,1,0,0,1
COL make VAL FOUND COL model VAL FBA2C COL series VAL 2 COL name VAL BUSH HAWK XP COL cert VAL A-16,COL make VAL SCBFLG COL model VAL BERGFK COL series VAL II55 COL cert VAL 7G9,0,0.9999972830634009,0,5322,2750,0,1,0,0,1
COL make VAL STINSON COL model VAL SR10 COL series VAL G3 COL name VAL RELIANT COL cert VAL TC 678,COL make VAL SCBFLG COL model VAL BERGFK COL series VAL III COL cert VAL 7G9,0,0.99999747818981,0,22185,2751,0,1,0,0,1
COL make VAL BOEING COL model VAL 727 COL series VAL 1A7C COL name VAL No Popular Name COL cert VAL A3WE,COL make VAL SF COL model VAL 26 COL series VAL A COL name VAL SF 26A STANDARD COL cert VAL G4IN,0,0.999997201644002,0,1741,2752,0,1,0,0,1
COL make VAL BOEING COL model VAL 737 COL series VAL 72U COL name VAL No Popular Name COL cert VAL A16WE,COL make VAL SF COL model VAL 27 COL series VAL A COL cert VAL G11EU,0,0.9999968854814725,0,2210,2753,0,1,0,0,1
COL make VAL CESSNA COL model VAL 150 COL series VAL E COL name VAL No Popular Name COL cert VAL 3A19,COL make VAL SF COL model VAL 34 COL series VAL 34 COL cert VAL G48EU,0,0.9999972908887879,0,3656,2754,0,1,0,0,1
COL make VAL ENSTROM COL model VAL 280 COL series VAL C COL name VAL SHARK COL cert VAL H1CE,COL make VAL SCBFLG COL model VAL III COL series VAL B COL name VAL ZUGVOGEL COL cert VAL G4EU,0,0.9999966902282704,0,4980,2755,0,1,0,0,1
COL make VAL BEECH COL model VAL 58 COL series VAL G58 COL name VAL BARON COL cert VAL 3A16,COL make VAL SPHRTH COL model VAL CIRRUS COL series VAL CIRRUS COL cert VAL G19EU,0,0.9999973116417724,0,1368,2756,0,1,0,0,1
COL make VAL CESSNA COL model VAL 310 COL series VAL P COL name VAL No Popular Name COL cert VAL 3A10,COL make VAL SPHRTH COL model VAL DISCUS COL series VAL A COL cert VAL G53EU,0,0.9999972841514306,0,3784,2757,0,1,0,0,1
COL make VAL SIKORSKY COL model VAL H19 COL series VAL A COL name VAL CHICKASAW COL cert VAL HR1SO,COL make VAL SPHRTH COL model VAL DISCUS COL series VAL B COL cert VAL G53EU,0,0.9999969824863784,0,21355,2758,0,1,0,0,1
COL make VAL BOEING COL model VAL 737 COL series VAL 2S3 COL name VAL No Popular Name COL cert VAL A16WE,COL make VAL SCHHIR COL model VAL DUO COL series VAL DISCUS COL name VAL DUO DISCUS COL cert VAL G85EU,0,0.9999965778951858,0,2036,2759,0,1,0,0,1
COL make VAL BOEING COL model VAL 707 COL series VAL 3K1C COL name VAL No Popular Name COL cert VAL 4A26,COL make VAL SPHRTH COL model VAL JANUS COL series VAL JANUS COL name VAL JANUS COL cert VAL G34EU,0,0.999997142389754,0,1677,2760,0,1,0,0,1
COL make VAL PIPER COL model VAL J4 COL series VAL AS COL name VAL CUB COUPE COL cert VAL A-703,COL make VAL SPHRTH COL model VAL NIMBUS COL series VAL HS7 COL name VAL MINI-NIMBUS HS7 COL cert VAL G49EU,0,0.9999969236125539,0,7468,2761,0,1,0,0,1
COL make VAL PIPER COL model VAL L4 COL series VAL F COL name VAL CUB CRUISER COL cert VAL A-725,COL make VAL SPHRTH COL model VAL NIMBUS COL series VAL 2 COL cert VAL G26EU,0,0.9999968947333271,0,21047,2762,0,1,0,0,1
COL make VAL BOEING COL model VAL S307 COL series VAL S307 COL name VAL STRATOLINER COL cert VAL TC 719,COL make VAL SPHRTH COL model VAL NIMBUS COL series VAL 2B COL cert VAL G26EU,0,0.999997329273994,0,2933,2763,0,1,0,0,1
COL make VAL PIPER COL model VAL PA18 COL series VAL 105 SPECIAL COL name VAL SUPER CUB COL cert VAL 1A2,COL make VAL SPHRTH COL model VAL SHK COL series VAL 1 COL cert VAL G9EU,0,0.9999969358063948,0,7502,2764,0,1,0,0,1
COL make VAL CALLAIR COL model VAL B1 COL series VAL B1 COL name VAL SNIPE COMMANDER COL cert VAL A8WE,COL make VAL SPHRTH COL model VAL S COL series VAL S COL name VAL STANDARD AUSTRIA S COL cert VAL G1IN,0,0.9999968001009507,0,3112,2765,0,1,0,0,1
COL make VAL TAYLORCRAFT COL model VAL F22 COL series VAL B COL name VAL No Popular Name COL cert VAL 1A9,COL make VAL SPHRTH COL model VAL S COL series VAL SH COL name VAL STANDARD AUSTRIA SH COL cert VAL G1IN,0,0.9999972577742288,0,8955,2766,0,1,0,0,1
COL make VAL HELIO COL model VAL H391 COL series VAL B COL name VAL No Popular Name COL cert VAL 1A8,COL make VAL SPHRTH COL model VAL S COL series VAL SH1 COL name VAL STANDARD AUSTRIA SH1 COL cert VAL G1IN,0,0.9999973617075597,0,5750,2767,0,1,0,0,1
COL make VAL BOEING COL model VAL 737 COL series VAL 82R COL name VAL No Popular Name COL cert VAL A16WE,COL make VAL SPHRTH COL model VAL CIRRUS COL series VAL STD COL name VAL STANDARD CIRRUS COL cert VAL G23EU,0,0.9999967999147946,0,2337,2768,0,1,0,0,1
COL make VAL CESSNA COL model VAL 180 COL series VAL K COL name VAL SKYWAGON COL cert VAL 5A6,COL make VAL SCHLER COL model VAL ASK13 COL series VAL ASK13 COL cert VAL G15EU,0,0.9999969800911682,0,3706,2769,0,1,0,0,1
COL make VAL CESSNA COL model VAL T303 COL series VAL T303 COL name VAL CRUSADER COL cert VAL A34CE,COL make VAL SCHLER COL model VAL ASK21 COL series VAL ASK21 COL cert VAL G47EU,0,0.999997294700793,0,3975,2770,0,1,0,0,1
COL make VAL LEARJET COL model VAL 25 COL series VAL B COL name VAL No Popular Name COL cert VAL A10CE,COL make VAL SCHLER COL model VAL ASW12 COL series VAL ASW12 COL cert VAL G21EU,0,0.9999969136344766,0,6344,2771,0,1,0,0,1
COL make VAL LEARJET COL model VAL 35 COL series VAL A COL name VAL No Popular Name COL cert VAL A10CE,COL make VAL SCHLER COL model VAL ASW15 COL series VAL B COL cert VAL G22EU,0,0.999997063272138,0,6351,2772,0,1,0,0,1
COL make VAL MAULE COL model VAL M4 COL series VAL 210S COL name VAL ROCKET COL cert VAL 3A23,COL make VAL SCHLER COL model VAL ASW15 COL series VAL ASW15 COL cert VAL G22EU,0,0.9999964424295886,0,6715,2773,0,1,0,0,1
COL make VAL CESSNA COL model VAL U206 COL series VAL F COL name VAL STATIONAIR COL cert VAL A4CE,COL make VAL SCHLER COL model VAL ASW17 COL series VAL ASW17 COL cert VAL G30EU,0,0.9999963098403701,0,4012,2774,0,1,0,0,1
COL make VAL LEARJET COL model VAL 36 COL series VAL 36 COL name VAL No Popular Name COL cert VAL A10CE,COL make VAL SCHLER COL model VAL ASW19 COL series VAL B COL cert VAL G36EU,0,0.9999970576121303,0,6354,2775,0,1,0,0,1
COL make VAL BOEING COL model VAL 747 COL series VAL SR46 COL name VAL No Popular Name COL cert VAL A20WE,COL make VAL SCHLER COL model VAL ASW19 COL series VAL ASW19 COL cert VAL G36EU,0,0.9999965874375671,0,2630,2776,0,1,0,0,1
COL make VAL CESSNA COL model VAL 172RG COL series VAL 172RG COL name VAL CUTLASS RG COL cert VAL 3A17,COL make VAL SCHLER COL model VAL ASW24 COL series VAL B COL cert VAL G84EU,0,0.9999973309684819,0,3688,2777,0,1,0,0,1
COL make VAL CESSNA COL model VAL TP206 COL series VAL D COL name VAL TURBO SUPER SKYLANE COL cert VAL A4CE,COL make VAL SCHLER COL model VAL ASW24 COL series VAL ASW24 COL cert VAL G84EU,0,0.9999973505365498,0,3997,2778,0,1,0,0,1
COL make VAL VERTOL COL model VAL CH47 COL series VAL D COL name VAL CHINOOK COL cert VAL R0011DE,COL make VAL SCHLER COL model VAL ASH25M COL cert VAL G09CE,0,0.9999975563660662,0,10927,2779,0,1,0,0,1
COL make VAL AER PEGASO COL model VAL M100 COL series VAL S COL name VAL No Popular Name COL cert VAL NOT CERTIFICATED,COL make VAL SCHLER COL model VAL ASW27 COL series VAL ASW27 COL cert VAL G05CE,0,0.9999968569023118,0,25,2780,0,1,0,0,1
COL make VAL LEARJET COL model VAL 24 COL series VAL A COL name VAL No Popular Name COL cert VAL A10CE,COL make VAL SCHLER COL model VAL ASW28 COL series VAL ASW28 COL cert VAL G13CE,0,0.9999970556051052,0,6338,2781,0,1,0,0,1
COL make VAL BALLOON WORKS COL model VAL FIREFLY 9B COL series VAL 15 COL name VAL No Popular Name COL cert VAL A14SO,COL make VAL SCHLER COL model VAL K COL series VAL 7 COL cert VAL 7G3,0,0.9999966871951268,0,1078,2782,0,1,0,0,1
COL make VAL CESSNA COL model VAL T210 COL series VAL G COL name VAL TURBO CENTURION COL cert VAL 3A21,COL make VAL SCHLER COL model VAL K8 COL series VAL B COL cert VAL 7G4,0,0.9999973346885054,0,3967,2783,0,1,0,0,1
COL make VAL BOEING COL model VAL 377 COL series VAL MGT1 COL name VAL MINI GUPPY TURBINE COL cert VAL NOT CERTIFICATED,COL make VAL SCHLER COL model VAL K8 COL series VAL K8 COL cert VAL 7G4,0,0.9999970259972526,0,1595,2784,0,1,0,0,1
COL make VAL BOEING COL model VAL 737 COL series VAL 2Y5 COL name VAL No Popular Name COL cert VAL A16WE,COL make VAL SCHLER COL model VAL K COL series VAL A2B COL cert VAL 7G3,0,0.9999967642167473,0,2054,2785,0,1,0,0,1
COL make VAL PIPER COL model VAL PA46 COL series VAL 500TP COL name VAL MALIBU MERIDIAN COL cert VAL A25SO,COL make VAL SCHLER COL model VAL II COL series VAL RHONLERCHE COL cert VAL 7G6,0,0.9999971791704113,0,7635,2786,0,1,0,0,1
COL make VAL BOEING COL model VAL 777 COL series VAL 232LR COL name VAL No Popular Name COL cert VAL T00001SE,COL make VAL SCHLER COL model VAL KA6 COL series VAL B COL cert VAL 7G1,0,0.999997228053603,0,2821,2787,0,1,0,0,1
COL make VAL BOEING COL model VAL 707 COL series VAL 3L6C COL name VAL No Popular Name COL cert VAL 4A26,COL make VAL SCHLER COL model VAL KA6 COL series VAL BR COL cert VAL 7G1,0,0.9999970910944317,0,1680,2788,0,1,0,0,1
COL make VAL BOEING COL model VAL 777 COL series VAL 232 COL name VAL No Popular Name COL cert VAL T00001SE,COL make VAL SCHLER COL model VAL KA6 COL series VAL CR COL cert VAL 7G1,0,0.999997081737497,0,2820,2789,0,1,0,0,1
COL make VAL DASSAULT COL model VAL MYSTERE FALCON 20 COL series VAL D5 COL name VAL No Popular Name COL cert VAL 103BIS,COL make VAL SCHLER COL model VAL KA6 COL series VAL CRPE COL cert VAL 7G1,0,0.9999972840659583,0,4440,2790,0,1,0,0,1
COL make VAL AERO COMMANDER COL model VAL 695 COL series VAL B COL name VAL No Popular Name COL cert VAL 2A4,COL make VAL SCHLER COL model VAL KA6 COL series VAL E COL cert VAL 7G1,0,0.9999973511037376,0,97,2791,0,1,0,0,1
COL make VAL LEARJET COL model VAL 29 COL series VAL 29 COL name VAL LONGHORN COL cert VAL A10CE,COL make VAL SCHLER COL model VAL KA6 COL series VAL KA6 COL cert VAL 7G1,0,0.9999970093760998,0,10920,2792,0,1,0,0,1
COL make VAL LEARJET COL model VAL 55 COL series VAL C COL name VAL No Popular Name COL cert VAL A10CE,COL make VAL SCWZER COL model VAL 269 COL series VAL D COL cert VAL 4H12,0,0.9999973000991413,0,6358,2793,0,1,0,0,1
COL make VAL AIR TRACTOR COL model VAL AT602 COL series VAL AT602 COL name VAL No Popular Name COL cert VAL A19SW,COL make VAL SGM COL model VAL 2 COL series VAL 37 COL cert VAL G1NE,0,0.9999975575007197,0,371,2794,0,1,0,0,1
COL make VAL NZA COL model VAL FU24 COL series VAL 954 COL name VAL No Popular Name COL cert VAL A-3,COL make VAL SGS COL model VAL 1 COL series VAL 23D COL cert VAL 1G1,0,0.9999971816321644,0,7282,2795,0,1,0,0,1
COL make VAL STINSON COL model VAL SM1 COL series VAL SM1 COL name VAL DETROITER COL cert VAL ATC 16,COL make VAL SGS COL model VAL 1 COL series VAL 23F COL cert VAL 1G1,0,0.9999973738397219,0,23236,2796,0,1,0,0,1
COL make VAL DOUGLAS COL model VAL DC8 COL series VAL 62F COL name VAL SUPER 60 COL cert VAL 4A25,COL make VAL SGS COL model VAL 1 COL series VAL 23G COL cert VAL 1G1,0,0.999997135281726,0,4778,2797,0,1,0,0,1
COL make VAL BOMBARDIER COL model VAL CL600 2E25 COL series VAL 1000 COL name VAL REGIONAL JET 1000 COL cert VAL A-276,COL make VAL SGS COL model VAL 1 COL series VAL 23H COL cert VAL 1G1,0,0.9999969396248344,0,9725,2798,0,1,0,0,1
COL make VAL CESSNA COL model VAL FR172 COL series VAL J COL name VAL REIMS ROCKET COL cert VAL A18EU,COL make VAL SGS COL model VAL 1 COL series VAL 23H15 COL cert VAL 1G1,0,0.9999973848700809,0,3917,2799,0,1,0,0,1
COL make VAL PILATUS COL model VAL PC6 COL series VAL PC6 COL name VAL PORTER COL cert VAL F56-10,COL make VAL SGS COL model VAL 1 COL series VAL 23 COL cert VAL 1G1,0,0.9999972135304849,0,7441,2800,0,1,0,0,1
COL make VAL BEECH COL model VAL 55 COL series VAL 95B55 COL name VAL BARON COL cert VAL 3A16,COL make VAL SGS COL model VAL 1 COL series VAL 26A COL cert VAL 1G10,0,0.9999971967332697,0,1265,2801,0,1,0,0,1
COL make VAL THRUSH COL model VAL S2R COL series VAL G6 COL name VAL No Popular Name COL cert VAL A4SW,COL make VAL SGS COL model VAL 1 COL series VAL 26B COL cert VAL 1G10,0,0.9999972996652494,0,11662,2802,0,1,0,0,1
COL make VAL CESSNA COL model VAL 177 COL series VAL B COL name VAL CARDINAL COL cert VAL A13CE,COL make VAL SGS COL model VAL 1 COL series VAL 26C COL cert VAL 1G10,0,0.9999973275771556,0,3694,2803,0,1,0,0,1
COL make VAL CESSNA COL model VAL TP206 COL series VAL B COL name VAL TURBO SUPER SKYLANE COL cert VAL A4CE,COL make VAL SGS COL model VAL 1 COL series VAL 26D COL cert VAL 1G10,0,0.9999975827774944,0,3995,2804,0,1,0,0,1
COL make VAL BEECH COL model VAL 24 COL series VAL B24R COL name VAL SIERRA 200 COL cert VAL A1CE,COL make VAL SGS COL model VAL 1 COL series VAL 26E COL cert VAL 1G10,0,0.9999975315500499,0,1193,2805,0,1,0,0,1
COL make VAL BEECH COL model VAL RU21 COL series VAL A COL name VAL UTE COL cert VAL 3A20,COL make VAL SGS COL model VAL 1 COL series VAL 26 COL cert VAL 1G10,0,0.9999973118430239,0,1398,2806,0,1,0,0,1
COL make VAL PIPER COL model VAL PA18 COL series VAL A135 COL name VAL SUPER CUB COL cert VAL 1A2,COL make VAL SGS COL model VAL 1 COL series VAL 34R COL cert VAL G3EA,0,0.9999972772038743,0,7507,2807,0,1,0,0,1
COL make VAL COMMAND AIRE COL model VAL 5C3 COL series VAL A COL name VAL No Popular Name COL cert VAL ATC 185,COL make VAL SGS COL model VAL 1 COL series VAL 34 COL cert VAL G3EA,0,0.9999972393645836,0,21931,2808,0,1,0,0,1
COL make VAL BEECH COL model VAL AT7 COL series VAL AT7 COL name VAL NAVIGATOR COL cert VAL A-757,COL make VAL SGS COL model VAL 1 COL series VAL 35A COL cert VAL G4EA,0,0.9999966198597315,0,1327,2809,0,1,0,0,1
COL make VAL STINSON COL model VAL L5 COL series VAL E1 COL name VAL SENTINEL COL cert VAL A-764,COL make VAL SGS COL model VAL 1 COL series VAL 35C COL cert VAL G4EA,0,0.9999968232687355,0,8769,2810,0,1,0,0,1
COL make VAL STINSON COL model VAL L5 COL series VAL C COL name VAL SENTINEL COL cert VAL A-764,COL make VAL SGS COL model VAL 1 COL series VAL 35 COL cert VAL G4EA,0,0.9999971508444858,0,8767,2811,0,1,0,0,1
COL make VAL BOEING COL model VAL 747 COL series VAL SR46 COL name VAL No Popular Name COL cert VAL A20WE,COL make VAL SGS COL model VAL 1 COL series VAL 36 COL cert VAL G5EA,0,0.999997038179332,0,2630,2812,0,1,0,0,1
COL make VAL CAMERON COL model VAL N77 COL series VAL N77 COL name VAL No Popular Name COL cert VAL B3GL,COL make VAL SGS COL model VAL 2 COL series VAL 32 COL cert VAL G1EA,0,0.9999968178563701,0,3358,2813,0,1,0,0,1
COL make VAL AERO COMMANDER COL model VAL 680 COL series VAL V COL name VAL TURBO COMMANDER COL cert VAL 2A4,COL make VAL SGS COL model VAL 2 COL series VAL 33A COL cert VAL G2EA,0,0.9999973176369599,0,7985,2814,0,1,0,0,1
COL make VAL PIPER COL model VAL PA18 COL series VAL 105 SPECIAL COL name VAL SUPER CUB COL cert VAL 1A2,COL make VAL SGS COL model VAL 2 COL series VAL 33AK COL cert VAL G2EA,0,0.9999975176241294,0,7502,2815,0,1,0,0,1
COL make VAL CESSNA COL model VAL T210 COL series VAL R COL name VAL TURBO CENTURION COL cert VAL 3A21,COL make VAL SGS COL model VAL 2 COL series VAL 33 COL cert VAL G2EA,0,0.9999971775208704,0,3974,2816,0,1,0,0,1
COL make VAL CESSNA COL model VAL T303 COL series VAL T303 COL name VAL CRUSADER COL cert VAL A34CE,COL make VAL SGS COL model VAL 2 COL series VAL 8A COL cert VAL GTC5,0,0.9999967933619206,0,3975,2817,0,1,0,0,1
COL make VAL BEECH COL model VAL RU21 COL series VAL E COL name VAL UTE COL cert VAL 3A20,COL make VAL SGS COL model VAL 2 COL series VAL 8 COL cert VAL GTC5,0,0.9999966025486509,0,1402,2818,0,1,0,0,1
COL make VAL PRATT READ COL model VAL LNE1 COL series VAL LNE1 COL name VAL No Popular Name COL cert VAL GTC 12,COL make VAL SGU COL model VAL 1 COL series VAL 19A COL cert VAL G17,0,0.9999967256919854,0,24017,2819,0,1,0,0,1
COL make VAL BEECH COL model VAL 35 COL series VAL K35 COL name VAL BONANZA COL cert VAL 3A15,COL make VAL SGU COL model VAL 1 COL series VAL 19 COL cert VAL G17,0,0.9999973626182181,0,1220,2820,0,1,0,0,1
COL make VAL CESSNA COL model VAL 150 COL series VAL C COL name VAL No Popular Name COL cert VAL 3A19,COL make VAL SGU COL model VAL 2 COL series VAL 22A COL cert VAL G18,0,0.9999970384264747,0,3654,2821,0,1,0,0,1
COL make VAL LEARJET COL model VAL 55 COL series VAL 55 COL name VAL No Popular Name COL cert VAL A10CE,COL make VAL SGU COL model VAL 2 COL series VAL 22C COL cert VAL G18,0,0.9999968474761115,0,6359,2822,0,1,0,0,1
COL make VAL AYRES COL model VAL S2R COL series VAL T660 COL name VAL THRUSH 660 COL cert VAL A4SW,COL make VAL SGU COL model VAL 2 COL series VAL 22CK COL cert VAL G18,0,0.9999967479334186,0,886,2823,0,1,0,0,1
COL make VAL ROCKWELL COL model VAL 690 COL series VAL B COL name VAL COMMANDER 690B COL cert VAL 2A4,COL make VAL SGU COL model VAL 2 COL series VAL 22E COL cert VAL G18,0,0.9999971642775991,0,7990,2824,0,1,0,0,1
COL make VAL WACO COL model VAL ZVN COL series VAL 8 COL name VAL No Popular Name COL cert VAL TC 677,COL make VAL SGU COL model VAL 2 COL series VAL 22EK COL cert VAL G18,0,0.9999973994588978,0,9559,2825,0,1,0,0,1
COL make VAL CESSNA COL model VAL 310 COL series VAL N COL name VAL No Popular Name COL cert VAL 3A10,COL make VAL SGU COL model VAL 2 COL series VAL 22 COL cert VAL G18,0,0.9999972187791698,0,3783,2826,0,1,0,0,1
COL make VAL STINSON COL model VAL SR10 COL series VAL D COL name VAL RELIANT COL cert VAL TC 679,COL make VAL TG COL model VAL 3 COL series VAL A COL cert VAL G211,0,0.9999975972248694,0,22191,2827,0,1,0,0,1
COL make VAL BOEING COL model VAL 777 COL series VAL 212 COL name VAL No Popular Name COL cert VAL T00001SE,COL make VAL VARGA COL model VAL 2150 COL series VAL A COL name VAL MORRISEY COL cert VAL 4A19,0,0.9999974653108366,0,2811,2828,0,1,0,0,1
COL make VAL BOEING COL model VAL 707 COL series VAL 329C COL name VAL No Popular Name COL cert VAL 4A26,COL make VAL MORISY COL model VAL 2150 COL series VAL A COL cert VAL 4A19,0,0.9999974152028469,0,1623,2829,0,1,0,0,1
COL make VAL LEARJET COL model VAL 55 COL series VAL B COL name VAL No Popular Name COL cert VAL A10CE,COL make VAL SC COL model VAL 7 COL series VAL 2 COL name VAL SKYVAN COL cert VAL A15EU,0,0.9999972907105134,0,6357,2830,0,1,0,0,1
COL make VAL SIKORSKY COL model VAL UH34 COL series VAL J COL name VAL CHOCTAW COL cert VAL 1H11,COL make VAL SD COL model VAL 3 COL series VAL 30 COL cert VAL A41EU,0,0.9999973985622006,0,8508,2831,0,1,0,0,1
COL make VAL SIKORSKY COL model VAL S55 COL series VAL C COL name VAL CHICKASAW COL cert VAL 1H4,COL make VAL MRCHTI COL model VAL S205 COL series VAL 22R COL cert VAL A9EU,0,0.999997156661411,0,8465,2832,0,1,0,0,1
COL make VAL SCHWEIZER COL model VAL SGS1 34 COL series VAL R COL name VAL No Popular Name COL cert VAL G3EA,COL make VAL H COL model VAL 19 COL series VAL CH19 COL name VAL CHICKASAW COL cert VAL HR1SO,0,0.9999972061811345,0,8293,2833,0,1,0,0,1
COL make VAL PIPER COL model VAL PA18S COL series VAL 105 SPECIAL COL name VAL SUPER CUB COL cert VAL 1A2,COL make VAL H COL model VAL 19 COL series VAL A COL name VAL CHICKASAW COL cert VAL HR1SO,0,0.9999969962807413,0,7512,2834,0,1,0,0,1
COL make VAL DOUGLAS COL model VAL DC3C COL series VAL TP COL name VAL No Popular Name COL cert VAL A-669,COL make VAL SK COL model VAL 52 COL series VAL HO5S1 COL cert VAL 1H2,0,0.9999972819399419,0,21953,2835,0,1,0,0,1
COL make VAL GULFSTREAM COL model VAL GVII COL series VAL G600 COL name VAL No Popular Name COL cert VAL T00021AT,COL make VAL H COL model VAL 19 COL series VAL HRS1 COL name VAL CHICKASAW COL cert VAL HR1SO,0,0.9999972653021424,0,12643,2836,0,1,0,0,1
COL make VAL AERO COMMANDER COL model VAL 695 COL series VAL 695 COL name VAL JETPROP 980 COL cert VAL 2A4,COL make VAL R COL model VAL 4 COL series VAL B COL cert VAL L72,0,0.999997477214402,0,98,2837,0,1,0,0,1
COL make VAL BOEING COL model VAL 737 COL series VAL 8LD COL name VAL No Popular Name COL cert VAL A16WE,COL make VAL SK COL model VAL 39 COL series VAL C COL cert VAL 2391,0,0.9999973273949235,0,10220,2838,0,1,0,0,1
COL make VAL AERO COMMANDER COL model VAL 680 COL series VAL T COL name VAL TURBO COMMANDER COL cert VAL 2A4,COL make VAL SK COL model VAL 43 COL series VAL 43 COL cert VAL A593,0,0.9999971658308214,0,92,2839,0,1,0,0,1
COL make VAL CURTISS WRIGHT COL model VAL CW20 COL series VAL T COL name VAL No Popular Name COL cert VAL 2A5,COL make VAL SK COL model VAL 43 COL series VAL B COL cert VAL A593,0,0.9999968534428137,0,23807,2840,0,1,0,0,1
COL make VAL AIR TRACTOR COL model VAL AT402 COL series VAL B COL name VAL No Popular Name COL cert VAL A17SW,COL make VAL SK COL model VAL 51 COL series VAL 51 COL cert VAL H2,0,0.9999972475612737,0,363,2841,0,1,0,0,1
COL make VAL SWEARINGEN COL model VAL SA226 COL series VAL AT COL name VAL No Popular Name COL cert VAL A5SW,COL make VAL SK COL model VAL 52 COL series VAL 2 COL cert VAL 1H2,0,0.9999967486528645,0,8894,2842,0,1,0,0,1
COL make VAL BEECH COL model VAL T34 COL series VAL B COL name VAL MENTOR COL cert VAL 5A3,COL make VAL SK COL model VAL 52 COL series VAL 3 COL cert VAL 1H2,0,0.99999712522401,0,1389,2843,0,1,0,0,1
COL make VAL CESSNA COL model VAL TP206 COL series VAL C COL name VAL TURBO SUPER SKYLANE COL cert VAL A4CE,COL make VAL SK COL model VAL 55 COL series VAL 55 COL cert VAL 1H4,0,0.9999972031794246,0,3996,2844,0,1,0,0,1
COL make VAL STINSON COL model VAL SR9 COL series VAL E COL name VAL RELIANT COL cert VAL ATC 625,COL make VAL SK COL model VAL 55 COL series VAL C COL cert VAL 1H4,0,0.9999971473956845,0,22215,2845,0,1,0,0,1
COL make VAL EMBRAER COL model VAL EMB145 COL series VAL EP COL name VAL ERJ145EP COL cert VAL EA-9606,COL make VAL SK COL model VAL 58 COL series VAL B COL cert VAL 1H11,0,0.9999971582160947,0,4912,2846,0,1,0,0,1
COL make VAL PIPER COL model VAL PA28R COL series VAL 200 COL name VAL ARROW II COL cert VAL 2A13,COL make VAL SK COL model VAL 58 COL series VAL BT COL cert VAL 1H11,0,0.9999974794809533,0,7573,2847,0,1,0,0,1
COL make VAL CANADAIR COL model VAL CL600 2A12 COL series VAL 601 COL name VAL CHALLENGER 601 COL cert VAL A-131,COL make VAL SK COL model VAL 58 COL series VAL C COL cert VAL 1H11,0,0.9999967923204759,0,3579,2848,0,1,0,0,1
COL make VAL CESSNA COL model VAL 551 COL series VAL 551 COL name VAL CITATION II SP COL cert VAL A27CE,COL make VAL SK COL model VAL 58 COL series VAL D COL cert VAL 1H11,0,0.999997109626053,0,3845,2849,0,1,0,0,1
COL make VAL CESSNA COL model VAL 525 COL series VAL C COL name VAL CITATIONJET COL cert VAL A1WI,COL make VAL SK COL model VAL 58 COL series VAL DT COL cert VAL 1H11,0,0.9999970184049395,0,10032,2850,0,1,0,0,1
COL make VAL CESSNA COL model VAL R172 COL series VAL E COL name VAL No Popular Name COL cert VAL 3A17,COL make VAL SK COL model VAL 58 COL series VAL J COL cert VAL 1H11,0,0.9999972065194911,0,3952,2851,0,1,0,0,1
COL make VAL PIPER COL model VAL J4 COL series VAL B COL name VAL CUB COUPE COL cert VAL TC 708,COL make VAL SK COL model VAL 58 COL series VAL E COL cert VAL 1H11,0,0.9999974268522178,0,7470,2852,0,1,0,0,1
COL make VAL GROB COL model VAL G103 COL series VAL TWIN II COL name VAL No Popular Name COL cert VAL EASA.A.250,COL make VAL SK COL model VAL 58 COL series VAL JT COL cert VAL 1H11,0,0.9999976573686248,0,5478,2853,0,1,0,0,1
COL make VAL BEECH COL model VAL 55 COL series VAL 95B55B COL name VAL BARON COL cert VAL 3A16,COL make VAL SK COL model VAL 58 COL series VAL ET COL cert VAL 1H11,0,0.9999971429551816,0,1267,2854,0,1,0,0,1
COL make VAL PIPER COL model VAL PA36 COL series VAL 285 COL name VAL PAWNEE BRAVE COL cert VAL A9SO,COL make VAL SK COL model VAL 58 COL series VAL FT COL cert VAL 1H11,0,0.9999968827030716,0,7617,2855,0,1,0,0,1
COL make VAL BEECH COL model VAL 55 COL series VAL D55A COL name VAL BARON COL cert VAL 3A16,COL make VAL SK COL model VAL 58 COL series VAL H COL cert VAL 1H11,0,0.9999971206885843,0,1271,2856,0,1,0,0,1
COL make VAL PIPER COL model VAL PA36 COL series VAL 285 COL name VAL PAWNEE BRAVE COL cert VAL A9SO,COL make VAL SK COL model VAL 58 COL series VAL HT COL cert VAL 1H11,0,0.9999969407643323,0,7617,2857,0,1,0,0,1
COL make VAL CESSNA COL model VAL T303 COL series VAL T303 COL name VAL CRUSADER COL cert VAL A34CE,COL make VAL SK COL model VAL 61 COL series VAL SH3A COL name VAL SEA KING COL cert VAL H2EA,0,0.9999967796923075,0,3975,2858,0,1,0,0,1
COL make VAL LOCKHEED COL model VAL VEGA COL series VAL 5A COL name VAL EXECUTIVE COL cert VAL ATC 93,COL make VAL H COL model VAL 19 COL series VAL HRS3 COL name VAL CHICKASAW COL cert VAL HR1SO,0,0.9999972174393996,0,21471,2859,0,1,0,0,1
COL make VAL PIPER COL model VAL PA28R COL series VAL 200 COL name VAL ARROW II COL cert VAL 2A13,COL make VAL SK COL model VAL 62 COL series VAL A COL cert VAL 1H13,0,0.9999970893031728,0,7573,2860,0,1,0,0,1
COL make VAL BOEING COL model VAL 737 COL series VAL 2H5 COL name VAL No Popular Name COL cert VAL A16WE,COL make VAL SK COL model VAL 70 COL series VAL C COL cert VAL H3NE,0,0.9999962761602054,0,1997,2862,0,1,0,0,1
COL make VAL STINSON COL model VAL SR10 COL series VAL E COL name VAL RELIANT COL cert VAL TC 679,COL make VAL SK COL model VAL 76 COL series VAL A COL name VAL SPIRIT COL cert VAL H1NE,0,0.9999974909447209,0,22189,2863,0,1,0,0,1
COL make VAL HOWARD COL model VAL DGA11 COL series VAL DGA11 COL name VAL No Popular Name COL cert VAL TC 672,COL make VAL S COL model VAL 76A COL cert VAL H1NE,0,0.9999967788660717,0,5851,2864,0,1,0,0,1
COL make VAL BOEING COL model VAL 707 COL series VAL 131B COL name VAL No Popular Name COL cert VAL 4A21,COL make VAL SK COL model VAL 76 COL series VAL B COL name VAL SPIRIT COL cert VAL H1NE,0,0.9999974473427913,0,1602,2865,0,1,0,0,1
COL make VAL BELLANCA COL model VAL 17 31 COL series VAL A COL name VAL TURBO SUPER VIKING COL cert VAL A18CE,COL make VAL S COL model VAL 76B COL cert VAL H1NE,0,0.9999972718365011,0,1531,2866,0,1,0,0,1
COL make VAL PIPER COL model VAL PA18 COL series VAL 105 SPECIAL COL name VAL SUPER CUB COL cert VAL 1A2,COL make VAL SK COL model VAL 76 COL series VAL C COL cert VAL H1NE,0,0.9999972863365346,0,7502,2867,0,1,0,0,1
COL make VAL CESSNA COL model VAL FT337 COL series VAL E COL name VAL SKYMASTER COL cert VAL A23EU,COL make VAL S COL model VAL 76C COL cert VAL H1NE,0,0.9999967795679252,0,3922,2868,0,1,0,0,1
COL make VAL BOEING COL model VAL 737 COL series VAL 53S COL name VAL No Popular Name COL cert VAL A16WE,COL make VAL SK COL model VAL 92 COL series VAL A COL cert VAL R00024BO,0,0.9999970049849654,0,2177,2869,0,1,0,0,1
COL make VAL BOEING COL model VAL 737 COL series VAL 4M0 COL name VAL No Popular Name COL cert VAL A16WE,COL make VAL CONAIR COL model VAL UH34 COL series VAL J COL cert VAL H8SW,0,0.999997307214274,0,2161,2870,0,1,0,0,1
COL make VAL LOCKHEED COL model VAL C121 COL series VAL C COL name VAL SUPER CONSTELLATION COL cert VAL 6A5,COL make VAL VS COL model VAL 44 COL series VAL A COL cert VAL 752,0,0.9999968315498218,0,21908,2872,0,1,0,0,1
COL make VAL CESSNA COL model VAL 414 COL series VAL A COL name VAL CHANCELLOR COL cert VAL A7CE,COL make VAL SJ COL model VAL 30 COL series VAL 2 COL name VAL SYBERJET COL cert VAL A00001AC,0,0.9999974227988029,0,3828,2873,0,1,0,0,1
COL make VAL BOEING COL model VAL 737 COL series VAL 3J6 COL name VAL No Popular Name COL cert VAL A16WE,COL make VAL SINSWR COL model VAL SJ30 COL series VAL 2 COL name VAL TWINJET COL cert VAL A00001AC,0,0.9999970770428707,0,2105,2874,0,1,0,0,1
COL make VAL LAVIASA COL model VAL PA25 COL series VAL 235 COL name VAL PUELCHE COL cert VAL AV-0004,COL make VAL SKY COL model VAL 120 COL series VAL 24 COL cert VAL B01CE,0,0.9999976331675535,0,7488,2875,0,1,0,0,1
COL make VAL HUGHES COL model VAL 269B COL series VAL 269B COL name VAL 300 COL cert VAL 4H12,COL make VAL SKY COL model VAL 200 COL series VAL 24 COL cert VAL B01CE,0,0.9999976043453198,0,5875,2876,0,1,0,0,1
COL make VAL AEROSPATIALE COL model VAL AS350 COL series VAL D COL name VAL ASTAR COL cert VAL EASA.R.008,COL make VAL SKY COL model VAL 90 COL series VAL 24 COL cert VAL B01CE,0,0.9999975164223973,0,206,2877,0,1,0,0,1
COL make VAL BOEING COL model VAL 737 COL series VAL 33V COL name VAL No Popular Name COL cert VAL A16WE,COL make VAL SLNSBY COL model VAL 43 COL series VAL 3D COL name VAL SKYLARK COL cert VAL G21,0,0.9999971529250694,0,2071,2878,0,1,0,0,1
COL make VAL LOCKHEED COL model VAL 382 COL series VAL G COL name VAL L100 30 COL cert VAL A1SO,COL make VAL SLNSBY COL model VAL 43 COL series VAL 3F COL name VAL SKYLARK COL cert VAL 7GS,0,0.9999972519440269,0,6542,2879,0,1,0,0,1
COL make VAL AIR TRACTOR COL model VAL AT802 COL series VAL AT802 COL name VAL No Popular Name COL cert VAL A19SW,COL make VAL SLNSBY COL model VAL T45 COL series VAL T45 COL name VAL SWALLOW COL cert VAL 7G10,0,0.9999974765286245,0,373,2880,0,1,0,0,1
COL make VAL BOEING COL model VAL 737 COL series VAL 33R COL name VAL No Popular Name COL cert VAL A16WE,COL make VAL SLNSBY COL model VAL T49 COL series VAL B COL cert VAL G18EU,0,0.9999971617492595,0,2069,2881,0,1,0,0,1
COL make VAL BOEING COL model VAL 377 COL series VAL MGT1 COL name VAL MINI GUPPY TURBINE COL cert VAL NOT CERTIFICATED,COL make VAL SLNSBY COL model VAL T50 COL series VAL T50 COL name VAL SKYLARK 4 COL cert VAL G2IN,0,0.9999975171790234,0,1595,2882,0,1,0,0,1
COL make VAL CESSNA COL model VAL FR172 COL series VAL F COL name VAL REIMS ROCKET COL cert VAL A18EU,COL make VAL SLNSBY COL model VAL T51 COL series VAL T51 COL name VAL DART COL cert VAL G5EU,0,0.9999972971197203,0,3914,2883,0,1,0,0,1
COL make VAL LEARJET COL model VAL 25 COL series VAL D COL name VAL No Popular Name COL cert VAL A10CE,COL make VAL SLNSBY COL model VAL T53 COL series VAL B COL cert VAL G17EU,0,0.9999970916533673,0,6346,2884,0,1,0,0,1
COL make VAL SWEARINGEN COL model VAL SA227 COL series VAL BC COL name VAL 23 COL cert VAL A8SW,COL make VAL SLNSBY COL model VAL T59 COL series VAL D COL cert VAL G27EU,0,0.999997020820903,0,8900,2885,0,1,0,0,1
COL make VAL CESSNA COL model VAL 337 COL series VAL G COL name VAL No Popular Name COL cert VAL A6CE,COL make VAL SLNSBY COL model VAL T65 COL series VAL A COL name VAL VEGA COL cert VAL G42EU,0,0.9999974335341906,0,3810,2886,0,1,0,0,1
COL make VAL BOEING COL model VAL 737 COL series VAL 73V COL name VAL No Popular Name COL cert VAL A16WE,COL make VAL SLNSBY COL model VAL T67M260 COL series VAL T3A COL name VAL FIREFLY COL cert VAL A73U,0,0.9999972013290761,0,2217,2887,0,1,0,0,1
COL make VAL CESSNA COL model VAL 320 COL series VAL A COL name VAL No Popular Name COL cert VAL 3A25,COL make VAL RKWELL COL model VAL S2 COL series VAL 600S2CRESTD COL name VAL THRUSH COL cert VAL 2A7,0,0.9999974974065589,0,3794,2888,0,1,0,0,1
COL make VAL LOCKHEED COL model VAL 12 COL series VAL A COL name VAL ELECTRA JUNIOR COL cert VAL TC 616,COL make VAL MS COL model VAL RALLYE COL series VAL 150ST COL name VAL RALLYE 150 ST COL cert VAL 7A14,0,0.9999976247128853,0,6517,2889,0,1,0,0,1
COL make VAL CESSNA COL model VAL 340 COL series VAL 340 COL name VAL No Popular Name COL cert VAL 3A25,COL make VAL TB COL model VAL 10 COL series VAL 10 COL name VAL TOBAGO COL cert VAL A51EU,0,0.9999970645853602,0,3814,2890,0,1,0,0,1
COL make VAL AIRBUS COL model VAL A321 COL series VAL 251NX COL name VAL No Popular Name COL cert VAL EASA.A.064,COL make VAL TB COL model VAL 20 COL series VAL 20 COL name VAL TRINIDAD COL cert VAL A51EU,0,0.9999966009282389,0,12475,2891,0,1,0,0,1
COL make VAL CESSNA COL model VAL FR172 COL series VAL J COL name VAL REIMS ROCKET COL cert VAL A18EU,COL make VAL TB COL model VAL 20 COL series VAL 21 COL cert VAL A51EU,0,0.9999973804457705,0,3917,2892,0,1,0,0,1
COL make VAL PITTS COL model VAL S2 COL series VAL B COL name VAL PITTS SPECIAL COL cert VAL A8SO,COL make VAL TB COL model VAL 9 COL series VAL 9 COL cert VAL A51EU,0,0.9999969398028633,0,7671,2893,0,1,0,0,1
COL make VAL BOEING COL model VAL 737 COL series VAL 298C COL name VAL No Popular Name COL cert VAL A16WE,COL make VAL SW204 COL model VAL UH1B COL series VAL UH1B COL name VAL UH1B COL cert VAL H6SO,0,0.9999972656372503,0,1969,2894,0,1,0,0,1
COL make VAL BEECH COL model VAL 90 COL series VAL B90 COL name VAL KING AIR COL cert VAL 3A20,COL make VAL SPARTN COL model VAL 7W COL series VAL 7W COL cert VAL 628,0,0.9999965250010652,0,1304,2895,0,1,0,0,1
COL make VAL BOEING COL model VAL 737 COL series VAL 7K9 COL name VAL No Popular Name COL cert VAL A16WE,COL make VAL SPARTN COL model VAL C3 COL series VAL C3 COL cert VAL ATC71,0,0.9999967178244924,0,2316,2896,0,1,0,0,1
COL make VAL AERO COMMANDER COL model VAL 680 COL series VAL E COL name VAL COMMANDER 680E COL cert VAL 2A4,COL make VAL STRMAN COL model VAL 4 COL series VAL C COL cert VAL 2155,0,0.9999969854489711,0,88,2897,0,1,0,0,1
COL make VAL AERO COMMANDER COL model VAL 695 COL series VAL A COL name VAL COMMANDER 1200 COL cert VAL 2A4,COL make VAL STRMAN COL model VAL 4 COL series VAL D COL cert VAL ATC305,0,0.9999969272776973,0,96,2898,0,1,0,0,1
COL make VAL AYRES COL model VAL S2R COL series VAL R3S COL name VAL No Popular Name COL cert VAL A3SW,COL make VAL STRMAN COL model VAL 4 COL series VAL E COL cert VAL ATC292,0,0.9999969506299816,0,864,2899,0,1,0,0,1
COL make VAL BEECH COL model VAL T34 COL series VAL C COL name VAL TURBINE MENTOR COL cert VAL A26CE,COL make VAL B COL model VAL 75 COL series VAL 75 COL cert VAL A743,0,0.9999970600355775,0,1390,2900,0,1,0,0,1
COL make VAL PORTERFIELD COL model VAL 35 COL series VAL W COL name VAL No Popular Name COL cert VAL TC 611,COL make VAL B COL model VAL 75 COL series VAL A75J1 COL cert VAL A743,0,0.9999971669333765,0,21626,2901,0,1,0,0,1
COL make VAL COMMANDER COL model VAL 114 COL series VAL B COL name VAL No Popular Name COL cert VAL A12SO,COL make VAL B COL model VAL 75 COL series VAL A75L3 COL cert VAL A743,0,0.9999969908948401,0,4299,2902,0,1,0,0,1
COL make VAL PIPER COL model VAL PA34 COL series VAL 200 COL name VAL SENECA COL cert VAL A7SO,COL make VAL B COL model VAL 75 COL series VAL A75N1 COL name VAL ARMY PT-17 COL cert VAL A743,0,0.9999975202647113,0,7611,2903,0,1,0,0,1
COL make VAL PIPER COL model VAL PA28R COL series VAL 201T COL name VAL TURBO ARROW III COL cert VAL 2A13,COL make VAL B COL model VAL 75 COL series VAL A75 COL cert VAL A743,0,0.9999972850357811,0,7576,2904,0,1,0,0,1
COL make VAL BOEING COL model VAL 737 COL series VAL 8LD COL name VAL No Popular Name COL cert VAL A16WE,COL make VAL FUNK COL model VAL FUNKB COL series VAL 75L COL cert VAL A715,0,0.9999968999292005,0,10220,2905,0,1,0,0,1
COL make VAL PITTS COL model VAL S2 COL series VAL A COL name VAL PITTS SPECIAL COL cert VAL A8SO,COL make VAL B COL model VAL 75 COL series VAL B75 COL cert VAL A743,0,0.9999972865681459,0,7666,2906,0,1,0,0,1
COL make VAL AERO COMMANDER COL model VAL 1121 COL series VAL 1121 COL name VAL JET COMMANDER COL cert VAL A2IL,COL make VAL STRMAN COL model VAL C3 COL series VAL B COL cert VAL ATC55,0,0.9999972437419886,0,73,2907,0,1,0,0,1
COL make VAL MOONEY COL model VAL M22 COL series VAL M22 COL name VAL MUSTANG COL cert VAL A6SW,COL make VAL STRMAN COL model VAL C3 COL series VAL P COL cert VAL 2445,0,0.9999968466281726,0,7040,2908,0,1,0,0,1
COL make VAL BEECH COL model VAL 55 COL series VAL D55A COL name VAL BARON COL cert VAL 3A16,COL make VAL STRMAN COL model VAL C3 COL series VAL R COL cert VAL ATC251,0,0.9999968655740331,0,1271,2909,0,1,0,0,1
COL make VAL TAYLORCRAFT COL model VAL 15A COL series VAL 15A COL name VAL TOURIST COL cert VAL 3A3,COL make VAL B COL model VAL 75 COL series VAL D75N1 COL cert VAL A743,0,0.9999971500903747,0,8914,2910,0,1,0,0,1
COL make VAL DOUGLAS COL model VAL DC7 COL series VAL DC7 COL name VAL No Popular Name COL cert VAL 4A10,COL make VAL B COL model VAL 75 COL series VAL E75 COL cert VAL A743,0,0.999996833153917,0,4754,2911,0,1,0,0,1
COL make VAL SCHWEIZER COL model VAL SGS1 26 COL series VAL E COL name VAL No Popular Name COL cert VAL 1G10,COL make VAL B COL model VAL 75 COL series VAL N2S1 COL cert VAL A743,0,0.9999974528252444,0,8291,2912,0,1,0,0,1
COL make VAL PILATUS COL model VAL PC6 COL series VAL B2H4 COL name VAL TURBO PORTER COL cert VAL F56-10,COL make VAL B COL model VAL 75 COL series VAL B75N1 COL cert VAL A743,0,0.9999970641542176,0,9808,2913,0,1,0,0,1
COL make VAL PIPER COL model VAL PA32R COL series VAL 301 COL name VAL SARATOGA II TC COL cert VAL A3SO,COL make VAL B COL model VAL 75 COL series VAL N2S3 COL cert VAL A743,0,0.9999970896792759,0,7603,2914,0,1,0,0,1
COL make VAL CESSNA COL model VAL FR172 COL series VAL J COL name VAL REIMS ROCKET COL cert VAL A18EU,COL make VAL B COL model VAL 75 COL series VAL N2S4 COL cert VAL A743,0,0.9999971460038359,0,3917,2915,0,1,0,0,1
COL make VAL BEECH COL model VAL 200 COL series VAL A200 COL name VAL SUPER KING AIR COL cert VAL A24CE,COL make VAL B COL model VAL 75 COL series VAL N2S5 COL cert VAL A743,0,0.999997138397243,0,1172,2916,0,1,0,0,1
COL make VAL PIPER COL model VAL PA18S COL series VAL PA18S COL name VAL SUPER CUB COL cert VAL 1A2,COL make VAL B COL model VAL 75 COL series VAL PT13D COL cert VAL A743,0,0.9999971648062497,0,7516,2917,0,1,0,0,1
COL make VAL CESSNA COL model VAL U206 COL series VAL D COL name VAL SKYWAGON COL cert VAL A4CE,COL make VAL B COL model VAL 75 COL series VAL PT13A COL cert VAL A743,0,0.999996921606605,0,4010,2918,0,1,0,0,1
COL make VAL PITCAIRN COL model VAL PA6 COL series VAL PA6 COL name VAL SUPER MAILWING COL cert VAL ATC 92,COL make VAL B COL model VAL 75 COL series VAL PT13B COL cert VAL A743,0,0.9999970249618515,0,7648,2919,0,1,0,0,1
COL make VAL CESSNA COL model VAL 337 COL series VAL 337 COL name VAL SUPER SKYMASTER COL cert VAL A6CE,COL make VAL B COL model VAL 75 COL series VAL PT13 COL cert VAL A743,0,0.9999970570396362,0,3812,2920,0,1,0,0,1
COL make VAL SCHWEIZER COL model VAL SGS1 23 COL series VAL H15 COL name VAL No Popular Name COL cert VAL 1G1,COL make VAL B COL model VAL 75 COL series VAL PT17A COL cert VAL A743,0,0.9999970436807817,0,8285,2921,0,1,0,0,1
COL make VAL AIR TRACTOR COL model VAL AT602 COL series VAL AT602 COL name VAL No Popular Name COL cert VAL A19SW,COL make VAL B COL model VAL 75 COL series VAL PT27 COL cert VAL A743,0,0.9999970894031015,0,371,2922,0,1,0,0,1
COL make VAL NORTH AMERICAN COL model VAL T28 COL series VAL B COL name VAL TROJAN COL cert VAL NOT CERTIFICATED,COL make VAL B COL model VAL 75 COL series VAL PT17 COL cert VAL A743,0,0.9999969543239338,0,7239,2923,0,1,0,0,1
COL make VAL SCHLEICHER COL model VAL ASW12 COL series VAL ASW12 COL name VAL No Popular Name COL cert VAL 259/SP,COL make VAL STEMME COL model VAL S COL series VAL 10 COL cert VAL G58EU,0,0.9999962671591853,0,8227,2924,0,1,0,0,1
COL make VAL BOEING COL model VAL 737 COL series VAL 332 COL name VAL No Popular Name COL cert VAL A16WE,COL make VAL STNSON COL model VAL 10 COL series VAL A COL cert VAL A738,0,0.9999972605619035,0,2067,2925,0,1,0,0,1
COL make VAL MITSUBISHI COL model VAL MU2B COL series VAL 30 COL name VAL MARQUISE COL cert VAL NOT IDENTIFIED,COL make VAL STNSON COL model VAL 10 COL series VAL B COL cert VAL A738,0,0.9999972851302847,0,6995,2926,0,1,0,0,1
COL make VAL BEECH COL model VAL 200 COL series VAL A200 COL name VAL SUPER KING AIR COL cert VAL A24CE,COL make VAL STNSON COL model VAL 10 COL series VAL 10 COL cert VAL A709,0,0.9999970599402481,0,1172,2927,0,1,0,0,1
COL make VAL NZA COL model VAL FU24 COL series VAL 954 COL name VAL No Popular Name COL cert VAL A-3,COL make VAL STNSON COL model VAL 108 COL series VAL 1 COL cert VAL A767,0,0.9999975219372813,0,7282,2928,0,1,0,0,1
COL make VAL LOCKHEED COL model VAL 382 COL series VAL J COL name VAL HERCULES II COL cert VAL A1SO,COL make VAL STNSON COL model VAL 108 COL series VAL 2 COL cert VAL A767,0,0.9999972163591546,0,6543,2929,0,1,0,0,1
COL make VAL BOEING COL model VAL 707 COL series VAL 123B COL name VAL No Popular Name COL cert VAL 4A21,COL make VAL STNSON COL model VAL 108 COL series VAL 3 COL cert VAL A767,0,0.9999973315016858,0,1599,2930,0,1,0,0,1
COL make VAL BOEING COL model VAL 737 COL series VAL 7K9 COL name VAL No Popular Name COL cert VAL A16WE,COL make VAL STNSON COL model VAL 108 COL series VAL 108 COL cert VAL A767,0,0.9999969446742066,0,2316,2931,0,1,0,0,1
COL make VAL DOUGLAS COL model VAL DC9 COL series VAL 87 COL name VAL MD87 COL cert VAL A6WE,COL make VAL STNSON COL model VAL V77 COL series VAL AT19 COL cert VAL A774,0,0.9999972373603415,0,4819,2932,0,1,0,0,1
COL make VAL CESSNA COL model VAL 560 COL series VAL XL COL name VAL CITATION XLS PLUS COL cert VAL A22CE,COL make VAL STNSON COL model VAL 10 COL series VAL HW75 COL cert VAL A709,0,0.9999970963716025,0,16937,2933,0,1,0,0,1
COL make VAL HUGHES COL model VAL 269C COL series VAL 269C COL name VAL 300C COL cert VAL 4H12,COL make VAL STNSON COL model VAL JR COL series VAL SR COL cert VAL ATC510,0,0.9999972125577151,0,5878,2934,0,1,0,0,1
COL make VAL SCHWEIZER COL model VAL SGU1 19 COL series VAL A COL name VAL No Popular Name COL cert VAL G-17,COL make VAL STNSON COL model VAL L5 COL series VAL B COL cert VAL A764,0,0.9999969557076489,0,8305,2935,0,1,0,0,1
COL make VAL PIPER COL model VAL PA18S COL series VAL 125 COL name VAL SUPER CUB COL cert VAL 1A2,COL make VAL STNSON COL model VAL L5 COL series VAL C COL cert VAL A764,0,0.99999738737408,0,7513,2936,0,1,0,0,1
COL make VAL PIPER COL model VAL PA20 COL series VAL 135 COL name VAL PACER COL cert VAL 1A4,COL make VAL STNSON COL model VAL L5 COL series VAL E COL cert VAL A764,0,0.9999974470287347,0,7520,2937,0,1,0,0,1
COL make VAL BOEING COL model VAL 707 COL series VAL 369C COL name VAL No Popular Name COL cert VAL 4A26,COL make VAL STNSON COL model VAL L5 COL series VAL E1 COL cert VAL A764,0,0.9999972438799848,0,1654,2938,0,1,0,0,1
COL make VAL CESSNA COL model VAL T210 COL series VAL K COL name VAL TURBO CENTURION COL cert VAL 3A21,COL make VAL STNSON COL model VAL L5 COL series VAL G COL cert VAL A764,0,0.9999973081501597,0,3970,2939,0,1,0,0,1
COL make VAL CESSNA COL model VAL P206 COL series VAL D COL name VAL SUPER SKYLANE COL cert VAL A4CE,COL make VAL STNSON COL model VAL L5 COL series VAL L5 COL cert VAL A764,0,0.9999970421142138,0,3946,2940,0,1,0,0,1
COL make VAL BEECH COL model VAL RU21 COL series VAL A COL name VAL UTE COL cert VAL 3A20,COL make VAL STNSON COL model VAL 10 COL series VAL L9B COL cert VAL A738,0,0.9999971573920963,0,1398,2941,0,1,0,0,1
COL make VAL CESSNA COL model VAL P210 COL series VAL R COL name VAL PRESSURIZED CENTURION COL cert VAL 3A21,COL make VAL SM COL model VAL 8 COL series VAL A COL cert VAL ATC295,0,0.9999971363101394,0,3950,2942,0,1,0,0,1
COL make VAL HUGHES COL model VAL 369 COL series VAL E COL name VAL 500E COL cert VAL H3WE,COL make VAL SR COL model VAL 6 COL series VAL A COL cert VAL ATC580,0,0.999996991008191,0,5884,2943,0,1,0,0,1
COL make VAL SWEARINGEN COL model VAL SA227 COL series VAL CC COL name VAL METRO 23 COL cert VAL A18SW,COL make VAL SR COL model VAL 6 COL series VAL B COL cert VAL ATC580,0,0.9999971576021843,0,8901,2944,0,1,0,0,1
COL make VAL BALLOON WORKS COL model VAL FIREFLY B7 COL series VAL FIREFLY B7 COL name VAL No Popular Name COL cert VAL A14SO,COL make VAL SR COL model VAL 6 COL series VAL 6 COL cert VAL ATC580,0,0.999997286165725,0,1079,2945,0,1,0,0,1
COL make VAL LEARJET COL model VAL 24 COL series VAL A COL name VAL No Popular Name COL cert VAL A10CE,COL make VAL SR COL model VAL 8 COL series VAL A COL cert VAL ATC608,0,0.9999971719664349,0,6338,2946,0,1,0,0,1
COL make VAL HUGHES COL model VAL YOH6 COL series VAL A COL name VAL CAYUSE COL cert VAL H3WE,COL make VAL SR COL model VAL 8 COL series VAL B COL cert VAL ATC608,0,0.9999970762957142,0,5895,2947,0,1,0,0,1
COL make VAL PIPER COL model VAL PA60 COL series VAL 601P COL name VAL AEROSTAR 601P COL cert VAL A17WE,COL make VAL SR COL model VAL 8 COL series VAL C COL cert VAL ATC608,0,0.9999970659063897,0,7640,2948,0,1,0,0,1
COL make VAL AERO COMMANDER COL model VAL 681 COL series VAL 681 COL name VAL HAWK COMMANDER COL cert VAL 2A4,COL make VAL SR COL model VAL 9 COL series VAL B COL cert VAL ATC621,0,0.9999970585393909,0,7987,2949,0,1,0,0,1
COL make VAL BOEING COL model VAL 737 COL series VAL 49R COL name VAL No Popular Name COL cert VAL A16WE,COL make VAL SR COL model VAL 9 COL series VAL C COL cert VAL ATC621,0,0.9999969948237585,0,2152,2950,0,1,0,0,1
COL make VAL LOCKHEED COL model VAL 402 COL series VAL 2 COL name VAL No Popular Name COL cert VAL 2A11,COL make VAL STNSON COL model VAL V77 COL series VAL V77 COL cert VAL A774,0,0.9999968265419994,0,24005,2951,0,1,0,0,1
COL make VAL HUGHES COL model VAL 369 COL series VAL HE COL name VAL 500 COL cert VAL H3WE,COL make VAL SUD COL model VAL SE210 COL series VAL SE210VIR COL name VAL CARAVELLE COL cert VAL 7A6,0,0.9999972426535477,0,5886,2952,0,1,0,0,1
COL make VAL BRITTEN NORMAN COL model VAL BN2A COL series VAL III3 COL name VAL TRISLANDER COL cert VAL UK.TC.A.00043,COL make VAL SA COL model VAL 226 COL series VAL AT COL cert VAL A5SW,0,0.9999971902749372,0,3052,2953,0,1,0,0,1
COL make VAL PIPER COL model VAL PA31P COL series VAL 350 COL name VAL MOJAVE COL cert VAL A8EA,COL make VAL SA COL model VAL 226 COL series VAL T COL cert VAL A5SW,0,0.9999973015149205,0,7588,2954,0,1,0,0,1
COL make VAL PIPER COL model VAL J5A COL series VAL 80 COL name VAL CUB CRUISER COL cert VAL A-725,COL make VAL SA COL model VAL 226 COL series VAL TB COL cert VAL A5SW,0,0.9999973297171344,0,7473,2955,0,1,0,0,1
COL make VAL SIKORSKY COL model VAL S58 COL series VAL F COL name VAL No Popular Name COL cert VAL 1H11,COL make VAL SA COL model VAL 226 COL series VAL TC COL cert VAL A8SW,0,0.9999971885219615,0,11417,2956,0,1,0,0,1
COL make VAL BELLANCA COL model VAL 17 31 COL series VAL A COL name VAL TURBO SUPER VIKING COL cert VAL A18CE,COL make VAL SA COL model VAL 227 COL series VAL AC COL name VAL METRO III COL cert VAL A8SW,0,0.99999762455318,0,1531,2957,0,1,0,0,1
COL make VAL STINSON COL model VAL SM6000 COL series VAL B COL name VAL AIRLINER COL cert VAL ATC 420,COL make VAL SA COL model VAL 227 COL series VAL BC COL name VAL C26A COL cert VAL A8SW,0,0.9999970236209681,0,16101,2958,0,1,0,0,1
COL make VAL STINSON COL model VAL SR10 COL series VAL K COL name VAL RELIANT COL cert VAL TC 679,COL make VAL SA COL model VAL 227 COL series VAL AT COL name VAL METRO III COL cert VAL A5SW,0,0.999997461557679,0,22190,2959,0,1,0,0,1
COL make VAL BEECH COL model VAL 24 COL series VAL B24R COL name VAL SIERRA 200 COL cert VAL A1CE,COL make VAL SA COL model VAL 227 COL series VAL CC COL cert VAL A18SW,0,0.9999976591273197,0,1193,2960,0,1,0,0,1
COL make VAL BELL COL model VAL UH1 COL series VAL H COL name VAL IROQUOIS COL cert VAL H13WE,COL make VAL FRCACF COL model VAL SA227 COL series VAL CC COL cert VAL A18SW,0,0.9999972492000501,0,5382,2961,0,1,0,0,1
COL make VAL BEECH COL model VAL 35 COL series VAL V35A COL name VAL BONANZA COL cert VAL 3A15,COL make VAL SA COL model VAL 227 COL series VAL PC COL name VAL METRO III COL cert VAL A8SW,0,0.9999974447439673,0,1228,2962,0,1,0,0,1
COL make VAL ERCOUPE COL model VAL G COL series VAL G COL name VAL 415G COL cert VAL A-787,COL make VAL SA COL model VAL 227 COL series VAL TT COL name VAL METRO III COL cert VAL A5SW,0,0.9999974840943264,0,5003,2963,0,1,0,0,1
COL make VAL CESSNA COL model VAL FR172 COL series VAL F COL name VAL REIMS ROCKET COL cert VAL A18EU,COL make VAL SA COL model VAL 26 COL series VAL AT COL cert VAL A5SW,0,0.9999973983761251,0,3914,2964,0,1,0,0,1
COL make VAL CESSNA COL model VAL A188 COL series VAL A188 COL name VAL AGWAGON 300 COL cert VAL A9CE,COL make VAL SA COL model VAL 26 COL series VAL T COL cert VAL A5SW,0,0.9999973574217397,0,3869,2965,0,1,0,0,1
COL make VAL SIKORSKY COL model VAL UH34 COL series VAL E COL name VAL CHOCTAW COL cert VAL H7NM,COL make VAL TCRAFK COL model VAL 15A COL series VAL 15A COL cert VAL 3A3,0,0.9999972765961895,0,21643,2966,0,1,0,0,1
COL make VAL CALLAIR COL model VAL B1 COL series VAL B1 COL name VAL SNIPE COMMANDER COL cert VAL A8WE,COL make VAL TCRAFT COL model VAL 19 COL series VAL 19 COL cert VAL 1A9,0,0.9999961827062941,0,3112,2967,0,1,0,0,1
COL make VAL BEECH COL model VAL 50 COL series VAL H50 COL name VAL TWIN BONANZA COL cert VAL 5A4,COL make VAL TCRAFK COL model VAL 20 COL series VAL 20 COL cert VAL 3A3,0,0.9999969377768078,0,1260,2968,0,1,0,0,1
COL make VAL NORTH AMERICAN COL model VAL SNJ COL series VAL 5 COL name VAL TEXAN COL cert VAL A-2-575,COL make VAL TCRAFK COL model VAL A COL series VAL A COL cert VAL A643,0,0.9999964136569852,0,7229,2969,0,1,0,0,1
COL make VAL CESSNA COL model VAL 172 COL series VAL Q COL name VAL CUTLASS COL cert VAL 3A12,COL make VAL TCRAFT COL model VAL BC COL series VAL 65 COL cert VAL A696,0,0.9999974599279298,0,3684,2970,0,1,0,0,1
COL make VAL CESSNA COL model VAL T210 COL series VAL F COL name VAL TURBO CENTURION COL cert VAL 3A21,COL make VAL TCRAFT COL model VAL BC COL series VAL BC COL cert VAL A696,0,0.9999973750240807,0,3966,2971,0,1,0,0,1
COL make VAL OBERLERCHNER COL model VAL MG23 COL series VAL SL COL name VAL No Popular Name COL cert VAL SF 6/63,COL make VAL TCRAFT COL model VAL BC COL series VAL 1265 COL cert VAL A696,0,0.999997430436151,0,22073,2972,0,1,0,0,1
COL make VAL CESSNA COL model VAL T207 COL series VAL T207 COL name VAL TURBO SKYWAGON COL cert VAL A16CE,COL make VAL TCRAFT COL model VAL BC COL series VAL 12D COL cert VAL A696,0,0.9999971368057767,0,3965,2973,0,1,0,0,1
COL make VAL SIKORSKY COL model VAL CH19 COL series VAL E COL name VAL CHICKASAW COL cert VAL HR1SO,COL make VAL TCRAFT COL model VAL BC COL series VAL 12D1 COL cert VAL A696,0,0.9999971384818418,0,21363,2974,0,1,0,0,1
COL make VAL CESSNA COL model VAL P172 COL series VAL D COL name VAL SKYHAWK POWERMATIC COL cert VAL 3A17,COL make VAL TCRAFT COL model VAL BC COL series VAL S12D1 COL cert VAL A696,0,0.9999973009808728,0,3942,2975,0,1,0,0,1
COL make VAL HUGHES COL model VAL 269C COL series VAL 1 COL name VAL 300C COL cert VAL 4H12,COL make VAL TCRAFT COL model VAL BC COL series VAL 12D485 COL cert VAL A696,0,0.9999969725693341,0,5876,2976,0,1,0,0,1
COL make VAL BOEING COL model VAL 737 COL series VAL 2B1C COL name VAL No Popular Name COL cert VAL A16WE,COL make VAL TCRAFT COL model VAL BC COL series VAL S12D485 COL cert VAL A696,0,0.9999968712260152,0,1979,2977,0,1,0,0,1
COL make VAL CESSNA COL model VAL FR182 COL series VAL FR182 COL name VAL SKYLANE COL cert VAL A42EU,COL make VAL TCRAFT COL model VAL BC COL series VAL 12D85 COL cert VAL A696,0,0.9999970934417939,0,3919,2978,0,1,0,0,1
COL make VAL BOEING COL model VAL 707 COL series VAL 399C COL name VAL No Popular Name COL cert VAL 4A26,COL make VAL TCRAFK COL model VAL BF COL series VAL 1265 COL cert VAL A699,0,0.9999970512509152,0,1667,2979,0,1,0,0,1
COL make VAL STINSON COL model VAL SR10 COL series VAL C COL name VAL RELIANT COL cert VAL TC 678,COL make VAL TCRAFT COL model VAL BC COL series VAL S12D85 COL cert VAL A696,0,0.9999975137148903,0,22181,2980,0,1,0,0,1
COL make VAL PIPER COL model VAL PA32 COL series VAL 260 COL name VAL CHEROKEE SIX 260 COL cert VAL A3SO,COL make VAL TCRAFK COL model VAL BF COL series VAL 60 COL cert VAL A699,0,0.9999970969405986,0,7596,2981,0,1,0,0,1
COL make VAL LEARJET COL model VAL 60 COL series VAL 60 COL name VAL No Popular Name COL cert VAL A10CE,COL make VAL TCRAFK COL model VAL BF COL series VAL 65 COL cert VAL A699,0,0.9999972410727032,0,6360,2982,0,1,0,0,1
COL make VAL THRUSH COL model VAL S2R COL series VAL H80 COL name VAL THRUSH 510G COL cert VAL A4SW,COL make VAL TCRAFK COL model VAL BF COL series VAL BF COL cert VAL A699,0,0.9999970304467887,0,11519,2983,0,1,0,0,1
COL make VAL PIPER COL model VAL PA31T COL series VAL 2 COL name VAL CHEYENNE IIXL COL cert VAL A8EA,COL make VAL TCRAFK COL model VAL BL COL series VAL S1265 COL cert VAL A700,0,0.9999970108160496,0,7592,2984,0,1,0,0,1
COL make VAL LEARJET COL model VAL 24 COL series VAL 24 COL name VAL No Popular Name COL cert VAL A10CE,COL make VAL TCRAFK COL model VAL BF COL series VAL S1265 COL cert VAL A699,0,0.9999968223430707,0,6343,2985,0,1,0,0,1
COL make VAL AEROSPATIALE COL model VAL AS350 COL series VAL D1 COL name VAL ASTAR COL cert VAL NOT CERTIFICATED,COL make VAL TCRAFK COL model VAL BL COL series VAL 65 COL cert VAL A700,0,0.9999970699343741,0,12480,2986,0,1,0,0,1
COL make VAL PIPER COL model VAL PA31P COL series VAL 350 COL name VAL MOJAVE COL cert VAL A8EA,COL make VAL TCRAFK COL model VAL BL COL series VAL BL COL cert VAL A700,0,0.9999968710499647,0,7588,2987,0,1,0,0,1
COL make VAL AEROSPATIALE COL model VAL AS350 COL series VAL B1 COL name VAL ECUREUIL COL cert VAL EASA.R.008,COL make VAL TCRAFK COL model VAL BL COL series VAL 1265 COL cert VAL A700,0,0.9999949754876059,0,198,2988,0,1,0,0,1
COL make VAL CESSNA COL model VAL 337 COL series VAL C COL name VAL No Popular Name COL cert VAL A6CE,COL make VAL TCRAFK COL model VAL BL COL series VAL S65 COL cert VAL A700,0,0.999997288747427,0,3806,2989,0,1,0,0,1
COL make VAL DASSAULT COL model VAL MYSTERE FALCON 20 COL series VAL F5 COL name VAL No Popular Name COL cert VAL 103BIS,COL make VAL TCRAFT COL model VAL D COL series VAL C65 COL cert VAL A746,0,0.9999968325815506,0,4442,2990,0,1,0,0,1
COL make VAL BOEING COL model VAL 727 COL series VAL 123 COL name VAL No Popular Name COL cert VAL A3WE,COL make VAL TCRAFT COL model VAL D COL series VAL CO65 COL cert VAL A746,0,0.9999968757834646,0,1723,2991,0,1,0,0,1
COL make VAL PIPER COL model VAL PA28R COL series VAL 200 COL name VAL ARROW II COL cert VAL 2A13,COL make VAL TCRAFT COL model VAL D COL series VAL F65 COL cert VAL A746,0,0.9999975055365851,0,7573,2992,0,1,0,0,1
COL make VAL LEARJET COL model VAL 35 COL series VAL A COL name VAL No Popular Name COL cert VAL A10CE,COL make VAL TCRAFT COL model VAL D COL series VAL L65 COL cert VAL A746,0,0.9999970577327889,0,6351,2993,0,1,0,0,1
COL make VAL SCHWEIZER COL model VAL SGS1 36 COL series VAL SGS1 36 COL name VAL SPRITE COL cert VAL G5EA,COL make VAL TCRAFT COL model VAL 19 COL series VAL F19 COL cert VAL 1A9,0,0.9999966147336402,0,8298,2994,0,1,0,0,1
COL make VAL SCHWEIZER COL model VAL SGS1 26 COL series VAL E COL name VAL No Popular Name COL cert VAL 1G10,COL make VAL TCRAFT COL model VAL 21 COL series VAL F21A COL cert VAL 1A9,0,0.9999972772155592,0,8291,2995,0,1,0,0,1
COL make VAL NORTH AMERICAN COL model VAL SNJ COL series VAL 6 COL name VAL TEXAN COL cert VAL A-2-575,COL make VAL TCRAFT COL model VAL 21 COL series VAL F21B COL cert VAL 1A9,0,0.9999971165103881,0,7232,2996,0,1,0,0,1
COL make VAL BOEING COL model VAL 737 COL series VAL 76N COL name VAL No Popular Name COL cert VAL A16WE,COL make VAL TCRAFT COL model VAL 21 COL series VAL F21 COL cert VAL 1A9,0,0.9999968938581089,0,2235,2997,0,1,0,0,1
COL make VAL GRUMMAN COL model VAL G21 COL series VAL G21 COL name VAL GOOSE COL cert VAL TC 654,COL make VAL TCRAFT COL model VAL 22 COL series VAL F22A COL cert VAL 1A9,0,0.9999971078337937,0,5557,2998,0,1,0,0,1
COL make VAL SIKORSKY COL model VAL UH60 COL series VAL A COL name VAL BLACK HAWK COL cert VAL R00113SE,COL make VAL TCRAFT COL model VAL 22 COL series VAL F22B COL cert VAL 1A9,0,0.9999972659866577,0,25973,2999,0,1,0,0,1
COL make VAL PIPER COL model VAL PA46 COL series VAL 500TP COL name VAL MALIBU MERIDIAN COL cert VAL A25SO,COL make VAL TCRAFT COL model VAL 22 COL series VAL F22C COL cert VAL 1A9,0,0.999997204531393,0,7635,3000,0,1,0,0,1
COL make VAL SIOUX COL model VAL COUPE COL series VAL 60 COL name VAL No Popular Name COL cert VAL TC 2-81,COL make VAL TCRAFT COL model VAL 22 COL series VAL F22 COL cert VAL 1A9,0,0.9999970891838087,0,19273,3001,0,1,0,0,1
COL make VAL BEECH COL model VAL 200 COL series VAL A200 COL name VAL SUPER KING AIR COL cert VAL A24CE,COL make VAL TCRAFK COL model VAL FAIII COL series VAL FAIII COL name VAL AIRPHIBIAN COL cert VAL 1A11,0,0.9999972709062089,0,1172,3002,0,1,0,0,1
COL make VAL CESSNA COL model VAL 210 COL series VAL D COL name VAL CENTURION COL cert VAL 3A21,COL make VAL TCRAFT COL model VAL D COL series VAL L2 COL cert VAL A746,0,0.9999968050331924,0,3752,3003,0,1,0,0,1
COL make VAL CESSNA COL model VAL 337 COL series VAL A COL name VAL SUPER SKYMASTER COL cert VAL A6CE,COL make VAL TCRAFT COL model VAL D COL series VAL L2A COL cert VAL A746,0,0.9999969072053378,0,3804,3004,0,1,0,0,1
COL make VAL LEARJET COL model VAL 28 COL series VAL 28 COL name VAL No Popular Name COL cert VAL A10CE,COL make VAL TCRAFT COL model VAL D COL series VAL L2B COL cert VAL A746,0,0.999996922179028,0,6348,3005,0,1,0,0,1
COL make VAL BOEING COL model VAL 377 COL series VAL MGT1 COL name VAL MINI GUPPY TURBINE COL cert VAL NOT CERTIFICATED,COL make VAL TCRAFT COL model VAL D COL series VAL L2C COL cert VAL A746,0,0.9999968126962031,0,1595,3006,0,1,0,0,1
COL make VAL SWEARINGEN COL model VAL SA227 COL series VAL AC COL name VAL METRO III COL cert VAL A8SW,COL make VAL TCRAFT COL model VAL D COL series VAL L2M COL cert VAL A746,0,0.9999967788983266,0,8898,3007,0,1,0,0,1
COL make VAL BOEING COL model VAL 707 COL series VAL 373C COL name VAL No Popular Name COL cert VAL 4A26,COL make VAL TECNAM COL model VAL P2006T COL series VAL P2006T COL cert VAL A62CE,0,0.9999973246625015,0,1657,3008,0,1,0,0,1
COL make VAL HUGHES COL model VAL 369 COL series VAL E COL name VAL 500E COL cert VAL H3WE,COL make VAL THUNDR COL model VAL AX7 COL series VAL 77Z COL cert VAL B2EU,0,0.9999973497240853,0,5884,3009,0,1,0,0,1
COL make VAL SIKORSKY COL model VAL S51 COL series VAL S51 COL name VAL DRAGONFLY COL cert VAL H-2,COL make VAL THNDCT COL model VAL AX8 COL series VAL 105(S.2) COL cert VAL B2EU,0,0.9999974626093164,0,8461,3010,0,1,0,0,1
COL make VAL BOEING COL model VAL 737 COL series VAL 490 COL name VAL No Popular Name COL cert VAL A16WE,COL make VAL TIMM COL model VAL COLEGT COL series VAL COLEGT COL cert VAL 2202,0,0.9999966804367618,0,2150,3011,0,1,0,0,1
COL make VAL CESSNA COL model VAL T207 COL series VAL A COL name VAL TURBO SKYWAGON COL cert VAL A16CE,COL make VAL TIMM COL model VAL N2T COL series VAL 1 COL cert VAL A2573,0,0.9999970586810495,0,3964,3012,0,1,0,0,1
COL make VAL CESSNA COL model VAL A188 COL series VAL A188 COL name VAL AGWAGON 300 COL cert VAL A9CE,COL make VAL TIMM COL model VAL PT220 COL series VAL C COL cert VAL 750,0,0.9999972821187934,0,3869,3013,0,1,0,0,1
COL make VAL CESSNA COL model VAL 210 COL series VAL H COL name VAL CENTURION COL cert VAL 3A21,COL make VAL CURTIS COL model VAL TRVAIR COL series VAL A14D COL name VAL TRAVEL AIR COL cert VAL ATC442,0,0.9999974304545299,0,3756,3014,0,1,0,0,1
COL make VAL PIPER COL model VAL J4 COL series VAL B COL name VAL CUB COUPE COL cert VAL TC 708,COL make VAL CURTIS COL model VAL TRVAIR COL series VAL 4000 COL name VAL TRAVEL AIR COL cert VAL ATC32,0,0.9999973892097348,0,7470,3015,0,1,0,0,1
COL make VAL CESSNA COL model VAL 310 COL series VAL N COL name VAL No Popular Name COL cert VAL 3A10,COL make VAL CURTIS COL model VAL TRVAIR COL series VAL B94000 COL name VAL TRAVEL AIR COL cert VAL 2381,0,0.9999974446062799,0,3783,3016,0,1,0,0,1
COL make VAL CESSNA COL model VAL 310 COL series VAL N COL name VAL No Popular Name COL cert VAL 3A10,COL make VAL CURTIS COL model VAL TRVAIR COL series VAL C4000 COL name VAL TRAVEL AIR COL cert VAL ATC149,0,0.9999971626869965,0,3783,3017,0,1,0,0,1
COL make VAL PIPER COL model VAL J4 COL series VAL B COL name VAL CUB COUPE COL cert VAL TC 708,COL make VAL CURTIS COL model VAL TRVAIR COL series VAL D4000 COL name VAL TRAVEL AIR COL cert VAL 284,0,0.9999973885274304,0,7470,3018,0,1,0,0,1
COL make VAL HELIO COL model VAL H250 COL series VAL H250 COL name VAL COURIER COL cert VAL 1A8,COL make VAL CURTIS COL model VAL TRVAIR COL series VAL D4D COL name VAL TRAVEL AIR COL cert VAL 2178,0,0.9999974035391169,0,5748,3019,0,1,0,0,1
COL make VAL LOCKHEED COL model VAL 1329 COL series VAL 23A COL name VAL JETSTAR COL cert VAL 2A15,COL make VAL CURTIS COL model VAL TRVAIR COL series VAL E4000 COL name VAL TRAVEL AIR COL cert VAL ATC188,0,0.9999973060879558,0,6519,3020,0,1,0,0,1
COL make VAL PIPER COL model VAL PA22 COL series VAL 150 COL name VAL TRIPACER COL cert VAL 1A6,COL make VAL CURTIS COL model VAL TRVAIR COL series VAL K4000 COL name VAL TRAVEL AIR COL cert VAL ATC205,0,0.9999973524927708,0,7527,3021,0,1,0,0,1
COL make VAL BOEING COL model VAL 737 COL series VAL 3Y0 COL name VAL No Popular Name COL cert VAL A16WE,COL make VAL CURTIS COL model VAL TRVAIR COL series VAL S6000B COL name VAL TRAVEL AIR COL cert VAL ATC130,0,0.9999974836432084,0,2119,3022,0,1,0,0,1
COL make VAL PIPER COL model VAL PA36 COL series VAL 300 COL name VAL PAWNEE BRAVE 300 COL cert VAL A9SO,COL make VAL CURTIS COL model VAL TRVAIR COL series VAL 6B COL name VAL TRAVEL AIR COL cert VAL ATC352,0,0.9999974577189564,0,7619,3023,0,1,0,0,1
COL make VAL BALLOON WORKS COL model VAL FIREFLY 6B COL series VAL 15 COL name VAL No Popular Name COL cert VAL A14SO,COL make VAL CURTIS COL model VAL TRVAIR COL series VAL W4000 COL name VAL TRAVEL AIR COL cert VAL ATC112,0,0.9999971363975307,0,1067,3024,0,1,0,0,1
COL make VAL BELL COL model VAL 206 COL series VAL L4 COL name VAL LONG RANGER IV COL cert VAL H-92,COL make VAL CURTIS COL model VAL TRVAIR COL series VAL 10D COL name VAL TRAVEL AIR COL cert VAL ATC278,0,0.9999972809171513,0,1422,3025,0,1,0,0,1
COL make VAL BOEING COL model VAL 777 COL series VAL 289 COL name VAL No Popular Name COL cert VAL T00001SE,COL make VAL CURTIS COL model VAL TRVAIR COL series VAL 12Q COL name VAL TRAVEL AIR COL cert VAL ATC401,0,0.9999972253691242,0,2838,3026,0,1,0,0,1
COL make VAL CESSNA COL model VAL T207 COL series VAL A COL name VAL TURBO SKYWAGON COL cert VAL A16CE,COL make VAL CURTIS COL model VAL TRVAIR COL series VAL 12W COL name VAL TRAVEL AIR COL cert VAL ATC407,0,0.9999973967567065,0,3964,3027,0,1,0,0,1
COL make VAL NZA COL model VAL FU24 COL series VAL 954 COL name VAL No Popular Name COL cert VAL A-3,COL make VAL CURTIS COL model VAL TRVAIR COL series VAL 1E COL name VAL TRAVEL AIR COL cert VAL ATC463,0,0.9999975600058074,0,7282,3028,0,1,0,0,1
COL make VAL NZA COL model VAL FU24 COL series VAL 954 COL name VAL No Popular Name COL cert VAL A-3,COL make VAL CURTIS COL model VAL TRVAIR COL series VAL 16K COL name VAL TRAVEL AIR COL cert VAL ATC411,0,0.9999975402518767,0,7282,3029,0,1,0,0,1
COL make VAL LAIRD COL model VAL LC COL series VAL B200 COL name VAL COMMERCIAL COL cert VAL ATC 86,COL make VAL CURTIS COL model VAL TRVAIR COL series VAL 2000T COL name VAL TRAVEL AIR COL cert VAL 2368,0,0.9999968613564089,0,19307,3030,0,1,0,0,1
COL make VAL AYRES COL model VAL S2R COL series VAL T15 COL name VAL No Popular Name COL cert VAL A3SW,COL make VAL CURTIS COL model VAL TRVAIR COL series VAL 2000 COL name VAL TRAVEL AIR COL cert VAL ATC30,0,0.9999970677917446,0,868,3031,0,1,0,0,1
COL make VAL MOONEY COL model VAL M20S COL series VAL M20S COL name VAL EAGLE COL cert VAL 2A3,COL make VAL CURTIS COL model VAL TRVAIR COL series VAL 3000 COL name VAL TRAVEL AIR COL cert VAL ATC31,0,0.9999972359425354,0,7039,3032,0,1,0,0,1
COL make VAL PIPER COL model VAL PA28 COL series VAL 235 COL name VAL CHARGER COL cert VAL 2A13,COL make VAL CURTIS COL model VAL TRVAIR COL series VAL B4000 COL name VAL TRAVEL AIR COL cert VAL ATC146,0,0.9999974137480593,0,7569,3033,0,1,0,0,1
COL make VAL BEECH COL model VAL T34 COL series VAL A COL name VAL MENTOR COL cert VAL 5A3,COL make VAL CURTIS COL model VAL TRVAIR COL series VAL 4D COL name VAL TRAVEL AIR COL cert VAL ATC254,0,0.9999968782599169,0,1388,3034,0,1,0,0,1
COL make VAL STINSON COL model VAL SR10 COL series VAL J3 COL name VAL RELIANT COL cert VAL TC 678,COL make VAL ULTMAG COL model VAL N COL series VAL 250 COL cert VAL B02CE,0,0.9999971628966934,0,22188,3035,0,1,0,0,1
COL make VAL BOEING COL model VAL 737 COL series VAL 322 COL name VAL No Popular Name COL cert VAL A16WE,COL make VAL VARGA COL model VAL 2180 COL series VAL 2180 COL cert VAL 4A19,0,0.99999734185825,0,2063,3037,0,1,0,0,1
COL make VAL BEECH COL model VAL 56 COL series VAL TC COL name VAL TURBO BARON COL cert VAL 3A16,COL make VAL BV COL model VAL 234 COL series VAL 234 COL cert VAL H9EA,0,0.9999971921205443,0,1275,3038,0,1,0,0,1
COL make VAL STINSON COL model VAL SR10 COL series VAL F COL name VAL RELIANT COL cert VAL TC 685,COL make VAL BV COL model VAL 42 COL series VAL A COL cert VAL 1H12,0,0.9999973308933922,0,22380,3039,0,1,0,0,1
COL make VAL CESSNA COL model VAL U206 COL series VAL A COL name VAL SUPER SKYWAGON COL cert VAL A4CE,COL make VAL BV COL model VAL 42 COL series VAL B COL cert VAL 1H12,0,0.9999969380746694,0,4007,3040,0,1,0,0,1
COL make VAL HUGHES COL model VAL 369 COL series VAL E COL name VAL 500E COL cert VAL H3WE,COL make VAL BV COL model VAL 42 COL series VAL 44A COL cert VAL 1H12,0,0.9999973343872811,0,5884,3041,0,1,0,0,1
COL make VAL BOEING COL model VAL 737 COL series VAL 3M8 COL name VAL No Popular Name COL cert VAL A16WE,COL make VAL BV COL model VAL 42 COL series VAL 44B COL cert VAL 1H12,0,0.9999970133805784,0,2109,3042,0,1,0,0,1
COL make VAL BALLOON WORKS COL model VAL FIREFLY 8B COL series VAL 15 COL name VAL No Popular Name COL cert VAL A14SO,COL make VAL SCHNCK COL model VAL CH21 COL series VAL C COL cert VAL H8WE,0,0.9999972110394099,0,1075,3043,0,1,0,0,1
COL make VAL AVIAN COL model VAL MAGNUM IX COL series VAL MAGNUM IX COL name VAL No Popular Name COL cert VAL A4NM,COL make VAL LASSEN COL model VAL CH21 COL series VAL C COL cert VAL H11WE,0,0.9999970534786927,0,735,3044,0,1,0,0,1
COL make VAL DASSAULT COL model VAL FANJET FALCON COL series VAL C COL name VAL No Popular Name COL cert VAL 103,COL make VAL WRIGHT COL model VAL H21 COL series VAL B COL cert VAL H1NM,0,0.9999973602289574,0,4431,3045,0,1,0,0,1
COL make VAL BOEING COL model VAL 737 COL series VAL 7HJ COL name VAL No Popular Name COL cert VAL A16WE,COL make VAL RISLEY COL model VAL H21 COL series VAL B COL cert VAL H1AL,0,0.9999971521687929,0,2308,3046,0,1,0,0,1
COL make VAL PIPER COL model VAL PA18S COL series VAL 125 COL name VAL SUPER CUB COL cert VAL 1A2,COL make VAL VK COL model VAL 745 COL series VAL 745 COL cert VAL A814,0,0.9999972099832881,0,7513,3047,0,1,0,0,1
COL make VAL BOEING COL model VAL 737 COL series VAL 86N COL name VAL No Popular Name COL cert VAL A16WE,COL make VAL VIKING COL model VAL B COL series VAL 4 COL name VAL KITTY HAWK COL cert VAL ATC166,0,0.9999969026376019,0,2355,3048,0,1,0,0,1
COL make VAL CESSNA COL model VAL T240 COL series VAL T240 COL name VAL CESSNA TTX COL cert VAL A00003SE,COL make VAL VIKING COL model VAL B COL series VAL 8 COL name VAL KITTY HAWK COL cert VAL ATC392,0,0.9999967953933702,0,11160,3049,0,1,0,0,1
COL make VAL BEECH COL model VAL 55 COL series VAL 95B55B COL name VAL BARON COL cert VAL 3A16,COL make VAL V COL model VAL 1A COL series VAL 1A COL cert VAL 2539,0,0.9999968211473372,0,1267,3050,0,1,0,0,1
COL make VAL PIPER COL model VAL PA28 COL series VAL 151 COL name VAL CHEROKEE WARRIOR COL cert VAL 2A13,COL make VAL WACO COL model VAL 125 COL series VAL 125 COL cert VAL ATC26,0,0.9999964739637268,0,7557,3051,0,1,0,0,1
COL make VAL LEARJET COL model VAL 55 COL series VAL B COL name VAL No Popular Name COL cert VAL A10CE,COL make VAL WACO COL model VAL 9 COL series VAL 9 COL cert VAL ATC11,0,0.9999970191242485,0,6357,3052,0,1,0,0,1
COL make VAL MOONEY COL model VAL M20R COL series VAL M20R COL name VAL OVATION COL cert VAL 2A3,COL make VAL WACO COL model VAL AGC8 COL series VAL AGC8 COL cert VAL 664,0,0.999996949194498,0,7038,3053,0,1,0,0,1
COL make VAL STINSON COL model VAL SR10 COL series VAL K COL name VAL RELIANT COL cert VAL TC 679,COL make VAL WACO COL model VAL QC6 COL series VAL AQC6 COL cert VAL 598,0,0.9999974773130424,0,22190,3054,0,1,0,0,1
COL make VAL AEROSTAR INTERNATIONAL COL model VAL S50A COL series VAL S50A COL name VAL No Popular Name COL cert VAL A15CE,COL make VAL WACO COL model VAL RE COL series VAL ARE COL cert VAL 714,0,0.9999969052742811,0,294,3055,0,1,0,0,1
COL make VAL HUGHES COL model VAL 369 COL series VAL HM COL name VAL 500 COL cert VAL H3WE,COL make VAL WACO COL model VAL ASO COL series VAL ASO COL cert VAL ATC41,0,0.9999970809664864,0,5887,3056,0,1,0,0,1
COL make VAL BOEING COL model VAL 737 COL series VAL 248 COL name VAL No Popular Name COL cert VAL A16WE,COL make VAL WACO COL model VAL ATO COL series VAL ATO COL cert VAL ATC123,0,0.9999970551136665,0,1941,3057,0,1,0,0,1
COL make VAL AMERICAN AVIATION COL model VAL AA5 COL series VAL A COL name VAL CHEETAH COL cert VAL A16EA,COL make VAL WACO COL model VAL AVN8 COL series VAL AVN8 COL cert VAL 677,0,0.9999966391746,0,538,3058,0,1,0,0,1
COL make VAL AYRES COL model VAL S2R COL series VAL R3S COL name VAL No Popular Name COL cert VAL A3SW,COL make VAL WACO COL model VAL BSO COL series VAL BSO COL cert VAL ATC168,0,0.9999968132204978,0,864,3059,0,1,0,0,1
COL make VAL BOEING COL model VAL 737 COL series VAL 7JR COL name VAL No Popular Name COL cert VAL A16WE,COL make VAL WACO COL model VAL JC COL series VAL CJC COL cert VAL ATC538,0,0.9999970204145896,0,2313,3060,0,1,0,0,1
COL make VAL SIKORSKY COL model VAL S70 COL series VAL M COL name VAL BLACK HAWK COL cert VAL H5NE,COL make VAL WACO COL model VAL CRG COL series VAL CRG COL cert VAL ATC362,0,0.9999967677943813,0,13073,3061,0,1,0,0,1
COL make VAL ERICKSON AIR CRANE COL model VAL S64 COL series VAL F COL name VAL SKYCRANE COL cert VAL H6EA,COL make VAL WACO COL model VAL CSO COL series VAL CSO COL cert VAL ATC240,0,0.9999970792052023,0,5008,3062,0,1,0,0,1
COL make VAL BEECH COL model VAL 200 COL series VAL A200 COL name VAL SUPER KING AIR COL cert VAL A24CE,COL make VAL WACO COL model VAL CTO COL series VAL CTO COL cert VAL ATC257,0,0.9999967555492848,0,1172,3063,0,1,0,0,1
COL make VAL BOEING COL model VAL 737 COL series VAL 3T5 COL name VAL No Popular Name COL cert VAL A16WE,COL make VAL WACO COL model VAL UC COL series VAL CUC COL cert VAL ATC575,0,0.9999970210567096,0,2115,3064,0,1,0,0,1
COL make VAL CESSNA COL model VAL 680 COL series VAL A COL name VAL LATITUDE COL cert VAL T00012WI,COL make VAL WACO COL model VAL UC COL series VAL CUC1 COL cert VAL ATC575,0,0.9999969623082904,0,11056,3065,0,1,0,0,1
COL make VAL CONSOLIDATED VULTEE COL model VAL OA10 COL series VAL OA10 COL name VAL CATALINA COL cert VAL TC 2-548,COL make VAL WACO COL model VAL UC COL series VAL CUC2 COL cert VAL ATC575,0,0.9999965385669112,0,23802,3066,0,1,0,0,1
COL make VAL BOEING COL model VAL 747 COL series VAL 312 COL name VAL No Popular Name COL cert VAL A20WE,COL make VAL WACO COL model VAL JC COL series VAL DJC6 COL cert VAL ATC538,0,0.9999968531307172,0,2530,3067,0,1,0,0,1
COL make VAL BOEING COL model VAL 737 COL series VAL 8B5 COL name VAL No Popular Name COL cert VAL A16WE,COL make VAL WACO COL model VAL QC6 COL series VAL DQC6 COL cert VAL ATC597,0,0.9999968683363417,0,2370,3068,0,1,0,0,1
COL make VAL LOCKHEED COL model VAL L286 COL series VAL L286 COL name VAL No Popular Name COL cert VAL H5WE,COL make VAL WACO COL model VAL DSO COL series VAL DSO COL cert VAL ATC42,0,0.9999965155482864,0,24315,3069,0,1,0,0,1
COL make VAL BOEING COL model VAL 767 COL series VAL 246 COL name VAL No Popular Name COL cert VAL A1NM,COL make VAL WACO COL model VAL GC7 COL series VAL EGC7 COL cert VAL ATC639,0,0.9999966154696422,0,2717,3070,0,1,0,0,1
COL make VAL BOEING COL model VAL 737 COL series VAL 112 COL name VAL No Popular Name COL cert VAL A16WE,COL make VAL WACO COL model VAL EGC COL series VAL 8 COL cert VAL 665,0,0.9999971631956533,0,1911,3071,0,1,0,0,1
COL make VAL BOEING COL model VAL 707 COL series VAL 131B COL name VAL No Popular Name COL cert VAL 4A21,COL make VAL WACO COL model VAL ENF COL series VAL SPECIAL COL cert VAL 2430,0,0.9999971438051563,0,1602,3072,0,1,0,0,1
COL make VAL GULFSTREAM COL model VAL GVI COL series VAL GVI COL name VAL No Popular Name COL cert VAL T00015AT,COL make VAL WACO COL model VAL QC6 COL series VAL EQC6 COL cert VAL ATC597,0,0.9999970823357942,0,10257,3073,0,1,0,0,1
COL make VAL BOEING COL model VAL 737 COL series VAL 291 COL name VAL No Popular Name COL cert VAL A16WE,COL make VAL WACO COL model VAL GXE COL series VAL GXE COL cert VAL 2363,0,0.9999970462227485,0,1965,3074,0,1,0,0,1
COL make VAL AYRES COL model VAL S2R COL series VAL T34 COL name VAL No Popular Name COL cert VAL A3SW,COL make VAL WACO COL model VAL RE COL series VAL HRE COL cert VAL 714,0,0.9999968037562661,0,870,3075,0,1,0,0,1
COL make VAL CESSNA COL model VAL T337 COL series VAL G COL name VAL No Popular Name COL cert VAL A6CE,COL make VAL WACO COL model VAL INF COL series VAL INF COL cert VAL ATC345,0,0.999996968544828,0,3984,3076,0,1,0,0,1
COL make VAL SIKORSKY COL model VAL S76 COL series VAL B COL name VAL No Popular Name COL cert VAL H1NE,COL make VAL WACO COL model VAL JYM COL series VAL JYM COL cert VAL 2361,0,0.9999970494210519,0,8495,3077,0,1,0,0,1
COL make VAL CESSNA COL model VAL P337 COL series VAL H COL name VAL PRESSURIZED SKYMASTER COL cert VAL A6CE,COL make VAL WACO COL model VAL KNF COL series VAL KNF COL cert VAL ATC313,0,0.9999970467156707,0,3951,3078,0,1,0,0,1
COL make VAL BOEING COL model VAL 737 COL series VAL 86N COL name VAL No Popular Name COL cert VAL A16WE,COL make VAL WACO COL model VAL P COL series VAL BA COL cert VAL ATC464,0,0.9999968594835823,0,2355,3079,0,1,0,0,1
COL make VAL ERCOUPE COL model VAL 415 COL series VAL C COL name VAL No Popular Name COL cert VAL A-718,COL make VAL WACO COL model VAL P COL series VAL BF COL cert VAL ATC491,0,0.9999973837537885,0,4991,3080,0,1,0,0,1
COL make VAL PIPER COL model VAL PA38 COL series VAL 112 COL name VAL TOMAHAWK COL cert VAL A18SO,COL make VAL WACO COL model VAL P COL series VAL CF COL cert VAL ATC453,0,0.9999971343841233,0,7622,3081,0,1,0,0,1
COL make VAL ZLIN COL model VAL Z242 COL series VAL L COL name VAL No Popular Name COL cert VAL EASA.A.027,COL make VAL WACO COL model VAL PLA COL series VAL PLA COL cert VAL ATC502,0,0.9999965571464481,0,9695,3082,0,1,0,0,1
COL make VAL BOEING COL model VAL 777 COL series VAL 346 COL name VAL No Popular Name COL cert VAL T00001SE,COL make VAL WACO COL model VAL Q COL series VAL CF COL cert VAL ATC416,0,0.9999972626002203,0,2863,3083,0,1,0,0,1
COL make VAL BOEING COL model VAL 737 COL series VAL 8CX COL name VAL No Popular Name COL cert VAL A16WE,COL make VAL WACO COL model VAL Q COL series VAL DC COL cert VAL ATC412,0,0.9999967023189477,0,2375,3084,0,1,0,0,1
COL make VAL LOCKHEED COL model VAL 10 COL series VAL B COL name VAL ELECTRA COL cert VAL TC 584,COL make VAL WACO COL model VAL Q COL series VAL SO COL cert VAL ATC337,0,0.9999968164722371,0,6507,3085,0,1,0,0,1
COL make VAL LEARJET COL model VAL 25 COL series VAL C COL name VAL No Popular Name COL cert VAL A10CE,COL make VAL WACO COL model VAL R COL series VAL BA COL cert VAL ATC466,0,0.9999968384528276,0,6345,3086,0,1,0,0,1
COL make VAL PIPER COL model VAL PA39 COL series VAL PA39 COL name VAL TWIN COMANCHE C/R COL cert VAL A1EA,COL make VAL WACO COL model VAL R COL series VAL NF COL cert VAL ATC311,0,0.9999968613489257,0,7623,3087,0,1,0,0,1
COL make VAL PIPER COL model VAL L4 COL series VAL A COL name VAL CUB COL cert VAL A-691,COL make VAL WACO COL model VAL RPT COL series VAL RPT COL cert VAL A8CE,0,0.9999972830012147,0,7481,3088,0,1,0,0,1
COL make VAL BEECH COL model VAL 400 COL series VAL A COL name VAL BEECHJET COL cert VAL A16SW,COL make VAL WACO COL model VAL S3HD COL series VAL S3HD COL cert VAL ATC543,0,0.9999967826484336,0,1240,3089,0,1,0,0,1
COL make VAL CESSNA COL model VAL TP206 COL series VAL D COL name VAL TURBO SUPER SKYLANE COL cert VAL A4CE,COL make VAL WACO COL model VAL RE COL series VAL SRE COL cert VAL 714,0,0.9999971554232908,0,3997,3090,0,1,0,0,1
COL make VAL BOEING COL model VAL 737 COL series VAL 291 COL name VAL No Popular Name COL cert VAL A16WE,COL make VAL WACO COL model VAL U COL series VAL BA COL cert VAL ATC479,0,0.9999970496588155,0,1965,3091,0,1,0,0,1
COL make VAL BEECH COL model VAL 24 COL series VAL B24R COL name VAL SIERRA 200 COL cert VAL A1CE,COL make VAL WACO COL model VAL U COL series VAL BF COL cert VAL ATC473,0,0.999996986899005,0,1193,3092,0,1,0,0,1
COL make VAL BOEING COL model VAL 737 COL series VAL 232 COL name VAL No Popular Name COL cert VAL A16WE,COL make VAL WACO COL model VAL U COL series VAL EC COL cert VAL ATC467,0,0.9999968384256916,0,1934,3093,0,1,0,0,1
COL make VAL KAMAN COL model VAL HH43 COL series VAL F COL name VAL HUSKIE COL cert VAL H1NW,COL make VAL WACO COL model VAL U COL series VAL IC COL cert VAL ATC499,0,0.9999969237240387,0,6160,3094,0,1,0,0,1
COL make VAL STINSON COL model VAL SR7 COL series VAL B COL name VAL RELIANT COL cert VAL ATC 594,COL make VAL WACO COL model VAL UKC COL series VAL UKC COL cert VAL ATC528,0,0.9999969503028033,0,22194,3095,0,1,0,0,1
COL make VAL STINSON COL model VAL SR10 COL series VAL F COL name VAL RELIANT COL cert VAL TC 685,COL make VAL WACO COL model VAL UKC COL series VAL S COL cert VAL ATC528,0,0.9999969344048633,0,22380,3096,0,1,0,0,1
COL make VAL LEARJET COL model VAL 24 COL series VAL E COL name VAL No Popular Name COL cert VAL A10CE,COL make VAL WACO COL model VAL UKC COL series VAL UKS6 COL cert VAL ATC528,0,0.9999966209603919,0,6342,3097,0,1,0,0,1
COL make VAL EMBRAER COL model VAL ERJ170 COL series VAL 200STD COL name VAL SHORT WING VERSION COL cert VAL EA-2003T05,COL make VAL WACO COL model VAL UKS COL series VAL 7 COL cert VAL 648,0,0.9999969836645732,0,4943,3098,0,1,0,0,1
COL make VAL ERICKSON AIR CRANE COL model VAL S64 COL series VAL E COL name VAL SKYCRANE COL cert VAL H6EA,COL make VAL WACO COL model VAL ULA COL series VAL ULA COL cert VAL ATC511,0,0.9999971775249078,0,5007,3099,0,1,0,0,1
COL make VAL SIKORSKY COL model VAL UH60 COL series VAL A COL name VAL BLACK HAWK COL cert VAL R00113SE,COL make VAL WACO COL model VAL UMF COL series VAL UMF COL cert VAL ATC546,0,0.9999972601504,0,25973,3100,0,1,0,0,1
COL make VAL ERICKSON AIR CRANE COL model VAL S64 COL series VAL F COL name VAL SKYCRANE COL cert VAL H6EA,COL make VAL WACO COL model VAL UPF7 COL series VAL UPF7 COL cert VAL A8CE,0,0.9999974117038097,0,5008,3101,0,1,0,0,1
COL make VAL BOEING COL model VAL 777 COL series VAL F28 COL name VAL No Popular Name COL cert VAL T00001SE,COL make VAL WACO COL model VAL UKC COL series VAL VKS6 COL cert VAL ATC528,0,0.9999971990194272,0,2880,3102,0,1,0,0,1
COL make VAL HOWARD COL model VAL DGA15 COL series VAL P COL name VAL No Popular Name COL cert VAL A-717,COL make VAL WACO COL model VAL UKS COL series VAL VKS7 COL cert VAL 648,0,0.9999964535877768,0,5854,3103,0,1,0,0,1
COL make VAL CESSNA COL model VAL 310 COL series VAL A COL name VAL BLUE CANOE COL cert VAL 3A10,COL make VAL WACO COL model VAL UKS COL series VAL VKS7F COL cert VAL 648,0,0.9999972710441464,0,3770,3104,0,1,0,0,1
COL make VAL STINSON COL model VAL SR10 COL series VAL K COL name VAL RELIANT COL cert VAL TC 679,COL make VAL WACO COL model VAL UPF7 COL series VAL VPF7 COL cert VAL A8CE,0,0.9999974440310817,0,22190,3105,0,1,0,0,1
COL make VAL SIKORSKY COL model VAL UH60 COL series VAL A COL name VAL BLACK HAWK COL cert VAL R00113SE,COL make VAL WACO COL model VAL YK COL series VAL C COL cert VAL A533,0,0.9999971914202135,0,25973,3106,0,1,0,0,1
COL make VAL BOEING COL model VAL 707 COL series VAL 348C COL name VAL No Popular Name COL cert VAL 4A26,COL make VAL WACO COL model VAL YK COL series VAL CS COL cert VAL A533,0,0.9999966082415058,0,1641,3107,0,1,0,0,1
COL make VAL HUGHES COL model VAL 369 COL series VAL D COL name VAL 500D COL cert VAL H3WE,COL make VAL WACO COL model VAL YK COL series VAL S6 COL cert VAL A533,0,0.9999968780068518,0,5881,3108,0,1,0,0,1
COL make VAL BEECH COL model VAL 55 COL series VAL 95 55 COL name VAL BARON COL cert VAL 3A16,COL make VAL WACO COL model VAL YK COL series VAL S7 COL cert VAL 626,0,0.9999973395605525,0,1263,3109,0,1,0,0,1
COL make VAL HUGHES COL model VAL 269C COL series VAL 269C COL name VAL 300C COL cert VAL 4H12,COL make VAL WACO COL model VAL YMF COL series VAL YMF COL cert VAL ATC542,0,0.99999688423967,0,5878,3110,0,1,0,0,1
COL make VAL CHAMPION COL model VAL 7ECA COL series VAL 7ECA COL name VAL CITABRIA AURORA COL cert VAL A-759,COL make VAL WACO COL model VAL YOC COL series VAL YOC COL cert VAL ATC569,0,0.9999972055962408,0,4043,3111,0,1,0,0,1
COL make VAL PILATUS COL model VAL PC6 COL series VAL H2 COL name VAL PORTER COL cert VAL F56-10,COL make VAL WACO COL model VAL YOC COL series VAL 1 COL cert VAL ATC569,0,0.9999973515356786,0,11251,3112,0,1,0,0,1
COL make VAL LAIRD COL model VAL LC COL series VAL 1B300 COL name VAL COMMERCIAL COL cert VAL ATC 353,COL make VAL WACO COL model VAL YPF COL series VAL YPF COL cert VAL ATC586,0,0.9999973185091279,0,19310,3113,0,1,0,0,1
COL make VAL WEATHERLY COL model VAL 620 COL series VAL 620 COL name VAL No Popular Name COL cert VAL A26WE,COL make VAL WACO COL model VAL YPF COL series VAL 7 COL cert VAL ATC586,0,0.9999968644723148,0,9592,3114,0,1,0,0,1
COL make VAL BELLANCA COL model VAL 17 31 COL series VAL ATC COL name VAL TURBO SUPER VIKING COL cert VAL A18CE,COL make VAL WACO COL model VAL YPF COL series VAL 6 COL cert VAL ATC586,0,0.9999970861272583,0,1532,3115,0,1,0,0,1
COL make VAL HELIO COL model VAL H295 COL series VAL H295 COL name VAL SUPER COURIER COL cert VAL 1A8,COL make VAL WACO COL model VAL QC6 COL series VAL YQC6 COL cert VAL 598,0,0.9999976428119749,0,5749,3116,0,1,0,0,1
COL make VAL SCHWEIZER COL model VAL SGS1 26 COL series VAL B COL name VAL No Popular Name COL cert VAL 1G10,COL make VAL WACO COL model VAL ZGC COL series VAL 7 COL cert VAL ATC627,0,0.9999973158213781,0,8288,3117,0,1,0,0,1
COL make VAL PRATT READ COL model VAL PRG1 COL series VAL PRG1 COL name VAL No Popular Name COL cert VAL GTC 12,COL make VAL WACO COL model VAL ZGC8 COL series VAL ZGC8 COL cert VAL 664,0,0.9999968004915383,0,7706,3118,0,1,0,0,1
COL make VAL STINSON COL model VAL SR10 COL series VAL C COL name VAL RELIANT COL cert VAL TC 678,COL make VAL WACO COL model VAL YK COL series VAL ZKS6 COL cert VAL A533,0,0.9999973401376995,0,22181,3119,0,1,0,0,1
COL make VAL BOEING COL model VAL 777 COL series VAL F28 COL name VAL No Popular Name COL cert VAL T00001SE,COL make VAL WACO COL model VAL YK COL series VAL ZKS7 COL cert VAL 626,0,0.9999973463325484,0,2880,3120,0,1,0,0,1
COL make VAL AIR TRACTOR COL model VAL AT802 COL series VAL AT802 COL name VAL No Popular Name COL cert VAL A19SW,COL make VAL WACO COL model VAL YPF COL series VAL ZPF6 COL cert VAL ATC586,0,0.9999970292755348,0,373,3121,0,1,0,0,1
COL make VAL BOEING COL model VAL 737 COL series VAL 217 COL name VAL No Popular Name COL cert VAL A16WE,COL make VAL WACO COL model VAL YPF COL series VAL ZPFF7 COL cert VAL ATC586,0,0.999997194533539,0,1925,3122,0,1,0,0,1
COL make VAL GOODYEAR COL model VAL GZ19 COL series VAL A COL name VAL No Popular Name COL cert VAL TC 1,COL make VAL WACO COL model VAL QC6 COL series VAL ZQC6 COL cert VAL 598,0,0.9999974634561185,0,21293,3123,0,1,0,0,1
COL make VAL IAI COL model VAL 1124 COL series VAL A COL name VAL WESTWIND II COL cert VAL A2IL,COL make VAL WACO COL model VAL ZVN8 COL series VAL ZVN8 COL cert VAL 677,0,0.9999969651040177,0,5911,3124,0,1,0,0,1
COL make VAL AERONCA COL model VAL 65TAL COL series VAL 65TAL COL name VAL DEFENDER COL cert VAL A-728,COL make VAL WTHRLY COL model VAL 201 COL series VAL A COL cert VAL A10WE,0,0.9999975037196336,0,143,3125,0,1,0,0,1
COL make VAL CESSNA COL model VAL P210 COL series VAL R COL name VAL PRESSURIZED CENTURION COL cert VAL 3A21,COL make VAL WTHRLY COL model VAL 201 COL series VAL B COL cert VAL A10WE,0,0.9999975375222063,0,3950,3126,0,1,0,0,1
COL make VAL BOEING COL model VAL 707 COL series VAL 131 COL name VAL No Popular Name COL cert VAL 4A21,COL make VAL WTHRLY COL model VAL 201 COL series VAL C COL cert VAL A10WE,0,0.9999974969088923,0,1601,3127,0,1,0,0,1
COL make VAL FAIRCHILD COL model VAL 24 COL series VAL HS COL name VAL DELUXE COL cert VAL ATC 632,COL make VAL WTHRLY COL model VAL 201 COL series VAL 201 COL cert VAL A10WE,0,0.9999972335572418,0,5079,3128,0,1,0,0,1
COL make VAL EMBRAER COL model VAL EMB135 COL series VAL BJ COL name VAL LEGACY 600 COL cert VAL EA-9606,COL make VAL WTHRLY COL model VAL 620 COL series VAL 620 COL cert VAL A26WE,0,0.9999973851631065,0,4906,3129,0,1,0,0,1
COL make VAL BOEING COL model VAL 737 COL series VAL 5H4 COL name VAL No Popular Name COL cert VAL A16WE,COL make VAL WESTLD COL model VAL 30 COL series VAL 100 COL cert VAL H12EU,0,0.9999970188740737,0,2190,3130,0,1,0,0,1
COL make VAL BOEING COL model VAL 737 COL series VAL 7H4 COL name VAL No Popular Name COL cert VAL A16WE,COL make VAL YAK COL model VAL YAK COL series VAL 18T COL cert VAL NON,0,0.9999966330552655,0,2301,3131,0,1,0,0,1
COL make VAL BEECH COL model VAL 23 COL series VAL A23A COL name VAL MUSKETEER CUSTOM III COL cert VAL A1CE,COL make VAL YAK COL model VAL YAK COL series VAL 40 COL cert VAL NONE,0,0.9999967361049209,0,1186,3132,0,1,0,0,1
COL make VAL BEECH COL model VAL 200 COL series VAL A200C COL name VAL SUPER KING AIR COL cert VAL A24CE,COL make VAL YAK COL model VAL YAK COL series VAL 52 COL cert VAL NONE,0,0.9999971588217439,0,1173,3133,0,1,0,0,1
COL make VAL STINSON COL model VAL SR8 COL series VAL B COL name VAL RELIANT COL cert VAL ATC 608,COL make VAL ZENAIR COL model VAL CH2000 COL series VAL CH2000 COL cert VAL TA5CH,0,0.9999967765935984,0,8779,3134,0,1,0,0,1
COL make VAL BEECH COL model VAL 33 COL series VAL 35 33 COL name VAL DEBONAIR COL cert VAL 3A15,COL make VAL Z COL model VAL CH COL series VAL 701 COL cert VAL NONE,0,0.9999972047126723,0,1199,3135,0,1,0,0,1
COL make VAL SWEARINGEN COL model VAL SA227 COL series VAL BC COL name VAL 23 COL cert VAL A8SW,COL make VAL MORAVN COL model VAL Z143L COL series VAL Z143L COL cert VAL A76EU,0,0.9999967645253198,0,8900,3136,0,1,0,0,1
COL make VAL STINSON COL model VAL SR7 COL series VAL B COL name VAL RELIANT COL cert VAL ATC 594,COL make VAL MORAVN COL model VAL Z242L COL series VAL Z242L COL cert VAL A76EU,0,0.9999965372875108,0,22194,3137,0,1,0,0,1
COL make VAL LOCKHEED COL model VAL 10 COL series VAL B COL name VAL ELECTRA COL cert VAL TC 584,COL make VAL MORAVN COL model VAL ZLIN COL series VAL Z242L COL cert VAL A76EU,0,0.9999972939628216,0,6507,3138,0,1,0,0,1
COL make VAL BOEING COL model VAL 737 COL series VAL 705 COL name VAL No Popular Name COL cert VAL A16WE,COL make VAL MORAVN COL model VAL 526 COL series VAL LZLIN COL cert VAL A30EU,0,0.9999973199382566,0,2204,3139,0,1,0,0,1
COL make VAL GAF COL model VAL N24 COL series VAL A COL name VAL NOMAD COL cert VAL 73-1,COL make VAL EC COL model VAL 225 COL series VAL LP COL name VAL SUPER PUMA COL cert VAL H4EU,0,0.9999970585127416,0,5355,3140,0,1,0,0,1
COL make VAL AIR TRACTOR COL model VAL AT401 COL series VAL AT401 COL name VAL No Popular Name COL cert VAL A17SW,COL make VAL VALENT COL model VAL 17 COL series VAL E COL name VAL TAIFUN COL cert VAL G50EU,0,0.999997340609472,0,361,3141,0,1,0,0,1
COL make VAL BOEING COL model VAL 737 COL series VAL 330 COL name VAL No Popular Name COL cert VAL A16WE,COL make VAL B COL model VAL 777 COL series VAL FHT COL cert VAL T00001SE,0,0.9999971400055537,0,2066,3142,0,1,0,0,1
COL make VAL AMERICAN GENERAL COL model VAL AG5 COL series VAL B COL name VAL TIGER COL cert VAL A16EA,COL make VAL B COL model VAL 747 COL series VAL 8HVF COL cert VAL A20WE,0,0.9999973159391276,0,550,3143,0,1,0,0,1
COL make VAL TAYLORCRAFT COL model VAL 20 COL series VAL 20 COL name VAL RANCH WAGON COL cert VAL 3A3,COL make VAL XTREMEAIR COL model VAL XA42 COL series VAL XA42 COL cert VAL A00064CE,0,0.9999975132418109,0,8916,3144,0,1,0,0,1
COL make VAL TAYLORCRAFT COL model VAL 15A COL series VAL 15A COL name VAL TOURIST COL cert VAL 3A3,COL make VAL AT COL model VAL 504 COL series VAL 504 COL cert VAL A17SW,0,0.999997181144287,0,8914,3145,0,1,0,0,1
COL make VAL GOODYEAR COL model VAL GZ19 COL series VAL A COL name VAL No Popular Name COL cert VAL TC 1,COL make VAL CE COL model VAL 525 COL series VAL 525C COL name VAL CITATION CJ4 COL cert VAL A1WI,0,0.9999970283801417,0,21293,3146,0,1,0,0,1
COL make VAL CESSNA COL model VAL LC41 COL series VAL 550FG COL name VAL CORVALIS TT COL cert VAL A00003SE,COL make VAL BE COL model VAL 200 COL series VAL B200CGT COL name VAL SUPER KING AIR COL cert VAL A42CE,0,0.9999974348995692,0,3932,3147,0,1,0,0,1
COL make VAL LOCKHEED COL model VAL 382 COL series VAL B COL name VAL L100 COL cert VAL A1SO,COL make VAL BE COL model VAL 200 COL series VAL B200GT COL name VAL SUPER KING AIR COL cert VAL A24CE,0,0.9999974982846931,0,6539,3148,0,1,0,0,1
COL make VAL FAIRCHILD COL model VAL 24 COL series VAL J COL name VAL No Popular Name COL cert VAL TC 663,COL make VAL BB COL model VAL 100 COL series VAL Z COL cert VAL B04CE,0,0.9999971906018238,0,5081,3149,0,1,0,0,1
COL make VAL NATIONAL BALLOONING COL model VAL 752 COL series VAL 12 COL name VAL No Popular Name COL cert VAL A33CE,COL make VAL BB COL model VAL 142 COL series VAL P COL cert VAL B04CE,0,0.9999969394847386,0,7097,3150,0,1,0,0,1
COL make VAL LINDSTRAND COL model VAL 90A COL series VAL 90A COL name VAL No Popular Name COL cert VAL B00010CH,COL make VAL AGUSTA COL model VAL AW109 COL series VAL SP COL cert VAL H7EU,0,0.9999971997672679,0,11052,3151,0,1,0,0,1
COL make VAL WACO COL model VAL VKS COL series VAL 6 COL name VAL No Popular Name COL cert VAL ATC 528,COL make VAL BREGUT COL model VAL 905 COL series VAL A COL cert VAL 7G8,0,0.999997285609225,0,9535,3152,0,1,0,0,1
COL make VAL AIR TRACTOR COL model VAL AT301 COL series VAL AT301 COL name VAL No Popular Name COL cert VAL A9SW,COL make VAL START COL model VAL H101 COL series VAL H101 COL name VAL SALTO COL cert VAL G28EU,0,0.9999974727294132,0,355,3153,0,1,0,0,1
COL make VAL BOEING COL model VAL 737 COL series VAL 242 COL name VAL No Popular Name COL cert VAL A16WE,COL make VAL B COL model VAL 767 COL series VAL 32LF COL cert VAL A1NM,0,0.9999970329407136,0,1937,3154,0,1,0,0,1
COL make VAL BEECH COL model VAL 19 COL series VAL B19 COL name VAL SPORT 150 COL cert VAL A1CE,COL make VAL DOMAN COL model VAL LZ5 COL series VAL LZ5 COL cert VAL 1H10,0,0.9999971159135976,0,1166,3155,0,1,0,0,1
COL make VAL PIPER COL model VAL PA32RT COL series VAL 300 COL name VAL LANCE II COL cert VAL A3SO,COL make VAL FRCHLD COL model VAL 71 COL series VAL 71 COL cert VAL ATC89,0,0.9999972845450863,0,7608,3156,0,1,0,0,1
COL make VAL STINSON COL model VAL SR7 COL series VAL C COL name VAL RELIANT COL cert VAL ATC 594,COL make VAL B COL model VAL 737 COL series VAL 8AL COL cert VAL A16WE,0,0.9999969987275119,0,22195,3157,0,1,0,0,1
COL make VAL SIKORSKY COL model VAL UH34 COL series VAL D COL name VAL CHOCTAW COL cert VAL H8SW,COL make VAL B COL model VAL 737 COL series VAL 800 COL cert VAL A16WE,0,0.9999959668988018,0,21323,3158,0,1,0,0,1
COL make VAL STINSON COL model VAL SR10 COL series VAL G COL name VAL RELIANT COL cert VAL TC 678,COL make VAL B COL model VAL 737 COL series VAL 8H4 COL cert VAL A16WE,0,0.9999972802350774,0,22183,3159,0,1,0,0,1
COL make VAL PIPER COL model VAL J5C COL series VAL J5C COL name VAL SUPER CRUISER COL cert VAL A-725,COL make VAL B COL model VAL 737 COL series VAL 2K2C COL cert VAL A16WE,0,0.9999965444048736,0,7476,3160,0,1,0,0,1
COL make VAL PITCAIRN COL model VAL PA6 COL series VAL PA6 COL name VAL SUPER MAILWING COL cert VAL ATC 92,COL make VAL B COL model VAL 777 COL series VAL F16 COL cert VAL T00001SE,0,0.9999970504141854,0,7648,3161,0,1,0,0,1
COL make VAL CESSNA COL model VAL FR172 COL series VAL K COL name VAL HAWK XP COL cert VAL A18EU,COL make VAL GA COL model VAL VI COL series VAL VI COL cert VAL T00015AT,0,0.9999968193703347,0,3918,3162,0,1,0,0,1
COL make VAL PILATUS COL model VAL PC6 COL series VAL H2 COL name VAL PORTER COL cert VAL F56-10,COL make VAL GA COL model VAL GVI COL series VAL GVI COL name VAL GULFSTREAM GVI G650 COL cert VAL T00015AT,0,0.9999972078099316,0,11251,3163,0,1,0,0,1
COL make VAL BALLOON WORKS COL model VAL FIREFLY 9B COL series VAL 15 COL name VAL No Popular Name COL cert VAL A14SO,COL make VAL MU COL model VAL 300 COL series VAL 300 COL name VAL DIAMOND 1 COL cert VAL A14SW,0,0.9999974933877916,0,1078,3164,0,1,0,0,1
COL make VAL FORD COL model VAL 5AT COL series VAL B COL name VAL TRIMOTOR COL cert VAL ATC 156,COL make VAL B COL model VAL 777 COL series VAL 323ER COL cert VAL T00001SE,0,0.9999969628528699,0,5317,3165,0,1,0,0,1
COL make VAL PIPER COL model VAL PA32 COL series VAL 260 COL name VAL CHEROKEE SIX 260 COL cert VAL A3SO,COL make VAL VIZOLA COL model VAL A21 COL series VAL A21 COL cert VAL G29EU,0,0.9999970272321705,0,7596,3166,0,1,0,0,1
COL make VAL BOEING COL model VAL 707 COL series VAL 331B COL name VAL No Popular Name COL cert VAL 4A26,COL make VAL VIZOLA COL model VAL A21 COL series VAL S COL cert VAL G29EU,0,0.9999972295837825,0,1627,3167,0,1,0,0,1
COL make VAL TAYLORCRAFT COL model VAL F22 COL series VAL A COL name VAL No Popular Name COL cert VAL 1A9,COL make VAL EMB COL model VAL 545 COL series VAL 545 COL name VAL LEGACY 450 COL cert VAL TC00062I,0,0.9999972863533564,0,8954,3168,0,1,0,0,1
COL make VAL BEECH COL model VAL 24 COL series VAL B24R COL name VAL SIERRA 200 COL cert VAL A1CE,COL make VAL EMB COL model VAL 550 COL series VAL 550 COL name VAL LEGACY 500 COL cert VAL TC00062I,0,0.9999972426141035,0,1193,3169,0,1,0,0,1
COL make VAL STINSON COL model VAL SR10 COL series VAL G3 COL name VAL RELIANT COL cert VAL TC 678,COL make VAL BB COL model VAL 22 COL series VAL XR COL cert VAL B04CE,0,0.9999970789196768,0,22185,3170,0,1,0,0,1
COL make VAL CESSNA COL model VAL 680 COL series VAL 680 COL name VAL SOVEREIGN COL cert VAL T00012WI,COL make VAL BB COL model VAL 22 COL series VAL ED COL cert VAL B04C3,0,0.9999972358199586,0,3854,3171,0,1,0,0,1
COL make VAL BOEING COL model VAL 737 COL series VAL 377 COL name VAL No Popular Name COL cert VAL A16WE,COL make VAL BB COL model VAL 26 COL series VAL D COL cert VAL B04CE,0,0.9999972905800298,0,2087,3172,0,1,0,0,1
COL make VAL REARWIN COL model VAL 7000 COL series VAL 7000 COL name VAL SPORTSTER COL cert VAL TC 574,COL make VAL BB COL model VAL 30 COL series VAL XR COL cert VAL B04CE,0,0.9999972514525935,0,7933,3173,0,1,0,0,1
COL make VAL GRUMMAN COL model VAL GA7 COL series VAL GA7 COL name VAL COUGAR COL cert VAL A17SO,COL make VAL BB COL model VAL 30 COL series VAL D COL cert VAL B04CE,0,0.9999969673694036,0,5573,3174,0,1,0,0,1
COL make VAL TAYLORCRAFT COL model VAL DF COL series VAL 65 COL name VAL No Popular Name COL cert VAL A-746,COL make VAL B COL model VAL 767 COL series VAL 3S2F COL cert VAL A1NM,0,0.9999972019789053,0,8948,3175,0,1,0,0,1
COL make VAL NORTH AMERICAN COL model VAL B25 COL series VAL N COL name VAL MITCHELL COL cert VAL AL-2,COL make VAL B COL model VAL 787 COL series VAL 9 COL name VAL DREAMLINER COL cert VAL T00021SE,0,0.9999972992686343,0,7174,3176,0,1,0,0,1
COL make VAL AERO COMMANDER COL model VAL 680 COL series VAL W COL name VAL TURBO COMMANDER COL cert VAL 2A4,COL make VAL SK COL model VAL 76 COL series VAL D COL cert VAL H1NE,0,0.9999968671310259,0,7986,3177,0,1,0,0,1
COL make VAL BALLOON WORKS COL model VAL FIREFLY 8 COL series VAL FIREFLY 8 COL name VAL No Popular Name COL cert VAL A14SO,COL make VAL S COL model VAL 76D COL cert VAL H1NE,0,0.999997117693978,0,1074,3178,0,1,0,0,1
COL make VAL CESSNA COL model VAL TP206 COL series VAL B COL name VAL TURBO SUPER SKYLANE COL cert VAL A4CE,COL make VAL GA COL model VAL 280 COL series VAL 280 COL cert VAL A61NM,0,0.9999973335558784,0,3995,3179,0,1,0,0,1
COL make VAL MAULE COL model VAL M6 COL series VAL 235 COL name VAL SUPER ROCKET COL cert VAL 3A23,COL make VAL GA COL model VAL 280 COL series VAL G280 COL cert VAL A61NM,0,0.9999971855214093,0,6732,3180,0,1,0,0,1
COL make VAL BOEING COL model VAL 727 COL series VAL 2D4 COL name VAL No Popular Name COL cert VAL A3WE,COL make VAL G COL model VAL 280 COL series VAL G280 COL cert VAL A61NM,0,0.9999967688052706,0,1830,3181,0,1,0,0,1
COL make VAL LUSCOMBE COL model VAL 8 COL series VAL B COL name VAL LUSCOMBE TRAINER COL cert VAL A-694,COL make VAL SK COL model VAL 61 COL series VAL NM COL cert VAL 1H15,0,0.9999966647720857,0,6651,3182,0,1,0,0,1
COL make VAL BEECH COL model VAL 99 COL series VAL B99 COL name VAL AIRLINER COL cert VAL A14CE,COL make VAL B COL model VAL 737 COL series VAL 932ER COL cert VAL A16WE,0,0.999997606373247,0,1320,3183,0,1,0,0,1
COL make VAL HOWARD COL model VAL DGA18 COL series VAL K COL name VAL No Popular Name COL cert VAL TC 739,COL make VAL B COL model VAL 737 COL series VAL 990ER COL cert VAL A16WE,0,0.9999977335670909,0,5856,3184,0,1,0,0,1
COL make VAL AYRES COL model VAL S2R COL series VAL R3S COL name VAL No Popular Name COL cert VAL A3SW,COL make VAL AGUSTA COL model VAL A119 COL series VAL A119 COL cert VAL H7EU,0,0.9999974049909856,0,864,3185,0,1,0,0,1
COL make VAL AERO COMMANDER COL model VAL 690 COL series VAL D COL name VAL JETPROP 900 COL cert VAL 2A4,COL make VAL AGUSTA COL model VAL AW119 COL series VAL MKII COL cert VAL H7EU,0,0.999997170088689,0,95,3186,0,1,0,0,1
COL make VAL AERO COMMANDER COL model VAL 695 COL series VAL A COL name VAL COMMANDER 1200 COL cert VAL 2A4,COL make VAL BHT COL model VAL 47 COL series VAL G4A COL cert VAL 2H3,0,0.9999972459687975,0,96,3187,0,1,0,0,1
COL make VAL PIPER COL model VAL PA60 COL series VAL 700P COL name VAL AEROSTAR 700P COL cert VAL A17WE,COL make VAL ARROWF COL model VAL OH COL series VAL 58C COL cert VAL H22NM,0,0.9999975403656451,0,7642,3188,0,1,0,0,1
COL make VAL WACO COL model VAL ZGC COL series VAL 8 COL name VAL No Popular Name COL cert VAL TC 664,COL make VAL BHT COL model VAL 206 COL series VAL 0H58A COL cert VAL H2SW,0,0.9999971667064149,0,9552,3189,0,1,0,0,1
COL make VAL BOEING COL model VAL 737 COL series VAL 241 COL name VAL No Popular Name COL cert VAL A16WE,COL make VAL ARROWF COL model VAL OH COL series VAL 58A COL cert VAL H22NM,0,0.9999971310768263,0,1936,3190,0,1,0,0,1
COL make VAL SIKORSKY COL model VAL S55 COL series VAL C COL name VAL CHICKASAW COL cert VAL 1H4,COL make VAL MBB COL model VAL BK117 COL series VAL B2 COL cert VAL H13EU,0,0.9999972515469556,0,8465,3191,0,1,0,0,1
COL make VAL SCHLEICHER COL model VAL ASH25 COL series VAL M COL name VAL ASH25 MI COL cert VAL EASA.A.213,COL make VAL MBB COL model VAL BK117 COL series VAL D2 COL cert VAL H13EU,0,0.999996899394037,0,8216,3192,0,1,0,0,1
COL make VAL HUGHES COL model VAL 269B COL series VAL 269B COL name VAL 300 COL cert VAL 4H12,COL make VAL MBB COL model VAL BK117 COL series VAL D3 COL cert VAL H13EU,0,0.9999970829423149,0,5875,3193,0,1,0,0,1
COL make VAL CESSNA COL model VAL FR172 COL series VAL J COL name VAL REIMS ROCKET COL cert VAL A18EU,COL make VAL CC COL model VAL 18 COL series VAL 180 COL cert VAL A00006SE,0,0.9999972905025115,0,3917,3194,0,1,0,0,1
COL make VAL WACO COL model VAL S3HD COL series VAL S3HD COL name VAL SUPER SPORT COL cert VAL TC 543,COL make VAL B COL model VAL 747 COL series VAL 4HQF COL cert VAL A20WE,0,0.9999970771822443,0,9521,3195,0,1,0,0,1
COL make VAL BOEING COL model VAL 737 COL series VAL 7K9 COL name VAL No Popular Name COL cert VAL A16WE,COL make VAL PA COL model VAL E2 COL series VAL E2 COL name VAL PIPER CUB COL cert VAL ATC455,0,0.9999972969882563,0,2316,3196,0,1,0,0,1
COL make VAL BEECH COL model VAL RU21 COL series VAL E COL name VAL UTE COL cert VAL 3A20,COL make VAL SKYAVN COL model VAL CH COL series VAL 46E COL cert VAL R0013DE,0,0.9999971947475703,0,1402,3197,0,1,0,0,1
COL make VAL BOEING COL model VAL 737 COL series VAL 291 COL name VAL No Popular Name COL cert VAL A16WE,COL make VAL CH COL model VAL 46E COL cert VAL R0013DE,0,0.9999969484583144,0,1965,3198,0,1,0,0,1
COL make VAL BEECH COL model VAL 55 COL series VAL D55 COL name VAL BARON COL cert VAL 3A16,COL make VAL BV COL model VAL 107 COL series VAL 2 COL cert VAL 1H16,0,0.9999972654142841,0,1270,3199,0,1,0,0,1
COL make VAL GRUMMAN COL model VAL G73 COL series VAL T COL name VAL TURBO MALLARD COL cert VAL A-783,COL make VAL KV COL model VAL 107 COL series VAL II COL cert VAL H1PC,0,0.9999972209506138,0,16446,3200,0,1,0,0,1
COL make VAL CESSNA COL model VAL U206 COL series VAL D COL name VAL SKYWAGON COL cert VAL A4CE,COL make VAL DC COL model VAL 3 COL series VAL C48 COL cert VAL A669,0,0.9999969100296777,0,4010,3201,0,1,0,0,1
COL make VAL BOEING COL model VAL 737 COL series VAL 34S COL name VAL No Popular Name COL cert VAL A16WE,COL make VAL DC COL model VAL 3 COL series VAL C50C COL cert VAL A618,0,0.9999969542629372,0,2077,3202,0,1,0,0,1
COL make VAL KAMAN COL model VAL HH43 COL series VAL F COL name VAL HUSKIE COL cert VAL H1NW,COL make VAL DC COL model VAL 3 COL series VAL R4D1 COL cert VAL A669,0,0.9999965162045211,0,6160,3203,0,1,0,0,1
COL make VAL BEECH COL model VAL 58 COL series VAL PA COL name VAL PRESSURIZED BARON COL cert VAL A23CE,COL make VAL DC COL model VAL 3 COL series VAL C117A COL cert VAL A669,0,0.999996979093083,0,1279,3204,0,1,0,0,1
COL make VAL BOEING COL model VAL 747 COL series VAL 412F COL name VAL No Popular Name COL cert VAL A20WE,COL make VAL MOONEY COL model VAL 20 COL series VAL TN COL cert VAL 2A3,0,0.9999970188840244,0,2553,3205,0,1,0,0,1
COL make VAL ZLIN COL model VAL Z143 COL series VAL L COL name VAL No Popular Name COL cert VAL EASA.A.028,COL make VAL LR COL model VAL 24 COL series VAL E COL name VAL LEARJET COL cert VAL A10CE,0,0.9999974241293603,0,9692,3206,0,1,0,0,1
COL make VAL KUBICEK COL model VAL BB26 COL series VAL XR COL name VAL No Popular Name COL cert VAL EASA.BA.003,COL make VAL LR COL model VAL 24 COL series VAL F COL name VAL LEARJET COL cert VAL A10CE,0,0.9999974460266603,0,10427,3207,0,1,0,0,1
COL make VAL NZA COL model VAL FU24 COL series VAL 954 COL name VAL No Popular Name COL cert VAL A-3,COL make VAL LR COL model VAL 29 COL series VAL 29 COL cert VAL A10CE5,0,0.9999976115961448,0,7282,3208,0,1,0,0,1
COL make VAL TAYLORCRAFT COL model VAL L2 COL series VAL B COL name VAL No Popular Name COL cert VAL A-746,COL make VAL AVIAT COL model VAL A1C COL series VAL 180 COL name VAL HUSKY COL cert VAL A22NM,0,0.999997395306441,0,8961,3209,0,1,0,0,1
COL make VAL RAYTHEON COL model VAL 390 COL series VAL 390 COL name VAL PREMIER I COL cert VAL A00010WI,COL make VAL AVIAT COL model VAL A1C COL series VAL 200 COL name VAL HUSKY COL cert VAL A22NM,0,0.9999974007593654,0,7914,3210,0,1,0,0,1
COL make VAL BOEING COL model VAL 737 COL series VAL 8LD COL name VAL No Popular Name COL cert VAL A16WE,COL make VAL ENSTRM COL model VAL F28 COL series VAL C COL cert VAL H1CE,0,0.9999974509589592,0,10220,3211,0,1,0,0,1
COL make VAL MAULE COL model VAL M7 COL series VAL 420AC COL name VAL No Popular Name COL cert VAL 3A23,COL make VAL ENSTRM COL model VAL 480 COL series VAL 480 COL cert VAL H1CE,0,0.9999971840689426,0,6740,3212,0,1,0,0,1
COL make VAL BOEING COL model VAL 737 COL series VAL 2H4C COL name VAL No Popular Name COL cert VAL A16WE,COL make VAL T COL model VAL 211 COL series VAL 211 COL cert VAL A791,0,0.9999963804100573,0,1996,3213,0,1,0,0,1
COL make VAL CESSNA COL model VAL U3 COL series VAL B COL name VAL No Popular Name COL cert VAL 3A10,COL make VAL T COL model VAL 11 COL series VAL 211 COL cert VAL A791,0,0.9999970750435203,0,4016,3214,0,1,0,0,1
COL make VAL BOEING COL model VAL 707 COL series VAL 347C COL name VAL No Popular Name COL cert VAL 4A26,COL make VAL EC COL model VAL 135 COL series VAL T3 COL cert VAL H88EU,0,0.9999969982036785,0,1640,3215,0,1,0,0,1
COL make VAL TEMCO COL model VAL D16 COL series VAL D16 COL name VAL TWIN NAVION COL cert VAL 2A1,COL make VAL AIRHLD COL model VAL EC135 COL series VAL P3 COL cert VAL H88EU,0,0.9999972727469696,0,16649,3216,0,1,0,0,1
COL make VAL BEECH COL model VAL 33 COL series VAL F33 COL name VAL BONANZA COL cert VAL 3A15,COL make VAL AIRHLD COL model VAL EC135 COL series VAL T3 COL cert VAL H88EU,0,0.999996820838101,0,1207,3217,0,1,0,0,1
COL make VAL MOONEY COL model VAL M18 COL series VAL C COL name VAL MITE COL cert VAL A-803,COL make VAL ECD COL model VAL EC135 COL series VAL P2 COL cert VAL H88EU,0,0.9999969754147499,0,7021,3218,0,1,0,0,1
COL make VAL STINSON COL model VAL L5 COL series VAL L5 COL name VAL SENTINEL COL cert VAL A-764,COL make VAL ECD COL model VAL EC135 COL series VAL P2+ COL cert VAL H88EU,0,0.9999968502183236,0,8771,3219,0,1,0,0,1
COL make VAL GLASER DIRKS COL model VAL DG1000 COL series VAL S COL name VAL No Popular Name COL cert VAL EASA.A.072,COL make VAL TECNAM COL model VAL P2010 COL cert VAL A00066CE,0,0.9999968537023707,0,5400,3220,0,1,0,0,1
COL make VAL BOEING COL model VAL 737 COL series VAL 82R COL name VAL No Popular Name COL cert VAL A16WE,COL make VAL CATS COL model VAL TECNAM COL series VAL P2010 COL cert VAL A00066CE,0,0.9999973315462206,0,2337,3221,0,1,0,0,1
COL make VAL ERCOUPE COL model VAL G COL series VAL G COL name VAL 415G COL cert VAL A-787,COL make VAL ZLTZEP LZ COL model VAL N07 COL series VAL 101 COL name VAL ZEPPLIN BLIMP COL cert VAL AS1CE,0,0.9999976764556874,0,5003,3222,0,1,0,0,1
COL make VAL BOEING COL model VAL 747 COL series VAL 246B COL name VAL No Popular Name COL cert VAL A20WE,COL make VAL DHC COL model VAL 3 COL series VAL 3 COL name VAL OTTER COL cert VAL A815,0,0.9999968719166937,0,2483,3223,0,1,0,0,1
COL make VAL PIPER COL model VAL L21 COL series VAL A COL name VAL SUPER CUB COL cert VAL 1A2,COL make VAL LN COL model VAL 77 COL series VAL A COL cert VAL B82EU,0,0.9999969803157998,0,7479,3224,0,1,0,0,1
COL make VAL KUBICEK COL model VAL BB51 COL series VAL Z COL name VAL No Popular Name COL cert VAL EASA.BA.003,COL make VAL LN COL model VAL 105 COL series VAL A COL cert VAL B82EU,0,0.9999974909100248,0,6281,3225,0,1,0,0,1
COL make VAL CESSNA COL model VAL 207 COL series VAL 207 COL name VAL SKYWAGON COL cert VAL A16CE,COL make VAL LN COL model VAL 69 COL series VAL A COL cert VAL B82EU,0,0.9999971241806448,0,3745,3226,0,1,0,0,1
COL make VAL LEARJET COL model VAL 35 COL series VAL 35 COL name VAL No Popular Name COL cert VAL A10CE,COL make VAL LN COL model VAL 90 COL series VAL A COL cert VAL B82EU,0,0.999997065083615,0,6352,3227,0,1,0,0,1
COL make VAL BOEING COL model VAL 737 COL series VAL 3T0 COL name VAL No Popular Name COL cert VAL A16WE,COL make VAL TEXTRN COL model VAL 680A COL name VAL LATITUDE COL cert VAL T00012WI,0,0.999997090017866,0,2114,3228,0,1,0,0,1
COL make VAL IAR BRASOV COL model VAL IS29 COL series VAL D2 COL name VAL No Popular Name COL cert VAL EASA.A.453,COL make VAL CE COL model VAL 680 COL series VAL 680A COL cert VAL T00012WI,0,0.9999969414323683,0,5930,3229,0,1,0,0,1
COL make VAL SIKORSKY COL model VAL S76 COL series VAL A COL name VAL SPIRIT COL cert VAL H1NE,COL make VAL VULCANAIR COL model VAL V1 COL series VAL 0 COL cert VAL A00075CE,0,0.9999973909806532,0,8494,3230,0,1,0,0,1
COL make VAL MAULE COL model VAL M5 COL series VAL 210C COL name VAL STRATA ROCKET COL cert VAL 3A23,COL make VAL DA COL model VAL 62 COL series VAL 62 COL cert VAL A57CE,0,0.9999972787471474,0,6727,3231,0,1,0,0,1
COL make VAL SCHWEIZER COL model VAL SGS1 26 COL series VAL D COL name VAL No Popular Name COL cert VAL 1G10,COL make VAL EC COL model VAL 130 COL series VAL T2 COL cert VAL H9EU,0,0.999996832404836,0,8290,3232,0,1,0,0,1
COL make VAL BOEING COL model VAL 737 COL series VAL 72T COL name VAL No Popular Name COL cert VAL A16WE,COL make VAL EC COL model VAL 130T2 COL series VAL 130T2 COL cert VAL H9EU,0,0.9999970053362647,0,2209,3233,0,1,0,0,1
COL make VAL CESSNA COL model VAL 680 COL series VAL A COL name VAL LATITUDE COL cert VAL T00012WI,COL make VAL LENRDO COL model VAL AW169 COL series VAL 169 COL cert VAL R00007RD,0,0.9999976794695701,0,11056,3234,0,1,0,0,1
COL make VAL BOEING COL model VAL 737 COL series VAL 2T7 COL name VAL No Popular Name COL cert VAL A16WE,COL make VAL A COL model VAL 320 COL series VAL 271N COL cert VAL A28NM,0,0.9999973010735344,0,2044,3235,0,1,0,0,1
COL make VAL CESSNA COL model VAL 408 COL series VAL 408 COL name VAL SKYCOURIER COL cert VAL A00016WI,COL make VAL B COL model VAL 737 COL series VAL 8 COL cert VAL A16WE,0,0.9999968241759583,0,12481,3236,0,1,0,0,1
COL make VAL BOMBARDIER COL model VAL BD700 COL series VAL 2A12 COL name VAL GLOBAL 7500 COL cert VAL A-177,COL make VAL BHT COL model VAL 212 COL series VAL 212 COL cert VAL H4SW,0,0.9999972634981127,0,11836,3237,0,1,0,0,1
COL make VAL THUNDER COL model VAL AX8 105 COL series VAL S2 COL name VAL No Popular Name COL cert VAL UK.TC.BA.00002,COL make VAL HA COL model VAL 420 COL series VAL 420 COL name VAL HONDAJET COL cert VAL A00018AT,0,0.9999972704207697,0,9053,3238,0,1,0,0,1
COL make VAL CESSNA COL model VAL 182 COL series VAL K COL name VAL SKYLANE COL cert VAL 3A13,COL make VAL PC COL model VAL 6 COL series VAL 350H1 COL cert VAL 7A15,0,0.999997312130134,0,3717,3239,0,1,0,0,1
COL make VAL DASSAULT COL model VAL MYSTERE FALCON 20 COL series VAL C5 COL name VAL No Popular Name COL cert VAL 103BIS,COL make VAL PC COL model VAL 6 COL series VAL AH2 COL cert VAL 7A15,0,0.9999972484470427,0,4439,3240,0,1,0,0,1
COL make VAL LOCKHEED COL model VAL 382 COL series VAL E COL name VAL L100 20 COL cert VAL A1SO,COL make VAL PC COL model VAL 6 COL series VAL B2H2 COL cert VAL 7A15,0,0.999997296881276,0,6540,3241,0,1,0,0,1
COL make VAL CESSNA COL model VAL A185 COL series VAL E COL name VAL SKYWAGON COL cert VAL 3A24,COL make VAL PC COL model VAL 6 COL series VAL C1H2 COL cert VAL 7A15,0,0.9999969144261438,0,3865,3242,0,1,0,0,1
COL make VAL BOEING COL model VAL 707 COL series VAL 123B COL name VAL No Popular Name COL cert VAL 4A21,COL make VAL PC COL model VAL 6 COL series VAL H2 COL cert VAL 7A15,0,0.9999971793116404,0,1599,3243,0,1,0,0,1
COL make VAL CESSNA COL model VAL 310 COL series VAL F COL name VAL No Popular Name COL cert VAL 3A10,COL make VAL AERSTR COL model VAL S53 COL series VAL S53H COL cert VAL A15CE,0,0.9999974658872879,0,3775,3244,0,1,0,0,1
COL make VAL PIPER COL model VAL PA28RT COL series VAL 201T COL name VAL TURBO ARROW IV COL cert VAL 2A13,COL make VAL AERSTR COL model VAL S52 COL series VAL S52A COL cert VAL A15CE,0,0.9999974955836857,0,7579,3245,0,1,0,0,1
COL make VAL BEECH COL model VAL 60 COL series VAL B60 COL name VAL DUKE COL cert VAL A12CE,COL make VAL AS COL model VAL 350C COL series VAL 350C COL name VAL ASTAR COL cert VAL H93U,0,0.999997033879992,0,1285,3246,0,1,0,0,1
COL make VAL BOEING COL model VAL 737 COL series VAL 7K9 COL name VAL No Popular Name COL cert VAL A16WE,COL make VAL AS COL model VAL 350 COL series VAL C COL name VAL ASTAR COL cert VAL H9EU,0,0.9999973121621755,0,2316,3247,0,1,0,0,1
COL make VAL PIPER COL model VAL PA36 COL series VAL 375 COL name VAL PAWNEE BRAVE 375 COL cert VAL A9SO,COL make VAL DH COL model VAL 125 COL series VAL 1A COL cert VAL A3EU,0,0.9999976525189613,0,7621,3248,0,1,0,0,1
COL make VAL BEECH COL model VAL 18 COL series VAL D COL name VAL No Popular Name COL cert VAL A-684,COL make VAL DH COL model VAL 125 COL series VAL 1A522 COL cert VAL A3EU,0,0.9999974491800997,0,1152,3249,0,1,0,0,1
COL make VAL PARTENAVIA COL model VAL AP68 COL series VAL TP300 COL name VAL SPARTACUS COL cert VAL EASA.A.385,COL make VAL SK COL model VAL 61 COL series VAL D COL cert VAL H2EA,0,0.999996334242388,0,7314,3250,0,1,0,0,1
COL make VAL STEARMAN COL model VAL C3 COL series VAL R COL name VAL BUSINESS SPEEDSTER COL cert VAL ATC 251,COL make VAL SK COL model VAL 58 COL series VAL F COL cert VAL 1H11,0,0.9999969088934715,0,8725,3251,0,1,0,0,1
COL make VAL PIPER COL model VAL PA31P COL series VAL PA31P COL name VAL PRESSURIZED NAVAJO COL cert VAL A8EA,COL make VAL FIREFLY COL model VAL 11B COL series VAL 11B COL cert VAL A14SO,0,0.9999968147108476,0,7589,3252,0,1,0,0,1
COL make VAL SIKORSKY COL model VAL HH34 COL series VAL J COL name VAL SEABAT COL cert VAL H4SO,COL make VAL M COL model VAL 4 COL series VAL BEEDEE COL cert VAL 3A23,0,0.9999973430874383,0,21351,3253,0,1,0,0,1
COL make VAL BOEING COL model VAL 737 COL series VAL 7K9 COL name VAL No Popular Name COL cert VAL A16WE,COL make VAL MU COL model VAL 2B COL series VAL 36 COL cert VAL A2PC,0,0.999997087496923,0,2316,3254,0,1,0,0,1
COL make VAL GRUMMAN COL model VAL G73 COL series VAL T COL name VAL TURBO MALLARD COL cert VAL A-783,COL make VAL MU COL model VAL 2B COL series VAL 36A COL cert VAL A10SW,0,0.999997533474946,0,16446,3255,0,1,0,0,1
COL make VAL BOEING COL model VAL 720 COL series VAL 062 COL name VAL No Popular Name COL cert VAL 4A28,COL make VAL A COL model VAL 320 COL series VAL 251N COL cert VAL A28NM,0,0.9999971876195837,0,1710,3256,0,1,0,0,1
COL make VAL CESSNA COL model VAL 182 COL series VAL B COL name VAL SKYLANE COL cert VAL 3A13,COL make VAL A COL model VAL 321 COL series VAL 271NX COL cert VAL A28NM,0,0.9999971636190139,0,3709,3257,0,1,0,0,1
COL make VAL BOEING COL model VAL 737 COL series VAL 76Q COL name VAL No Popular Name COL cert VAL A16WE,COL make VAL A COL model VAL 321 COL series VAL 251NX COL cert VAL A28NM,0,0.9999974759509832,0,2236,3258,0,1,0,0,1
COL make VAL BEECH COL model VAL RC45 COL series VAL J COL name VAL No Popular Name COL cert VAL A-765,COL make VAL TSC COL model VAL 1A COL series VAL 1A COL cert VAL A15EA,0,0.9999970633253502,0,1357,3259,0,1,0,0,1
COL make VAL BEECH COL model VAL 200 COL series VAL A200 COL name VAL SUPER KING AIR COL cert VAL A24CE,COL make VAL SLNSBY COL model VAL KITE COL series VAL KIRBYKITE COL cert VAL 210,0,0.9999972540712467,0,1172,3260,0,1,0,0,1
COL make VAL BOEING COL model VAL 737 COL series VAL 228 COL name VAL No Popular Name COL cert VAL A16WE,COL make VAL SZD COL model VAL 24 COL series VAL 4A COL name VAL FOKS 4 COL cert VAL G10EU,0,0.9999976330614635,0,1929,3261,0,1,0,0,1
COL make VAL HOWARD COL model VAL DGA8 COL series VAL DGA8 COL name VAL No Popular Name COL cert VAL TC 612,COL make VAL B COL model VAL 737 COL series VAL 76Q COL cert VAL A16WE,0,0.9999971758272715,0,5859,3262,0,1,0,0,1
COL make VAL HELIO COL model VAL H395 COL series VAL A COL name VAL SUPER COURIER COL cert VAL 1A8,COL make VAL B COL model VAL 737 COL series VAL 732 COL cert VAL A16WE,0,0.9999973690066134,0,5752,3263,0,1,0,0,1
COL make VAL LOCKHEED COL model VAL 382 COL series VAL G COL name VAL L100 30 COL cert VAL A1SO,COL make VAL B COL model VAL 737 COL series VAL 7HJ COL cert VAL A16WE,0,0.9999975386139683,0,6542,3264,0,1,0,0,1
COL make VAL BELLANCA COL model VAL 17 30 COL series VAL A COL name VAL VIKING 300 COL cert VAL A18CE,COL make VAL B COL model VAL 737 COL series VAL 75C COL cert VAL A16WE,0,0.9999973741702944,0,1529,3265,0,1,0,0,1
COL make VAL ENSTROM COL model VAL 280 COL series VAL C COL name VAL SHARK COL cert VAL H1CE,COL make VAL B COL model VAL 737 COL series VAL 790 COL cert VAL A16WE,0,0.9999971673170082,0,4980,3266,0,1,0,0,1
COL make VAL CESSNA COL model VAL 310 COL series VAL Q COL name VAL No Popular Name COL cert VAL 3A10,COL make VAL B COL model VAL 737 COL series VAL 890 COL name VAL B-737-890 COL cert VAL A16WE,0,0.9999969519557856,0,3785,3268,0,1,0,0,1
COL make VAL BOEING COL model VAL 707 COL series VAL 331C COL name VAL No Popular Name COL cert VAL 4A26,COL make VAL B COL model VAL 737 COL series VAL 89L COL cert VAL A16WE,0,0.99999738284918,0,1628,3269,0,1,0,0,1
COL make VAL BAC COL model VAL ONE ELEVEN COL series VAL 416EK COL name VAL No Popular Name COL cert VAL NOT CERTIFICATED,COL make VAL B COL model VAL 737 COL series VAL 85R COL cert VAL A16WE,0,0.9999971404037403,0,940,3270,0,1,0,0,1
COL make VAL MAULE COL model VAL MX7 COL series VAL 180 COL name VAL STAR ROCKET COL cert VAL 3A23,COL make VAL B COL model VAL 737 COL series VAL 8AS COL cert VAL A16WE,0,0.9999973502813391,0,6747,3271,0,1,0,0,1
COL make VAL CESSNA COL model VAL 680 COL series VAL A COL name VAL LATITUDE COL cert VAL T00012WI,COL make VAL B COL model VAL 737 COL series VAL 85P COL cert VAL A16WE,0,0.9999975392582329,0,11056,3272,0,1,0,0,1
COL make VAL BEECH COL model VAL 33 COL series VAL 35C33A COL name VAL DEBONAIR COL cert VAL 3A15,COL make VAL B COL model VAL 737 COL series VAL 86N COL cert VAL A16WE,0,0.999997292437215,0,1203,3273,0,1,0,0,1
COL make VAL CESSNA COL model VAL T303 COL series VAL T303 COL name VAL CRUSADER COL cert VAL A34CE,COL make VAL B COL model VAL 777 COL series VAL F COL cert VAL T00001SE,0,0.9999976001801789,0,3975,3274,0,1,0,0,1
COL make VAL THURSTON COL model VAL TSC1A COL series VAL TSC1A COL name VAL TEAL COL cert VAL A15EA,COL make VAL B COL model VAL 777 COL series VAL 200 COL cert VAL T00001SE,0,0.9999971533078832,0,11492,3275,0,1,0,0,1
COL make VAL MITSUBISHI COL model VAL MU300 COL series VAL 10 COL name VAL DIAMOND II COL cert VAL A16SW,COL make VAL B COL model VAL 787 COL series VAL 10 COL cert VAL T00021SE,0,0.9999972438891842,0,7000,3276,0,1,0,0,1
COL make VAL LEARJET COL model VAL 24 COL series VAL A COL name VAL No Popular Name COL cert VAL A10CE,COL make VAL PROCER COL model VAL F15 COL series VAL B COL cert VAL A1IN,0,0.9999973046578678,0,6338,3277,0,1,0,0,1
COL make VAL MAULE COL model VAL M7 COL series VAL 420AC COL name VAL No Popular Name COL cert VAL 3A23,COL make VAL B COL model VAL 737 COL series VAL 9 COL cert VAL A16WE,0,0.9999968760203239,0,6740,3278,0,1,0,0,1
COL make VAL FOKKER COL model VAL F28 COL series VAL 4000 COL name VAL FELLOWSHIP COL cert VAL EASA.A.037,COL make VAL CATS COL model VAL TECNAM COL series VAL P2012 COL cert VAL A00076CE,0,0.9999972536207908,0,5305,3279,0,1,0,0,1
COL make VAL TAYLORCRAFT COL model VAL F21 COL series VAL A COL name VAL No Popular Name COL cert VAL 1A9,COL make VAL BHI COL model VAL H60 COL series VAL UH60A COL name VAL UH-60A COL cert VAL R0012DE,0,0.9999974478795196,0,8951,3280,0,1,0,0,1
COL make VAL NAVION COL model VAL NAVION COL series VAL NAVION COL name VAL No Popular Name COL cert VAL A-782,COL make VAL MOONEY COL model VAL 20 COL series VAL V COL cert VAL 2A3,0,0.9999973152312736,0,7107,3281,0,1,0,0,1
COL make VAL PIPER COL model VAL PA32S COL series VAL 300 COL name VAL CHEROKEE SIX SEAPLANE COL cert VAL A3SO,COL make VAL MOONEY COL model VAL 20 COL series VAL U COL cert VAL 2A3,0,0.9999973833607901,0,7610,3282,0,1,0,0,1
COL make VAL PIPER COL model VAL PA38 COL series VAL 112 COL name VAL TOMAHAWK COL cert VAL A18SO,COL make VAL GB1 COL cert VAL A00073CE,0,0.9999970621712668,0,7622,3283,0,1,0,0,1
COL make VAL DASSAULT COL model VAL MYSTERE FALCON 20 COL series VAL F5 COL name VAL No Popular Name COL cert VAL 103BIS,COL make VAL TEXTRN COL model VAL CE COL series VAL 700 COL cert VAL T00015WI,0,0.999997356325246,0,4442,3284,0,1,0,0,1
COL make VAL BEAGLE COL model VAL B121 COL series VAL SERIES 1 COL name VAL PUP COL cert VAL UK.SAS.A.0003,COL make VAL SLNSBY COL model VAL 41 COL series VAL 2 COL name VAL SKYLARK COL cert VAL G20,0,0.9999972564323115,0,1094,3285,0,1,0,0,1
COL make VAL CESSNA COL model VAL TU206 COL series VAL E COL name VAL TURBO SKYWAGON COL cert VAL A4CE,COL make VAL STHRN COL model VAL UH1A COL series VAL UH1A COL cert VAL H3SO,0,0.9999967893012816,0,4004,3286,0,1,0,0,1
COL make VAL DOUGLAS COL model VAL DC3A COL series VAL SC3G COL name VAL No Popular Name COL cert VAL A-669,COL make VAL BELL COL model VAL AH1G COL series VAL AH1G COL cert VAL H10NM,0,0.9999971179331114,0,4735,3287,0,1,0,0,1
COL make VAL ERICKSON AIR CRANE COL model VAL S64 COL series VAL F COL name VAL SKYCRANE COL cert VAL H6EA,COL make VAL CENTRL COL model VAL L26 COL series VAL A COL name VAL AEROMARINE-KLEMM COL cert VAL ATC204,0,0.999997335823192,0,5008,3288,0,1,0,0,1
COL make VAL HILLER COL model VAL UH12 COL series VAL E COL name VAL No Popular Name COL cert VAL 4H10,COL make VAL CENTRL COL model VAL L26 COL series VAL L26 COL name VAL AEROMARINE-KLEMM COL cert VAL ATC203,0,0.99999708968899,0,5816,3289,0,1,0,0,1
COL make VAL BOEING COL model VAL 757 COL series VAL 2Q8 COL name VAL No Popular Name COL cert VAL A2NM,COL make VAL PC COL model VAL 24 COL series VAL 24 COL cert VAL A00072CE,0,0.9999970456029582,0,2683,3290,0,1,0,0,1
COL make VAL PIPER COL model VAL PA31T COL series VAL 2 COL name VAL CHEYENNE IIXL COL cert VAL A8EA,COL make VAL CC COL model VAL 19 COL series VAL 180 COL cert VAL A00053SE,0,0.9999973338991495,0,7592,3291,0,1,0,0,1
COL make VAL NATIONAL BALLOONING COL model VAL 752 COL series VAL 12 COL name VAL No Popular Name COL cert VAL A33CE,COL make VAL B COL model VAL 767 COL series VAL 2C COL cert VAL A16WE,0,0.9999976712136127,0,7097,3292,0,1,0,0,1
COL make VAL AIR TRACTOR COL model VAL AT250 COL series VAL AT250 COL name VAL No Popular Name COL cert VAL A9SW,COL make VAL A COL model VAL 321 COL series VAL 253NX COL cert VAL A28NM,0,0.9999973505504468,0,353,3293,0,1,0,0,1
COL make VAL CESSNA COL model VAL 150 COL series VAL E COL name VAL No Popular Name COL cert VAL 3A19,COL make VAL A COL model VAL 321 COL series VAL 271N COL cert VAL A28NM,0,0.9999975707743879,0,3656,3294,0,1,0,0,1
COL make VAL SIKORSKY COL model VAL CH19 COL series VAL E COL name VAL CHICKASAW COL cert VAL HR1SO,COL make VAL TEXTRN MODEL 408 COL cert VAL A00016WI,0,0.9999973044843554,0,21363,3295,0,1,0,0,1
COL make VAL PITCAIRN COL model VAL PA7 COL series VAL S COL name VAL SUPER SPORT MAILWING COL cert VAL ATC 196,COL make VAL MODEL 408 COL cert VAL A00016WI,0,0.9999972212527318,0,7650,3296,0,1,0,0,1
COL make VAL HOWARD COL model VAL DGA11 COL series VAL DGA11 COL name VAL No Popular Name COL cert VAL TC 672,COL make VAL CE COL model VAL 408 COL name VAL SKYCOURIER COL cert VAL A00016WI,0,0.9999976060079816,0,5851,3297,0,1,0,0,1
COL make VAL AERO COMMANDER COL model VAL 690 COL series VAL D COL name VAL JETPROP 900 COL cert VAL 2A4,COL make VAL OREGON COL model VAL UH1 COL series VAL L COL cert VAL H4NM,0,0.9999971811321899,0,95,3298,0,1,0,0,1
COL make VAL SWEARINGEN COL model VAL SA227 COL series VAL TT COL name VAL MERLIN IIIC COL cert VAL A5SW,COL make VAL BHT COL model VAL UH1L COL series VAL UH1L COL cert VAL H5NM,0,0.9999968368664992,0,8904,3299,0,1,0,0,1
COL make VAL XTREMEAIR COL model VAL XA42 COL series VAL XA42 COL name VAL SBACH 342 COL cert VAL EASA.A.507,COL make VAL OREGON COL model VAL TH1 COL series VAL L COL cert VAL H4NM,0,0.999996906792379,0,10004,3300,0,1,0,0,1
COL make VAL MCDONNELL DOUGLAS COL model VAL MD88 COL series VAL MD88 COL name VAL No Popular Name COL cert VAL A6WE,COL make VAL BHT COL model VAL TH1L COL series VAL TH1L COL cert VAL H5NM,0,0.999996762553034,0,6836,3301,0,1,0,0,1
COL make VAL PIPER COL model VAL PA28RT COL series VAL 201 COL name VAL ARROW IV COL cert VAL 2A13,COL make VAL STRMAN COL model VAL 6 COL series VAL L COL cert VAL ATC459,0,0.9999973822438536,0,7578,3302,0,1,0,0,1
COL make VAL STINSON COL model VAL 10 COL series VAL 10 COL name VAL VOYAGER COL cert VAL A-709,COL make VAL C COL model VAL 212 COL series VAL CB COL cert VAL A43EU,0,0.999997349312072,0,8755,3303,0,1,0,0,1
COL make VAL ROBINSON COL model VAL R22 COL series VAL MARINER COL name VAL No Popular Name COL cert VAL H10WE,COL make VAL C COL model VAL 212 COL series VAL DF COL cert VAL A43EU,0,0.9999972342206892,0,7963,3304,0,1,0,0,1
COL make VAL CESSNA COL model VAL 150 COL series VAL B COL name VAL No Popular Name COL cert VAL 3A19,COL make VAL GA COL model VAL VII COL series VAL G500 COL name VAL G500 COL cert VAL T00021AT,0,0.9999972643761442,0,3653,3305,0,1,0,0,1
COL make VAL BEECH COL model VAL RU21 COL series VAL A COL name VAL UTE COL cert VAL 3A20,COL make VAL GA COL model VAL VII COL series VAL G600 COL name VAL G600 COL cert VAL T00021AT,0,0.9999974659561633,0,1398,3306,0,1,0,0,1
COL make VAL NORTH AMERICAN COL model VAL SNJ COL series VAL 3 COL name VAL TEXAN COL cert VAL A-2-575,COL make VAL GVII COL model VAL G500 COL cert VAL T00021AT,0,0.9999971089382326,0,7227,3307,0,1,0,0,1
COL make VAL SWEARINGEN COL model VAL SA227 COL series VAL DC COL name VAL METRO 23 COL cert VAL A18SW,COL make VAL GVII COL model VAL G600 COL cert VAL T00021AT,0,0.999997033960609,0,8902,3308,0,1,0,0,1
COL make VAL BOEING COL model VAL 777 COL series VAL FFX COL name VAL No Popular Name COL cert VAL T00001SE,COL make VAL B COL model VAL 747 COL series VAL 409 COL cert VAL A20WE,0,0.9999975224157949,0,9865,3309,0,1,0,0,1
COL make VAL DASSAULT COL model VAL MYSTERE FALCON 20 COL series VAL D5 COL name VAL No Popular Name COL cert VAL 103BIS,COL make VAL B COL model VAL 747 COL series VAL 7J6 COL cert VAL A20WE,0,0.9999972161932322,0,4440,3310,0,1,0,0,1
COL make VAL BEECH COL model VAL C12 COL series VAL C COL name VAL SUPER KING AIR COL cert VAL A24CE,COL make VAL B COL model VAL 747 COL series VAL 4J6 COL cert VAL A20WE,0,0.9999972589691071,0,1332,3311,0,1,0,0,1
COL make VAL STINSON COL model VAL SR10 COL series VAL K COL name VAL RELIANT COL cert VAL TC 679,COL make VAL CV COL model VAL 640 COL series VAL 440DSTC COL cert VAL 1096WE,0,0.9999970691127288,0,22190,3312,0,1,0,0,1
COL make VAL PIPER COL model VAL PA34 COL series VAL 200T COL name VAL SENECA II COL cert VAL A7SO,COL make VAL LARK COL model VAL 95 COL series VAL 95 COL cert VAL A748,0,0.9999976160052184,0,7612,3313,0,1,0,0,1
COL make VAL LOCKHEED COL model VAL 1049 COL series VAL G82 COL name VAL SUPER CONSTELLATION COL cert VAL 6A5,COL make VAL SK COL model VAL 61 COL series VAL CH3B COL name VAL SEA KING COL cert VAL H2EA,0,0.999997030550154,0,6515,3314,0,1,0,0,1
COL make VAL BOEING COL model VAL 737 COL series VAL 85F COL name VAL No Popular Name COL cert VAL A16WE,COL make VAL S COL model VAL 70M COL name VAL BLACKHAWK COL cert VAL H5NE,0,0.9999967112462299,0,2347,3315,0,1,0,0,1
COL make VAL BELL COL model VAL 214 COL series VAL ST COL name VAL SUPER TRANSPORT COL cert VAL H10SW,COL make VAL B COL model VAL 727 COL series VAL 225 COL cert VAL A3WE,0,0.9999970820241385,0,1430,3316,0,1,0,0,1
COL make VAL TAYLORCRAFT COL model VAL F21 COL series VAL B COL name VAL No Popular Name COL cert VAL 1A9,COL make VAL B COL model VAL 727 COL series VAL 2B7 COL cert VAL A3WE,0,0.9999973948940606,0,8952,3317,0,1,0,0,1
COL make VAL PIPER COL model VAL PA46 COL series VAL 500TP COL name VAL MALIBU MERIDIAN COL cert VAL A25SO,COL make VAL B COL model VAL 727 COL series VAL 2K5 COL cert VAL A3WE,0,0.9999972214567752,0,7635,3318,0,1,0,0,1
COL make VAL VERTOL COL model VAL 107 COL series VAL II COL name VAL No Popular Name COL cert VAL 1H16,COL make VAL A COL model VAL 300 COL series VAL B4622R COL name VAL AIRBUS COL cert VAL A35EU,0,0.9999969180743099,0,9328,3319,0,1,0,0,1
COL make VAL MOONEY COL model VAL M20S COL series VAL M20S COL name VAL EAGLE COL cert VAL 2A3,COL make VAL A COL model VAL 300 COL series VAL B4622 COL name VAL AIRBUS COL cert VAL A35EU,0,0.9999971035568397,0,7039,3320,0,1,0,0,1
COL make VAL KAMAN COL model VAL K225 COL series VAL K225 COL name VAL No Popular Name COL cert VAL 1H1,COL make VAL A COL model VAL 300 COL series VAL F4622R COL cert VAL A35EU,0,0.9999970377711486,0,21573,3321,0,1,0,0,1
COL make VAL PILATUS COL model VAL PC6 COL series VAL H2 COL name VAL PORTER COL cert VAL F56-10,COL make VAL A COL model VAL 300 COL series VAL F4600R COL cert VAL A35EU,0,0.9999969894883596,0,11251,3322,0,1,0,0,1
COL make VAL SHINN COL model VAL 2150 COL series VAL A COL name VAL KACHINA COL cert VAL 4A19,COL make VAL A COL model VAL 300 COL series VAL F4605R COL cert VAL A35EU,0,0.9999972960729875,0,8372,3323,0,1,0,0,1
COL make VAL SNOW COL model VAL 600S2C COL series VAL 600S2C COL name VAL No Popular Name COL cert VAL 2A7,COL make VAL A COL model VAL 300 COL series VAL F4608ST COL cert VAL FGSTC,0,0.9999972320239775,0,8596,3324,0,1,0,0,1
COL make VAL CESSNA COL model VAL T41 COL series VAL C COL name VAL No Popular Name COL cert VAL 3A17,COL make VAL A COL model VAL 300 COL series VAL B4605R COL name VAL AIRBUS COL cert VAL A35EU,0,0.9999968826361811,0,3990,3325,0,1,0,0,1
COL make VAL PIPER COL model VAL L21 COL series VAL B COL name VAL SUPER CUB COL cert VAL 1A2,COL make VAL SK COL model VAL 64 COL series VAL CH54B COL name VAL SKYCRANE COL cert VAL H6EA,0,0.9999975868163503,0,7480,3326,0,1,0,0,1
COL make VAL SCHWEIZER COL model VAL SGU22 2 COL series VAL C COL name VAL No Popular Name COL cert VAL G-18,COL make VAL B COL model VAL 767 COL series VAL 223 COL cert VAL A1NM,0,0.9999971014263576,0,8309,3327,0,1,0,0,1
COL make VAL PIPER COL model VAL PA18S COL series VAL 135 COL name VAL SUPER CUB COL cert VAL 1A2,COL make VAL B COL model VAL 767 COL series VAL 323 COL cert VAL A1NM,0,0.9999970465678027,0,7514,3328,0,1,0,0,1
COL make VAL FAIRCHILD COL model VAL PILGRIM 100 COL series VAL A COL name VAL No Popular Name COL cert VAL ATC 443,COL make VAL B COL model VAL 767 COL series VAL 375 COL cert VAL A1NM,0,0.9999971378418319,0,21439,3329,0,1,0,0,1
COL make VAL DOUGLAS COL model VAL DC3C COL series VAL R1830 90C COL name VAL No Popular Name COL cert VAL A-669,COL make VAL B COL model VAL 767 COL series VAL 383 COL cert VAL A1NM,0,0.9999972204417095,0,4739,3330,0,1,0,0,1
COL make VAL SCHWEIZER COL model VAL SGS1 26 COL series VAL A COL name VAL No Popular Name COL cert VAL 1G10,COL make VAL B COL model VAL 767 COL series VAL 3T7 COL cert VAL A1NM,0,0.9999973032707417,0,8287,3331,0,1,0,0,1
COL make VAL STEARMAN COL model VAL A75 COL series VAL N1 COL name VAL KAYDET COL cert VAL A-743,COL make VAL B COL model VAL 767 COL series VAL 3WO COL cert VAL A1NM,0,0.9999970122624295,0,8707,3332,0,1,0,0,1
COL make VAL MORANE SAULNIER COL model VAL MS880 COL series VAL B COL name VAL RALLYE CLUB COL cert VAL EASA.A.377,COL make VAL B COL model VAL 767 COL series VAL 3X2 COL cert VAL A1NM,0,0.9999972392382092,0,7048,3333,0,1,0,0,1
COL make VAL GULFSTREAM COL model VAL GV COL series VAL GV COL name VAL No Popular Name COL cert VAL A12EA,COL make VAL B COL model VAL 767 COL series VAL 3D6 COL cert VAL A1NM,0,0.9999975930014394,0,5623,3334,0,1,0,0,1
COL make VAL GULFSTREAM COL model VAL GV COL series VAL SP COL name VAL No Popular Name COL cert VAL A12EA,COL make VAL B COL model VAL 767 COL series VAL 3G5 COL cert VAL A1NM,0,0.9999970430646878,0,5620,3335,0,1,0,0,1
COL make VAL AERONCA COL model VAL S11AC COL series VAL S11AC COL name VAL CHIEF COL cert VAL A-761,COL make VAL B COL model VAL 767 COL series VAL 39H COL cert VAL A1NM,0,0.9999972078911469,0,177,3336,0,1,0,0,1
COL make VAL STINSON COL model VAL L5 COL series VAL E COL name VAL SENTINEL COL cert VAL A-764,COL make VAL B COL model VAL 767 COL series VAL 37E COL cert VAL A1NM,0,0.9999972308556458,0,8768,3337,0,1,0,0,1
COL make VAL TAYLORCRAFT COL model VAL BCS12 COL series VAL D485 COL name VAL No Popular Name COL cert VAL A-696,COL make VAL B COL model VAL 767 COL series VAL 35D COL cert VAL A1NM,0,0.9999971960020004,0,8930,3338,0,1,0,0,1
COL make VAL CONSOLIDATED VULTEE COL model VAL SNV COL series VAL 2 COL name VAL VALIANT COL cert VAL A-2-571,COL make VAL B COL model VAL 767 COL series VAL 35E COL cert VAL A1NM,0,0.9999970925754454,0,4324,3339,0,1,0,0,1
COL make VAL TAYLORCRAFT COL model VAL BL COL series VAL BL COL name VAL No Popular Name COL cert VAL A-700,COL make VAL B COL model VAL 767 COL series VAL 33P COL cert VAL A1NM,0,0.9999972779503099,0,8941,3340,0,1,0,0,1
COL make VAL MAULE COL model VAL M7 COL series VAL 420AC COL name VAL No Popular Name COL cert VAL 3A23,COL make VAL B COL model VAL 767 COL series VAL 330 COL cert VAL A1NM,0,0.9999974989621732,0,6740,3341,0,1,0,0,1
COL make VAL COMMANDER COL model VAL 114 COL series VAL TC COL name VAL COMMANDER 115TC COL cert VAL A12SO,COL make VAL B COL model VAL 767 COL series VAL 31K COL cert VAL A1NM,0,0.9999969020379091,0,4300,3342,0,1,0,0,1
COL make VAL TAYLORCRAFT COL model VAL BCS12 COL series VAL D1 COL name VAL No Popular Name COL cert VAL A-696,COL make VAL B COL model VAL 767 COL series VAL 31A COL cert VAL A1NM,0,0.9999971422575779,0,8929,3343,0,1,0,0,1
COL make VAL CESSNA COL model VAL T207 COL series VAL T207 COL name VAL TURBO SKYWAGON COL cert VAL A16CE,COL make VAL B COL model VAL 767 COL series VAL 381 COL cert VAL A1NM,0,0.9999978164375212,0,3965,3345,0,1,0,0,1
COL make VAL SCHWEIZER COL model VAL SGS1 23 COL series VAL F COL name VAL No Popular Name COL cert VAL 1G1,COL make VAL B COL model VAL 767 COL series VAL 341 COL cert VAL A1NM,0,0.9999973608129469,0,8282,3346,0,1,0,0,1
COL make VAL CESSNA COL model VAL 182 COL series VAL H COL name VAL SKYLANE COL cert VAL 3A13,COL make VAL B COL model VAL 767 COL series VAL 319 COL cert VAL A1NM,0,0.9999972805087054,0,3715,3347,0,1,0,0,1
COL make VAL WACO COL model VAL UC72 COL series VAL C COL name VAL No Popular Name COL cert VAL TC 714,COL make VAL B COL model VAL 767 COL series VAL 3P6 COL cert VAL A1NM,0,0.9999972497836858,0,21681,3348,0,1,0,0,1
COL make VAL BOEING COL model VAL 737 COL series VAL 497 COL name VAL No Popular Name COL cert VAL A16WE,COL make VAL B COL model VAL 767 COL series VAL 304 COL cert VAL A1NM,0,0.9999970098851514,0,2151,3349,0,1,0,0,1
COL make VAL SNOW COL model VAL 600S2C COL series VAL 600S2C COL name VAL No Popular Name COL cert VAL 2A7,COL make VAL B COL model VAL 767 COL series VAL 306 COL cert VAL A1NM,0,0.9999972658654132,0,8596,3350,0,1,0,0,1
COL make VAL SIKORSKY COL model VAL S76 COL series VAL C COL name VAL No Popular Name COL cert VAL H1NE,COL make VAL B COL model VAL 767 COL series VAL 37D COL cert VAL A1NM,0,0.9999970885813625,0,8496,3351,0,1,0,0,1
COL make VAL CESSNA COL model VAL 525 COL series VAL 525 COL name VAL CITATIONJET COL cert VAL A1WI,COL make VAL B COL model VAL 767 COL series VAL 33A COL cert VAL A1NM,0,0.9999971681327285,0,3842,3352,0,1,0,0,1
COL make VAL BOEING COL model VAL 737 COL series VAL 7AD COL name VAL No Popular Name COL cert VAL A16WE,COL make VAL B COL model VAL 767 COL series VAL 324 COL cert VAL A1NM,0,0.9999971694746442,0,2248,3353,0,1,0,0,1
COL make VAL ROBINSON COL model VAL R22 COL series VAL ALPHA COL name VAL No Popular Name COL cert VAL H10WE,COL make VAL B COL model VAL 767 COL series VAL 316 COL cert VAL A1NM,0,0.9999970343169947,0,7961,3354,0,1,0,0,1
COL make VAL TAYLORCRAFT COL model VAL BF12 COL series VAL 65 COL name VAL No Popular Name COL cert VAL A-699,COL make VAL B COL model VAL 767 COL series VAL 38E COL cert VAL A1NM,0,0.9999972503973532,0,8935,3355,0,1,0,0,1
COL make VAL ZLIN COL model VAL Z242 COL series VAL L COL name VAL No Popular Name COL cert VAL EASA.A.027,COL make VAL B COL model VAL 767 COL series VAL 36N COL cert VAL A1NM,0,0.9999970530065725,0,9695,3356,0,1,0,0,1
COL make VAL BELL COL model VAL UH1 COL series VAL L COL name VAL IROQUOIS COL cert VAL H7SO,COL make VAL B COL model VAL 767 COL series VAL 346 COL cert VAL A1NM,0,0.999997184996621,0,12562,3357,0,1,0,0,1
COL make VAL AIR TRACTOR COL model VAL AT502 COL series VAL AT502 COL name VAL No Popular Name COL cert VAL A17SW,COL make VAL B COL model VAL 757 COL series VAL 2Y0 COL cert VAL A2NM,0,0.9999971039380059,0,368,3358,0,1,0,0,1
COL make VAL TRAVEL AIR COL model VAL TRAVEL AIR 2000 COL series VAL T COL name VAL No Popular Name COL cert VAL TC 2-368,COL make VAL B COL model VAL 757 COL series VAL 23A COL cert VAL A2NM,0,0.9999972552742824,0,9133,3359,0,1,0,0,1
COL make VAL STINSON COL model VAL 10 COL series VAL A COL name VAL No Popular Name COL cert VAL A-738,COL make VAL B COL model VAL 757 COL series VAL 222 COL cert VAL A2NM,0,0.9999969771247512,0,8753,3360,0,1,0,0,1
COL make VAL BAC COL model VAL ONE ELEVEN COL series VAL 201AC COL name VAL No Popular Name COL cert VAL NOT CERTIFICATED,COL make VAL B COL model VAL 757 COL series VAL 2S7 COL cert VAL A2NM,0,0.9999971146178347,0,914,3361,0,1,0,0,1
COL make VAL EMBRAER COL model VAL ERJ190 COL series VAL 100IGW COL name VAL 190AR COL cert VAL EA-2005T13,COL make VAL B COL model VAL 757 COL series VAL 2B6 COL cert VAL A2NM,0,0.9999973004016657,0,4947,3362,0,1,0,0,1
COL make VAL DOUGLAS COL model VAL DC8 COL series VAL 62 COL name VAL SUPER 60 COL cert VAL 4A25,COL make VAL B COL model VAL 757 COL series VAL 2G5 COL cert VAL A2NM,0,0.9999972643357061,0,4776,3363,0,1,0,0,1
COL make VAL BEECH COL model VAL 200 COL series VAL B200T COL name VAL SUPER KING AIR COL cert VAL A24CE,COL make VAL B COL model VAL 757 COL series VAL 27B COL cert VAL A2NM,0,0.9999973468082828,0,1178,3364,0,1,0,0,1
COL make VAL CESSNA COL model VAL 680 COL series VAL A COL name VAL LATITUDE COL cert VAL T00012WI,COL make VAL B COL model VAL 757 COL series VAL 26D COL cert VAL A2NM,0,0.9999973631186948,0,11056,3365,0,1,0,0,1
COL make VAL DOUGLAS COL model VAL DC8 COL series VAL 72 COL name VAL SUPER 70 COL cert VAL 4A25,COL make VAL B COL model VAL 757 COL series VAL 230 COL cert VAL A2NM,0,0.9999970795269073,0,4786,3366,0,1,0,0,1
COL make VAL SIKORSKY COL model VAL CH54 COL series VAL B COL name VAL TARHE COL cert VAL H14NM,COL make VAL B COL model VAL 757 COL series VAL 258 COL cert VAL A2NM,0,0.9999973275848015,0,15210,3367,0,1,0,0,1
COL make VAL BOEING COL model VAL 747 COL series VAL 245F COL name VAL No Popular Name COL cert VAL A20WE,COL make VAL B COL model VAL 757 COL series VAL 2Q8 COL cert VAL A2NM,0,0.9999974235470955,0,2482,3368,0,1,0,0,1
COL make VAL MONOCOUPE COL model VAL 90A COL series VAL 90A COL name VAL MONOCOUPE 90 COL cert VAL A-306,COL make VAL B COL model VAL 757 COL series VAL 2B7 COL cert VAL A2NM,0,0.9999971923213715,0,7015,3369,0,1,0,0,1
COL make VAL PIPER COL model VAL PA22 COL series VAL 150 COL name VAL TRIPACER COL cert VAL 1A6,COL make VAL B COL model VAL 757 COL series VAL 23N COL cert VAL A2NM,0,0.9999973428809237,0,7527,3370,0,1,0,0,1
COL make VAL BEECH COL model VAL 55 COL series VAL 95B55 COL name VAL BARON COL cert VAL 3A16,COL make VAL B COL model VAL 737 COL series VAL 209 COL cert VAL A16WE,0,0.9999973794163121,0,1265,3371,0,1,0,0,1
COL make VAL BOEING COL model VAL 707 COL series VAL 349C COL name VAL No Popular Name COL cert VAL 4A26,COL make VAL B COL model VAL 737 COL series VAL 232 COL cert VAL A16WE,0,0.9999970897611518,0,1642,3372,0,1,0,0,1
COL make VAL AERO COMMANDER COL model VAL 600S2D COL series VAL 600S2D COL name VAL THRUSH COMMANDER COL cert VAL A3SW,COL make VAL B COL model VAL 737 COL series VAL 301 COL cert VAL A16WE,0,0.9999971386278368,0,101,3373,0,1,0,0,1
COL make VAL IAI COL model VAL 1123 COL series VAL 1123 COL name VAL WESTWIND COL cert VAL A2IL,COL make VAL B COL model VAL 737 COL series VAL 2T4 COL cert VAL A16WE,0,0.9999970474450447,0,5910,3374,0,1,0,0,1
COL make VAL MITSUBISHI COL model VAL MU2B COL series VAL 30 COL name VAL MARQUISE COL cert VAL NOT IDENTIFIED,COL make VAL B COL model VAL 737 COL series VAL 3B7 COL cert VAL A16WE,0,0.999997214457755,0,6995,3375,0,1,0,0,1
COL make VAL CESSNA COL model VAL 310 COL series VAL P COL name VAL No Popular Name COL cert VAL 3A10,COL make VAL B COL model VAL 737 COL series VAL 376 COL cert VAL A16WE,0,0.9999975655040134,0,3784,3376,0,1,0,0,1
COL make VAL CESSNA COL model VAL A185 COL series VAL E COL name VAL SKYWAGON COL cert VAL 3A24,COL make VAL B COL model VAL 737 COL series VAL 3Y0 COL cert VAL A16WE,0,0.9999971831597633,0,3865,3377,0,1,0,0,1
COL make VAL PIPER COL model VAL L4 COL series VAL J COL name VAL CUB COL cert VAL A-691,COL make VAL B COL model VAL 737 COL series VAL 330 COL cert VAL A16WE,0,0.9999971788193257,0,7486,3378,0,1,0,0,1
COL make VAL LEARJET COL model VAL 35 COL series VAL 35 COL name VAL No Popular Name COL cert VAL A10CE,COL make VAL B COL model VAL 737 COL series VAL 306 COL cert VAL A16WE,0,0.9999974150376835,0,6352,3379,0,1,0,0,1
COL make VAL AERO COMMANDER COL model VAL 695 COL series VAL 695 COL name VAL JETPROP 980 COL cert VAL 2A4,COL make VAL B COL model VAL 737 COL series VAL 3T0 COL cert VAL A16WE,0,0.9999974439274836,0,98,3380,0,1,0,0,1
COL make VAL BEECH COL model VAL 19 COL series VAL A COL name VAL MUSKETEER SPORT COL cert VAL A1CE,COL make VAL B COL model VAL 737 COL series VAL 348 COL cert VAL A16WE,0,0.9999975139519891,0,1164,3381,0,1,0,0,1
COL make VAL STINSON COL model VAL SR10 COL series VAL K COL name VAL RELIANT COL cert VAL TC 679,COL make VAL B COL model VAL 737 COL series VAL 4Y0 COL cert VAL A16WE,0,0.9999973922157264,0,22190,3382,0,1,0,0,1
COL make VAL BOEING COL model VAL 707 COL series VAL 321B COL name VAL No Popular Name COL cert VAL 4A26,COL make VAL B COL model VAL 737 COL series VAL 3M8 COL cert VAL A16WE,0,0.9999973086057886,0,1613,3383,0,1,0,0,1
COL make VAL SCHLEICHER COL model VAL ASW24 COL series VAL ASW24 COL name VAL No Popular Name COL cert VAL 366/SP,COL make VAL B COL model VAL 737 COL series VAL 4K5 COL cert VAL A16WE,0,0.9999972429980042,0,8250,3384,0,1,0,0,1
COL make VAL BEECH COL model VAL 60 COL series VAL B60 COL name VAL DUKE COL cert VAL A12CE,COL make VAL B COL model VAL 737 COL series VAL 3L9 COL cert VAL A16WE,0,0.9999972918768356,0,1285,3385,0,1,0,0,1
COL make VAL BOEING COL model VAL 777 COL series VAL F COL name VAL No Popular Name COL cert VAL T00001SE,COL make VAL B COL model VAL 737 COL series VAL 42C COL cert VAL A16WE,0,0.9999973310333883,0,11572,3386,0,1,0,0,1
COL make VAL AEROSTAR COL model VAL M20C COL series VAL M20C COL name VAL RANGER COL cert VAL 2A3,COL make VAL B COL model VAL 737 COL series VAL 405 COL cert VAL A16WE,0,0.9999977400636783,0,263,3387,0,1,0,0,1
COL make VAL BEECH COL model VAL 99 COL series VAL C99 COL name VAL AIRLINER COL cert VAL A14CE,COL make VAL B COL model VAL 737 COL series VAL 448 COL cert VAL A16WE,0,0.9999974745845759,0,1321,3388,0,1,0,0,1
COL make VAL CESSNA COL model VAL 310 COL series VAL 310 COL name VAL No Popular Name COL cert VAL 3A10,COL make VAL B COL model VAL 737 COL series VAL 4Q8 COL cert VAL A16WE,0,0.9999974271871586,0,3787,3389,0,1,0,0,1
COL make VAL HELIO COL model VAL H391 COL series VAL H391 COL name VAL COURIER COL cert VAL 1A8,COL make VAL B COL model VAL 737 COL series VAL 38B COL cert VAL A16WE,0,0.9999973870252343,0,5751,3390,0,1,0,0,1
COL make VAL HOWARD COL model VAL DGA11 COL series VAL DGA11 COL name VAL No Popular Name COL cert VAL TC 672,COL make VAL B COL model VAL 737 COL series VAL 36E COL cert VAL A16WE,0,0.9999972423853151,0,5851,3391,0,1,0,0,1
COL make VAL BOEING COL model VAL 707 COL series VAL 336C COL name VAL No Popular Name COL cert VAL 4A26,COL make VAL B COL model VAL 737 COL series VAL 319 COL cert VAL A16WE,0,0.99999733334608,0,1630,3392,0,1,0,0,1
COL make VAL LOCKHEED COL model VAL 382 COL series VAL E COL name VAL L100 20 COL cert VAL A1SO,COL make VAL B COL model VAL 737 COL series VAL 48E COL cert VAL A16WE,0,0.9999975335455126,0,6540,3393,0,1,0,0,1
COL make VAL PIPER COL model VAL PA20 COL series VAL 135 COL name VAL PACER COL cert VAL 1A4,COL make VAL B COL model VAL 737 COL series VAL 4Q3 COL cert VAL A16WE,0,0.9999972070096359,0,7520,3394,0,1,0,0,1
COL make VAL BEECH COL model VAL 33 COL series VAL F33A COL name VAL BONANZA COL cert VAL 3A15,COL make VAL B COL model VAL 737 COL series VAL 490 COL cert VAL A16WE,0,0.9999970930024144,0,1208,3395,0,1,0,0,1
COL make VAL AYRES COL model VAL S2R COL series VAL R3S COL name VAL No Popular Name COL cert VAL A3SW,COL make VAL B COL model VAL 737 COL series VAL 36N COL cert VAL A16WE,0,0.9999972944015,0,864,3396,0,1,0,0,1
COL make VAL CESSNA COL model VAL 210 COL series VAL G COL name VAL CENTURION COL cert VAL 3A21,COL make VAL B COL model VAL 737 COL series VAL 4M0 COL cert VAL A16WE,0,0.9999972637525492,0,3755,3397,0,1,0,0,1
COL make VAL PIPER COL model VAL PA22S COL series VAL 160 COL name VAL TRIPACER COL cert VAL 1A6,COL make VAL B COL model VAL 737 COL series VAL 33V COL cert VAL A16WE,0,0.9999974345754188,0,7532,3398,0,1,0,0,1
COL make VAL CESSNA COL model VAL 182 COL series VAL Q COL name VAL SKYLANE COL cert VAL 3A13,COL make VAL B COL model VAL 737 COL series VAL 83N COL cert VAL A16WE,0,0.9999975410739398,0,3722,3399,0,1,0,0,1
COL make VAL BELLANCA COL model VAL 14 13 COL series VAL 14 13 COL name VAL CRUISAIR SENIOR COL cert VAL A-773,COL make VAL B COL model VAL 737 COL series VAL 86J COL cert VAL A16WE,0,0.9999970408840669,0,1521,3400,0,1,0,0,1
COL make VAL BEECH COL model VAL 95 COL series VAL B95 COL name VAL TRAVEL AIR COL cert VAL 3A16,COL make VAL B COL model VAL 737 COL series VAL 8Q8 COL cert VAL A16WE,0,0.999997361896258,0,1312,3401,0,1,0,0,1
COL make VAL PIPER COL model VAL PA36 COL series VAL 300 COL name VAL PAWNEE BRAVE 300 COL cert VAL A9SO,COL make VAL B COL model VAL 737 COL series VAL 81Q COL cert VAL A16WE,0,0.999997529277306,0,7619,3402,0,1,0,0,1
COL make VAL PIPER COL model VAL L18 COL series VAL C COL name VAL SUPER CUB COL cert VAL 1A2,COL make VAL DC COL model VAL 9 COL series VAL 82 COL cert VAL A6WE,0,0.9999971497764425,0,7478,3403,0,1,0,0,1
COL make VAL CESSNA COL model VAL T337 COL series VAL C COL name VAL No Popular Name COL cert VAL A6CE,COL make VAL DC COL model VAL 9 COL series VAL 83 COL cert VAL A6WE,0,0.9999972508142544,0,3980,3404,0,1,0,0,1
COL make VAL ERCOUPE COL model VAL 415 COL series VAL D COL name VAL No Popular Name COL cert VAL A-787,COL make VAL DC COL model VAL 6 COL series VAL R6D1 COL cert VAL 6A3,0,0.9999967216847838,0,4995,3405,0,1,0,0,1
COL make VAL BOEING COL model VAL 737 COL series VAL 85R COL name VAL No Popular Name COL cert VAL A16WE,COL make VAL DC COL model VAL 3 COL series VAL G103A COL cert VAL A618,0,0.9999966486180206,0,2351,3406,0,1,0,0,1
COL make VAL CESSNA COL model VAL 210 COL series VAL E COL name VAL CENTURION COL cert VAL 3A21,COL make VAL CL COL model VAL 600 COL series VAL 2C11 COL cert VAL A21EA,0,0.9999974205686101,0,3753,3407,0,1,0,0,1
COL make VAL MITSUBISHI COL model VAL MU2B COL series VAL 36 COL name VAL MARQUISE COL cert VAL 25,COL make VAL CL COL model VAL 600 COL series VAL 2C10 COL cert VAL A21EA,0,0.9999974990313422,0,11473,3408,0,1,0,0,1
COL make VAL NORTH AMERICAN COL model VAL SNJ COL series VAL 5 COL name VAL TEXAN COL cert VAL A-2-575,COL make VAL GVIII COL model VAL G700 COL cert VAL T00015AT,0,0.9999970463903513,0,7229,3409,0,1,0,0,1
COL make VAL CESSNA COL model VAL 150 COL series VAL B COL name VAL No Popular Name COL cert VAL 3A19,COL make VAL SK COL model VAL 52 COL series VAL 52 COL cert VAL H3,0,0.9999971153098061,0,3653,3410,0,1,0,0,1
COL make VAL CESSNA COL model VAL T207 COL series VAL A COL name VAL TURBO SKYWAGON COL cert VAL A16CE,COL make VAL TEXHEL COL model VAL OH13 COL series VAL H COL cert VAL H7SW,0,0.9999971973347194,0,3964,3411,0,1,0,0,1
COL make VAL LEARJET COL model VAL 24 COL series VAL A COL name VAL No Popular Name COL cert VAL A10CE,COL make VAL TEXHEL COL model VAL OH13 COL series VAL E COL cert VAL H7SW,0,0.9999972202150581,0,6338,3412,0,1,0,0,1
COL make VAL WACO COL model VAL CSO COL series VAL CSO COL name VAL No Popular Name COL cert VAL ATC 240,COL make VAL HAWKEY COL model VAL OH13E COL series VAL OH13E COL cert VAL H2CE,0,0.9999973173964881,0,9490,3413,0,1,0,0,1
COL make VAL CESSNA COL model VAL 310 COL series VAL F COL name VAL No Popular Name COL cert VAL 3A10,COL make VAL CCOPTR COL model VAL OH13H COL series VAL OH13H COL cert VAL H5SW,0,0.9999970011923086,0,3775,3414,0,1,0,0,1
COL make VAL HAWKER SIDDELEY COL model VAL HS125 COL series VAL 700B COL name VAL No Popular Name COL cert VAL A3EU,COL make VAL CL COL model VAL 44 COL series VAL D4 COL name VAL YUKON/FREIGHTLINER COL cert VAL 1A20,0,0.9999973609966756,0,5718,3415,0,1,0,0,1
COL make VAL ALL AMERICAN COL model VAL 10A COL series VAL 10A COL name VAL ENSIGN COL cert VAL A-792,COL make VAL SF COL model VAL 340 COL series VAL A COL cert VAL A52EU,0,0.9999968772847597,0,507,3416,0,1,0,0,1
COL make VAL CESSNA COL model VAL A188 COL series VAL B COL name VAL AGWAGON C COL cert VAL A9CE,COL make VAL E1000 COL name VAL EPIC COL cert VAL A00059SE,0,0.9999973026753054,0,3868,3417,0,1,0,0,1
COL make VAL BOEING COL model VAL 737 COL series VAL 268 COL name VAL No Popular Name COL cert VAL A16WE,COL make VAL LL COL model VAL 8 COL series VAL T8F COL name VAL SILVAIRE COL cert VAL A694,0,0.9999969467728619,0,1948,3418,0,1,0,0,1
COL make VAL CESSNA COL model VAL 185 COL series VAL A COL name VAL SKYWAGON COL cert VAL 3A24,COL make VAL ARROWF COL model VAL OH COL series VAL 58A+ COL cert VAL H22NM,0,0.9999969155014852,0,3727,3420,0,1,0,0,1
COL make VAL SKY COL model VAL 105 24 COL series VAL 105 24 COL name VAL No Popular Name COL cert VAL UK.TC.BA.00003,COL make VAL HU COL model VAL 269 COL series VAL A2 COL cert VAL 4H12,0,0.9999967707106148,0,8519,3421,0,1,0,0,1
COL make VAL BOEING COL model VAL 777 COL series VAL 289 COL name VAL No Popular Name COL cert VAL T00001SE,COL make VAL AT COL model VAL 802 COL series VAL 802 COL cert VAL A19SW,0,0.9999969438903002,0,2838,3422,0,1,0,0,1
COL make VAL BOEING COL model VAL 707 COL series VAL 131 COL name VAL No Popular Name COL cert VAL 4A21,COL make VAL BB COL model VAL 92 COL series VAL Z COL cert VAL B04CE,0,0.9999972123676399,0,1601,3423,0,1,0,0,1
COL make VAL PIPER COL model VAL J3F COL series VAL 50 COL name VAL CUB COL cert VAL A-692,COL make VAL CE COL model VAL 421 COL series VAL C COL name VAL GOLDEN EAGLE COL cert VAL A7CE,0,0.9999976786760649,0,7456,3424,0,1,0,0,1
COL make VAL AERO COMMANDER COL model VAL 680 COL series VAL W COL name VAL TURBO COMMANDER COL cert VAL 2A4,COL make VAL CE COL model VAL 421 COL series VAL B COL name VAL GOLDEN EAGLE COL cert VAL A7CE,0,0.999997489100379,0,7986,3425,0,1,0,0,1
COL make VAL CESSNA COL model VAL 210 COL series VAL H COL name VAL CENTURION COL cert VAL 3A21,COL make VAL MBB COL model VAL BK117 COL series VAL A1 COL name VAL SPACE SHIP COL cert VAL H13EU,0,0.9999972004454933,0,3756,3426,0,1,0,0,1
COL make VAL CESSNA COL model VAL 310 COL series VAL I COL name VAL No Popular Name COL cert VAL 3A10,COL make VAL STNSON COL model VAL A COL series VAL A COL cert VAL ATC556,0,0.9999968452174428,0,3778,3427,0,1,0,0,1
COL make VAL STINSON COL model VAL SR10 COL series VAL B COL name VAL RELIANT COL cert VAL TC 678,COL make VAL SM COL model VAL 6000 COL series VAL 6000 COL name VAL SM-6000 AIRLINER COL cert VAL ATC335,0,0.9999971560322476,0,22180,3428,0,1,0,0,1
COL make VAL TAYLORCRAFT COL model VAL BCS12 COL series VAL D485 COL name VAL No Popular Name COL cert VAL A-696,COL make VAL SM COL model VAL 6000 COL series VAL B COL cert VAL ATC420,0,0.9999964316650994,0,8930,3429,0,1,0,0,1
COL make VAL BOEING COL model VAL 707 COL series VAL 331B COL name VAL No Popular Name COL cert VAL 4A26,COL make VAL STNSON COL model VAL U COL series VAL U COL cert VAL 484,0,0.9999970562087601,0,1627,3430,0,1,0,0,1
COL make VAL BOEING COL model VAL 737 COL series VAL 241 COL name VAL No Popular Name COL cert VAL A16WE,COL make VAL SK COL model VAL 64 COL series VAL A COL cert VAL H1EA,0,0.9999967338007227,0,1936,3431,0,1,0,0,1
COL make VAL MITSUBISHI COL model VAL MU300 COL series VAL 10 COL name VAL DIAMOND II COL cert VAL A16SW,COL make VAL DC COL model VAL 3 COL series VAL CR183090C COL cert VAL A669,0,0.9999970760712511,0,7000,3432,0,1,0,0,1
COL make VAL BOEING COL model VAL 707 COL series VAL 331 COL name VAL No Popular Name COL cert VAL 4A26,COL make VAL DC COL model VAL 3 COL series VAL CS1C3G COL cert VAL A669,0,0.9999964490426928,0,1626,3434,0,1,0,0,1
COL make VAL CESSNA COL model VAL T210 COL series VAL R COL name VAL TURBO CENTURION COL cert VAL 3A21,COL make VAL DC COL model VAL 3 COL series VAL C53 COL cert VAL A669,0,0.999996914127453,0,3974,3435,0,1,0,0,1
COL make VAL PIPER COL model VAL PA28R COL series VAL 201T COL name VAL TURBO ARROW III COL cert VAL 2A13,COL make VAL DC COL model VAL 3 COL series VAL AS1C3G COL cert VAL A669,0,0.9999970688849188,0,7576,3436,0,1,0,0,1
COL make VAL PIPER COL model VAL PA36 COL series VAL 285 COL name VAL PAWNEE BRAVE COL cert VAL A9SO,COL make VAL DC COL model VAL 3 COL series VAL C53B COL cert VAL A669,0,0.9999972679961867,0,7617,3437,0,1,0,0,1
COL make VAL SCHLEICHER COL model VAL ASK13 COL series VAL ASK13 COL name VAL No Popular Name COL cert VAL 267/SP,COL make VAL DC COL model VAL 3 COL series VAL C53D COL cert VAL A669,0,0.9999971101993413,0,8219,3438,0,1,0,0,1
COL make VAL SWEARINGEN COL model VAL SA227 COL series VAL CC COL name VAL METRO 23 COL cert VAL A18SW,COL make VAL DC COL model VAL 3 COL series VAL G202A COL cert VAL A618,0,0.9999969016198279,0,8901,3439,0,1,0,0,1
COL make VAL AERO COMMANDER COL model VAL 690 COL series VAL C COL name VAL JETPROP 840 COL cert VAL 2A4,COL make VAL OW COL model VAL 5M COL series VAL 5M COL cert VAL 637,0,0.9999972982175805,0,94,3440,0,1,0,0,1
COL make VAL SWEARINGEN COL model VAL SA227 COL series VAL BC COL name VAL 23 COL cert VAL A8SW,COL make VAL GA COL model VAL 73 COL series VAL 73 COL cert VAL A783,0,0.9999970052348777,0,8900,3441,0,1,0,0,1
COL make VAL BOEING COL model VAL 737 COL series VAL 317 COL name VAL No Popular Name COL cert VAL A16WE,COL make VAL GRUMAN COL model VAL C COL series VAL 1A COL cert VAL TT00001A,0,0.9999974146765055,0,2058,3443,0,1,0,0,1
COL make VAL GLASFLUGEL COL model VAL H301 COL series VAL H301 COL name VAL LIBELLE COL cert VAL EASA.A.241,COL make VAL CAMAIR COL model VAL 480 COL series VAL 480 COL cert VAL 2A2,0,0.9999971530499648,0,5441,3444,0,1,0,0,1
COL make VAL DASSAULT COL model VAL MYSTERE FALCON 20 COL series VAL F5 COL name VAL No Popular Name COL cert VAL 103BIS,COL make VAL D COL model VAL 16 COL series VAL 16 COL cert VAL 2A3,0,0.9999969950386972,0,4442,3445,0,1,0,0,1
COL make VAL STINSON COL model VAL SR10 COL series VAL D COL name VAL RELIANT COL cert VAL TC 679,COL make VAL D COL model VAL 16 COL series VAL A COL cert VAL 2A3,0,0.9999973230074106,0,22191,3446,0,1,0,0,1
COL make VAL BOEING COL model VAL 707 COL series VAL 347C COL name VAL No Popular Name COL cert VAL 4A26,COL make VAL WING COL model VAL D1 COL series VAL D1 COL cert VAL A9WE,0,0.9999969293897659,0,1640,3447,0,1,0,0,1
COL make VAL IAI COL model VAL 1124 COL series VAL A COL name VAL WESTWIND II COL cert VAL A2IL,COL make VAL TECNAM COL model VAL P2010 COL series VAL TDI COL cert VAL A00066CE,0,0.999997070859148,0,5911,3448,0,1,0,0,1
COL make VAL PIPER COL model VAL J5A COL series VAL 80 COL name VAL CUB CRUISER COL cert VAL A-725,COL make VAL DA COL model VAL 50 COL series VAL C COL cert VAL A00064IB,0,0.9999974236699473,0,7473,3449,0,1,0,0,1
COL make VAL PIPER COL model VAL J5A COL series VAL 80 COL name VAL CUB CRUISER COL cert VAL A-725,COL make VAL LKHEED COL model VAL F104 COL series VAL CF104D COL name VAL STARFIGHTER COL cert VAL NONE,0,0.9999971829636535,0,7473,3450,0,1,0,0,1
COL make VAL HELIO COL model VAL H391 COL series VAL H391 COL name VAL COURIER COL cert VAL 1A8,COL make VAL HILLER COL model VAL UH12 COL series VAL E COL cert VAL 4H11,0,0.9999973442261475,0,5751,3451,0,1,0,0,1
COL make VAL THORP COL model VAL T211 COL series VAL T211 COL name VAL AERO SPORT COL cert VAL A-791,COL make VAL HELIO COL model VAL 295 COL series VAL U10D COL cert VAL 1A8,0,0.9999976630363769,0,10993,3453,0,1,0,0,1
COL make VAL RYAN COL model VAL L17 COL series VAL C COL name VAL No Popular Name COL cert VAL A-782,COL make VAL MURPHY COL model VAL SR3500 COL series VAL MOOSE COL name VAL MOOSE COL cert VAL NONE,0,0.9999965046617151,0,8071,3454,0,1,0,0,1
COL make VAL MCDONNELL DOUGLAS COL model VAL DC10 COL series VAL 40F COL name VAL No Popular Name COL cert VAL A22WE,COL make VAL BN COL model VAL 2 COL series VAL A26 COL name VAL ISLANDER COL cert VAL A17EU,0,0.9999971875270502,0,6830,3455,0,1,0,0,1
COL make VAL BOEING COL model VAL 737 COL series VAL 2K9 COL name VAL No Popular Name COL cert VAL A16WE,COL make VAL FN COL model VAL 333 COL series VAL 333 COL cert VAL 7A5,0,0.9999967885004815,0,2008,3456,0,1,0,0,1
COL make VAL BOEING COL model VAL 767 COL series VAL 324 COL name VAL No Popular Name COL cert VAL A1NM,COL make VAL PIRTLE COL model VAL 185 COL series VAL 185 COL name VAL ROCKET 185 COL cert VAL 776,0,0.9999966381407893,0,2759,3457,0,1,0,0,1
COL make VAL LEARJET COL model VAL 45 COL series VAL 45 COL name VAL LEARJET 70 COL cert VAL T00008WI,COL make VAL GEM COL model VAL 205 COL series VAL 205 COL name VAL TEXBULLET 205 COL cert VAL 4A2,0,0.9999973040010324,0,11422,3458,0,1,0,0,1
COL make VAL STINSON COL model VAL L5 COL series VAL E COL name VAL SENTINEL COL cert VAL A-764,COL make VAL AND COL model VAL 51 COL series VAL 51 COL cert VAL A11SW,0,0.999997152286932,0,8768,3459,0,1,0,0,1
COL make VAL PIPER COL model VAL PA28RT COL series VAL 201T COL name VAL TURBO ARROW IV COL cert VAL 2A13,COL make VAL AND COL model VAL 51 COL series VAL A COL cert VAL A11SW,0,0.9999976126516503,0,7579,3460,0,1,0,0,1
COL make VAL CESSNA COL model VAL FR182 COL series VAL FR182 COL name VAL SKYLANE COL cert VAL A42EU,COL make VAL AND COL model VAL 14 COL series VAL 14 COL cert VAL 4A1,0,0.9999968800412111,0,3919,3461,0,1,0,0,1
COL make VAL AYRES COL model VAL S2R COL series VAL R1820 COL name VAL THRUSH 510P COL cert VAL A4SW,COL make VAL DART COL model VAL G COL series VAL K COL cert VAL 674,0,0.9999970896418066,0,879,3462,0,1,0,0,1
COL make VAL BOEING COL model VAL 737 COL series VAL 74V COL name VAL No Popular Name COL cert VAL A16WE,COL make VAL DART COL model VAL G COL series VAL G COL cert VAL 674,0,0.9999967143936582,0,2221,3463,0,1,0,0,1
COL make VAL BOEING COL model VAL 707 COL series VAL 131B COL name VAL No Popular Name COL cert VAL 4A21,COL make VAL DART COL model VAL G COL series VAL C COL cert VAL 674,0,0.9999974146259611,0,1602,3464,0,1,0,0,1
COL make VAL MAULE COL model VAL M4 COL series VAL BEE DEE COL name VAL ROCKET COL cert VAL 3A23,COL make VAL DART COL model VAL G COL series VAL W COL cert VAL 674,0,0.9999970557061908,0,11472,3465,0,1,0,0,1
COL make VAL AERO COMMANDER COL model VAL 695 COL series VAL A COL name VAL COMMANDER 1200 COL cert VAL 2A4,COL make VAL YS COL model VAL 11A COL series VAL 500 COL cert VAL A1PC,0,0.9999973657816943,0,96,3466,0,1,0,0,1
COL make VAL BEECH COL model VAL 33 COL series VAL 35A33 COL name VAL DEBONAIR COL cert VAL 3A15,COL make VAL YS COL model VAL 11A COL series VAL 600 COL cert VAL AIPC,0,0.9999970519580831,0,1200,3467,0,1,0,0,1
COL make VAL BOEING COL model VAL 737 COL series VAL 275C COL name VAL No Popular Name COL cert VAL A16WE,COL make VAL BL COL model VAL SKYRKT COL series VAL F COL cert VAL ATC475,0,0.9999966538683189,0,1953,3468,0,1,0,0,1
COL make VAL AEROSTAR COL model VAL M20C COL series VAL M20C COL name VAL RANGER COL cert VAL 2A3,COL make VAL HH COL model VAL 60 COL series VAL L COL cert VAL R00025LA,0,0.9999974338364472,0,263,3469,0,1,0,0,1
COL make VAL DOUGLAS COL model VAL DC8 COL series VAL 41 COL name VAL No Popular Name COL cert VAL 4A25,COL make VAL SIOUX COL model VAL 60 COL series VAL 60 COL cert VAL 281,0,0.9999969662253493,0,4761,3470,0,1,0,0,1
COL make VAL CESSNA COL model VAL FR172 COL series VAL K COL name VAL HAWK XP COL cert VAL A18EU,COL make VAL SIOUX COL model VAL 90 COL series VAL 90 COL cert VAL ATC331,0,0.999996996681753,0,3918,3471,0,1,0,0,1
COL make VAL PIPER COL model VAL PA28RT COL series VAL 201T COL name VAL TURBO ARROW IV COL cert VAL 2A13,COL make VAL SIOUX COL model VAL 90 COL series VAL B COL cert VAL ATC441,0,0.9999973318006915,0,7579,3472,0,1,0,0,1
COL make VAL STINSON COL model VAL SR10 COL series VAL F COL name VAL RELIANT COL cert VAL TC 685,COL make VAL LAIRD COL model VAL LCB COL series VAL 200 COL cert VAL ATC86,0,0.9999973265498667,0,22380,3473,0,1,0,0,1
COL make VAL SIKORSKY COL model VAL S52 COL series VAL 2 COL name VAL No Popular Name COL cert VAL 1H2,COL make VAL LAIRD COL model VAL LCB COL series VAL 300 COL cert VAL ATC353,0,0.999997107795179,0,8462,3474,0,1,0,0,1
COL make VAL MORANE SAULNIER COL model VAL MS893 COL series VAL E COL name VAL RALLYE COMMODORE COL cert VAL EASA.A.379,COL make VAL LAIRD COL model VAL LCB COL series VAL LC1B200 COL cert VAL ATC86,0,0.9999971773041787,0,7071,3475,0,1,0,0,1
COL make VAL BOEING COL model VAL 737 COL series VAL 5H4 COL name VAL No Popular Name COL cert VAL A16WE,COL make VAL LAIRD COL model VAL LCB COL series VAL LC1B300 COL cert VAL ATC353,0,0.9999970918752474,0,2190,3476,0,1,0,0,1
COL make VAL AIR TRACTOR COL model VAL AT400 COL series VAL A COL name VAL No Popular Name COL cert VAL A9SW,COL make VAL MS COL model VAL RALLYE COL series VAL 235C COL name VAL RALLYE 235 C COL cert VAL 7A14,0,0.9999971227774692,0,357,3478,0,1,0,0,1
COL make VAL BOEING COL model VAL 767 COL series VAL 375 COL name VAL No Popular Name COL cert VAL A1NM,COL make VAL MS COL model VAL RALLYE COL series VAL 235E COL name VAL RALLYE 235 E COL cert VAL 7A14,0,0.9999971963242102,0,2783,3479,0,1,0,0,1
COL make VAL SCHWEIZER COL model VAL SGS1 34 COL series VAL SGS1 34 COL name VAL No Popular Name COL cert VAL G3EA,COL make VAL GRTLKS COL model VAL 2T1 COL series VAL A2 COL cert VAL A18EA,0,0.9999963721281246,0,8294,3480,0,1,0,0,1
COL make VAL CESSNA COL model VAL 180 COL series VAL K COL name VAL SKYWAGON COL cert VAL 5A6,COL make VAL PARMNT COL model VAL CABAIR COL series VAL CABAIR COL name VAL CABINAIRE COL cert VAL ATC265,0,0.999997211660393,0,3706,3481,0,1,0,0,1
COL make VAL WACO COL model VAL YQC COL series VAL 6 COL name VAL No Popular Name COL cert VAL TC 598,COL make VAL SA COL model VAL 9 COL series VAL A COL cert VAL 4A31,0,0.9999968858660931,0,9550,3482,0,1,0,0,1
COL make VAL CHAMPION COL model VAL 7ECA COL series VAL 7ECA COL name VAL CITABRIA AURORA COL cert VAL A-759,COL make VAL TEMCO COL model VAL T35 COL series VAL T35 COL cert VAL AR20,0,0.9999970694900434,0,4043,3483,0,1,0,0,1
COL make VAL PIPER COL model VAL J3F COL series VAL 60 COL name VAL CUB COL cert VAL A-692,COL make VAL CVAC COL model VAL B24 COL series VAL B24J COL name VAL LIBERATOR COL cert VAL EXPA2M,0,0.9999976006504484,0,7458,3484,0,1,0,0,1
COL make VAL BOEING COL model VAL 707 COL series VAL 131 COL name VAL No Popular Name COL cert VAL 4A21,COL make VAL REAGAN COL model VAL C130 COL series VAL A COL cert VAL A15NM,0,0.9999968191928831,0,1601,3486,0,1,0,0,1
COL make VAL BOEING COL model VAL 737 COL series VAL 2H7C COL name VAL No Popular Name COL cert VAL A16WE,COL make VAL L COL model VAL 282 COL series VAL C130A COL cert VAL A31NM,0,0.9999969659620543,0,2000,3487,0,1,0,0,1
COL make VAL LOCKHEED COL model VAL 10 COL series VAL A COL name VAL ELECTRA COL cert VAL TC 551,COL make VAL STNSON COL model VAL L1 COL series VAL L1 COL cert VAL L262,0,0.9999975828408876,0,6506,3488,0,1,0,0,1
COL make VAL AIR TRACTOR COL model VAL AT250 COL series VAL AT250 COL name VAL No Popular Name COL cert VAL A9SW,COL make VAL STNSON COL model VAL L1 COL series VAL A COL cert VAL L262,0,0.9999971639706389,0,353,3489,0,1,0,0,1
COL make VAL HUGHES COL model VAL 369 COL series VAL A COL name VAL 500 COL cert VAL H3WE,COL make VAL STNSON COL model VAL L1 COL series VAL F COL cert VAL L262,0,0.9999972902596074,0,5879,3490,0,1,0,0,1
COL make VAL NATIONAL BALLOONING COL model VAL 755 COL series VAL 12 COL name VAL No Popular Name COL cert VAL A33CE,COL make VAL ROE COL model VAL AVRO COL series VAL AVIAN COL cert VAL 239,0,0.9999974431083003,0,7098,3491,0,1,0,0,1
COL make VAL BOEING COL model VAL 737 COL series VAL 42C COL name VAL No Popular Name COL cert VAL A16WE,COL make VAL SWALOW COL model VAL SWALOW COL series VAL SWALOW COL cert VAL ATC21,0,0.9999960527133029,0,2131,3492,0,1,0,0,1
COL make VAL AEROSPATIALE COL model VAL SE3130 COL series VAL SE3130 COL name VAL ALOUETTE II COL cert VAL 1,COL make VAL RAYTHN COL model VAL 3000 COL series VAL 3000 COL cert VAL A00009WI,0,0.9999970607168124,0,256,3493,0,1,0,0,1
COL make VAL NORTH AMERICAN COL model VAL B25 COL series VAL N COL name VAL MITCHELL COL cert VAL AL-2,COL make VAL GOODYR COL model VAL TZ COL series VAL 12300 COL name VAL AIRSHIP COL cert VAL 1,0,0.9999971286243133,0,7174,3494,0,1,0,0,1
COL make VAL CESSNA COL model VAL 210 COL series VAL L COL name VAL CENTURION COL cert VAL 3A21,COL make VAL GOODYR COL model VAL TZ COL series VAL GZ19A COL name VAL AIRSHIP COL cert VAL 1,0,0.9999972904327435,0,3759,3495,0,1,0,0,1
COL make VAL WACO COL model VAL AVN COL series VAL 8 COL name VAL MODEL N COL cert VAL TC 677,COL make VAL GZ COL model VAL 20 COL series VAL 20 COL name VAL AIRSHIP COL cert VAL 1,0,0.9999972139981439,0,9485,3496,0,1,0,0,1
COL make VAL BOEING COL model VAL 707 COL series VAL 321C COL name VAL No Popular Name COL cert VAL 4A26,COL make VAL GZ COL model VAL 20 COL series VAL A COL name VAL AIRSHIP COL cert VAL 1,0,0.9999970687255811,0,1614,3497,0,1,0,0,1
COL make VAL WACO COL model VAL ZPF COL series VAL 7 COL name VAL No Popular Name COL cert VAL ATC 586,COL make VAL GA COL model VAL CK COL series VAL CK COL name VAL AIRSHIP COL cert VAL 2,0,0.9999966785985225,0,9556,3498,0,1,0,0,1
COL make VAL BOEING COL model VAL 737 COL series VAL 758 COL name VAL No Popular Name COL cert VAL A16WE,COL make VAL SH COL model VAL 3H COL series VAL 3H COL name VAL CROMAN COL cert VAL R00004SE,0,0.9999972612658885,0,2223,3499,0,1,0,0,1
COL make VAL AIR TRACTOR COL model VAL AT402 COL series VAL B COL name VAL No Popular Name COL cert VAL A17SW,COL make VAL SK COL model VAL 61 COL series VAL L COL cert VAL 1H15,0,0.9999968059562842,0,363,3500,0,1,0,0,1
COL make VAL HUGHES COL model VAL 269A COL series VAL 1 COL name VAL 200 COL cert VAL 4H12,COL make VAL SK COL model VAL 58 COL series VAL CH34C COL name VAL CHOCTAW COL cert VAL H15WE,0,0.9999973267997153,0,5873,3501,0,1,0,0,1
COL make VAL BOEING COL model VAL 737 COL series VAL 7BQ COL name VAL No Popular Name COL cert VAL A16WE,COL make VAL CONAIR COL model VAL UH34 COL series VAL D COL cert VAL H8SW,0,0.9999972630518135,0,2268,3503,0,1,0,0,1
COL make VAL CESSNA COL model VAL U206 COL series VAL A COL name VAL SUPER SKYWAGON COL cert VAL A4CE,COL make VAL SK COL model VAL 61 COL series VAL R COL cert VAL 1H15,0,0.9999969070534345,0,4007,3504,0,1,0,0,1
COL make VAL CESSNA COL model VAL FR172 COL series VAL G COL name VAL REIMS ROCKET COL cert VAL A18EU,COL make VAL GA COL model VAL 2 COL series VAL 2 COL cert VAL A784,0,0.999996918031692,0,3915,3505,0,1,0,0,1
COL make VAL CESSNA COL model VAL P210 COL series VAL R COL name VAL PRESSURIZED CENTURION COL cert VAL 3A21,COL make VAL GA COL model VAL 2 COL series VAL B COL cert VAL A784,0,0.9999969904342182,0,3950,3506,0,1,0,0,1
COL make VAL INLAND COL model VAL W500 COL series VAL W500 COL name VAL SUPER SPORT COL cert VAL ATC 315,COL make VAL GA COL model VAL 22 COL series VAL A COL cert VAL 1A12,0,0.9999969085603406,0,21558,3507,0,1,0,0,1
COL make VAL CESSNA COL model VAL FR172 COL series VAL E COL name VAL REIMS ROCKET COL cert VAL A18EU,COL make VAL P COL model VAL 2V COL series VAL SP2HBLKHLS COL cert VAL A15SW,0,0.9999971655280842,0,3913,3508,0,1,0,0,1
COL make VAL HELIO COL model VAL H395 COL series VAL H395 COL name VAL COURIER COL cert VAL 1A8,COL make VAL P COL model VAL 2V COL series VAL SP2HEAC COL cert VAL A1RM,0,0.9999966787679807,0,5753,3509,0,1,0,0,1
COL make VAL STEARMAN COL model VAL E75 COL series VAL E75 COL name VAL KAYDET COL cert VAL A-743,COL make VAL BS COL model VAL 12 COL series VAL D1 COL cert VAL 1H14,0,0.999997134295304,0,8730,3510,0,1,0,0,1
COL make VAL SCHWEIZER COL model VAL SGS1 23 COL series VAL F COL name VAL No Popular Name COL cert VAL 1G1,COL make VAL HH COL model VAL 34 COL series VAL HH34J COL name VAL CHOCTAW COL cert VAL H4SO,0,0.999997575725881,0,8282,3511,0,1,0,0,1
COL make VAL CESSNA COL model VAL 210 COL series VAL B COL name VAL CENTURION COL cert VAL 3A21,COL make VAL H COL model VAL 19 COL series VAL UH19C COL name VAL CHICKASAW COL cert VAL HR1SO,0,0.9999971199361045,0,3750,3512,0,1,0,0,1
COL make VAL TEMCO COL model VAL D16 COL series VAL A COL name VAL TWIN NAVION COL cert VAL 2A1,COL make VAL H COL model VAL 19 COL series VAL UH19D COL name VAL CHICKASAW COL cert VAL HR1SO,0,0.9999973408123591,0,16650,3513,0,1,0,0,1
COL make VAL CESSNA COL model VAL 320 COL series VAL F COL name VAL EXECUTIVE SKYKNIGHT COL cert VAL 3A25,COL make VAL H COL model VAL 19 COL series VAL UH19F COL name VAL CHICKASAW COL cert VAL HR1SO,0,0.9999970927653711,0,3799,3514,0,1,0,0,1
COL make VAL SCHWEIZER COL model VAL SGS1 26 COL series VAL C COL name VAL No Popular Name COL cert VAL 1G10,COL make VAL H COL model VAL 19 COL series VAL D COL name VAL CHICKASAW COL cert VAL HR1SO,0,0.9999974171125534,0,8289,3515,0,1,0,0,1
COL make VAL BEECH COL model VAL 58 COL series VAL 58 COL name VAL BARON COL cert VAL 3A16,COL make VAL SK COL model VAL 55 COL series VAL B COL cert VAL 1H4,0,0.999997497124918,0,1282,3516,0,1,0,0,1
COL make VAL LANCAIR COL model VAL LC40 COL series VAL 550FG COL name VAL COLUMBIA 300 COL cert VAL A00003SE,COL make VAL H COL model VAL 19 COL series VAL G COL name VAL CHICKASAW COL cert VAL HR1SO,0,0.9999973188632854,0,6322,3517,0,1,0,0,1
COL make VAL BOEING COL model VAL 747 COL series VAL 246F COL name VAL No Popular Name COL cert VAL A20WE,COL make VAL H COL model VAL 19 COL series VAL CH19E COL name VAL CHICKASAW COL cert VAL HR1SO,0,0.9999971747874536,0,2484,3518,0,1,0,0,1
COL make VAL DASSAULT COL model VAL FANJET FALCON COL series VAL FANJET FALCON COL name VAL No Popular Name COL cert VAL 103,COL make VAL GARLIK COL model VAL OH COL series VAL 58C COL cert VAL R00006DE,0,0.9999974299080094,0,4435,3519,0,1,0,0,1
COL make VAL CESSNA COL model VAL TP206 COL series VAL C COL name VAL TURBO SUPER SKYLANE COL cert VAL A4CE,COL make VAL AG COL model VAL 2 COL series VAL 2 COL cert VAL 4A20,0,0.9999968245954045,0,3996,3520,0,1,0,0,1
COL make VAL BOEING COL model VAL 757 COL series VAL 230 COL name VAL No Popular Name COL cert VAL A2NM,COL model VAL 260 COL series VAL 260 COL name VAL NOMAD COL cert VAL 1A18,0,0.9999965410121388,0,2646,3521,0,1,0,0,1
COL make VAL MCDONNELL DOUGLAS HELICOPTER COL model VAL 500 COL series VAL N COL name VAL NOTAR COL cert VAL H3WE,COL make VAL WIA COL model VAL TH COL series VAL 1F COL name VAL BELL204 COL cert VAL H12NM,0,0.99999677744654,0,6820,3522,0,1,0,0,1
COL make VAL PILATUS COL model VAL B4 COL series VAL PC11 COL name VAL No Popular Name COL cert VAL S43-02,COL make VAL TH COL model VAL 1F COL series VAL TAM COL name VAL BELL204 COL cert VAL H7NE,0,0.9999966404916472,0,7427,3523,0,1,0,0,1
COL make VAL BALLOON WORKS COL model VAL FIREFLY 8 COL series VAL 24 COL name VAL No Popular Name COL cert VAL A14SO,COL make VAL RDC COL model VAL TH COL series VAL 1F COL name VAL HUEY COL cert VAL H12NM,0,0.9999968379372073,0,1073,3524,0,1,0,0,1
COL make VAL AERO COMMANDER COL model VAL 680 COL series VAL T COL name VAL TURBO COMMANDER COL cert VAL 2A4,COL make VAL P COL model VAL 2V COL series VAL 7 COL cert VAL A24NM,0,0.9999964539259717,0,92,3525,0,1,0,0,1
COL make VAL DOUGLAS COL model VAL DC8 COL series VAL 72 COL name VAL SUPER 70 COL cert VAL 4A25,COL make VAL P COL model VAL 2V COL series VAL 7BLKHLS COL cert VAL A15SW,0,0.9999973220090125,0,4786,3526,0,1,0,0,1
COL make VAL BOEING COL model VAL 737 COL series VAL 248 COL name VAL No Popular Name COL cert VAL A16WE,COL make VAL P COL model VAL 2V COL series VAL 7EAC COL cert VAL A1RM,0,0.9999970791982385,0,1941,3527,0,1,0,0,1
COL make VAL PILATUS COL model VAL PC6 COL series VAL H2 COL name VAL PORTER COL cert VAL F56-10,COL make VAL HEATH COL model VAL CNA40 COL series VAL CNA40 COL cert VAL ATC495,0,0.9999971923066447,0,11251,3528,0,1,0,0,1
COL make VAL CESSNA COL model VAL 320 COL series VAL 1 COL name VAL SKYKNIGHT COL cert VAL 3A25,COL make VAL HEATH COL model VAL LNB4 COL series VAL LNB4 COL cert VAL ATC456,0,0.9999968258170853,0,3793,3529,0,1,0,0,1
COL make VAL SCHWEIZER COL model VAL SGS1 35 COL series VAL SGS1 35 COL name VAL No Popular Name COL cert VAL G4EA,COL make VAL AIRMEC COL model VAL A1 COL series VAL EAGLEROCK COL cert VAL ATC57,0,0.9999973568433013,0,8297,3530,0,1,0,0,1
COL make VAL CHAMPION COL model VAL 7KC COL series VAL 7KC COL name VAL CITABRIA COL cert VAL A-759,COL make VAL AIRMEC COL model VAL A1 COL series VAL EAGLEROCKA14 COL cert VAL 2103,0,0.9999972795839648,0,4060,3531,0,1,0,0,1
COL make VAL BOEING COL model VAL 737 COL series VAL 2V5 COL name VAL No Popular Name COL cert VAL A16WE,COL make VAL H COL model VAL 37 COL series VAL CH37B COL name VAL MOJAVE COL cert VAL H7EA,0,0.999997438444201,0,2048,3532,0,1,0,0,1
COL make VAL PIPER COL model VAL PA18 COL series VAL 135 COL name VAL SUPER CUB COL cert VAL 1A2,COL make VAL H COL model VAL 37 COL series VAL CH37C COL name VAL MOJAVE COL cert VAL H7EA,0,0.9999974332588247,0,7504,3533,0,1,0,0,1
COL make VAL MORANE SAULNIER COL model VAL MS760 COL series VAL A COL name VAL PARIS IA COL cert VAL 3,COL make VAL REAGAN COL model VAL C123 COL series VAL K COL cert VAL A6NM,0,0.999997359795916,0,7042,3534,0,1,0,0,1
COL make VAL HUGHES COL model VAL 369 COL series VAL E COL name VAL 500E COL cert VAL H3WE,COL make VAL BLUMEN COL model VAL C123 COL series VAL KRESTD COL cert VAL A48NM,0,0.9999967632460945,0,5884,3535,0,1,0,0,1
COL make VAL STINSON COL model VAL 10 COL series VAL 10 COL name VAL VOYAGER COL cert VAL A-709,COL make VAL AIRNTC COL model VAL C123 COL series VAL K COL name VAL PROVIDER COL cert VAL A12NM,0,0.9999972870183724,0,8755,3536,0,1,0,0,1
COL make VAL CESSNA COL model VAL T210 COL series VAL R COL name VAL TURBO CENTURION COL cert VAL 3A21,COL make VAL HRP COL model VAL 1 COL series VAL 1 COL cert VAL AR17,0,0.9999972297198456,0,3974,3537,0,1,0,0,1
COL make VAL PITCAIRN COL model VAL PA24 COL series VAL PA24 COL name VAL No Popular Name COL cert VAL ATC 507,COL make VAL HRP COL model VAL 2 COL series VAL 2 COL cert VAL AR21,0,0.9999973091254966,0,21623,3538,0,1,0,0,1
COL make VAL CESSNA COL model VAL 182 COL series VAL F COL name VAL SKYLANE COL cert VAL 3A13,COL make VAL AMERAP COL model VAL PILGRM COL series VAL 100A COL cert VAL ATC443,0,0.9999969582106766,0,3713,3539,0,1,0,0,1
COL make VAL PIPER COL model VAL PA34 COL series VAL 200 COL name VAL SENECA COL cert VAL A7SO,COL make VAL AMERAP COL model VAL PILGRM COL series VAL 100B COL cert VAL ATC470,0,0.9999973899889377,0,7611,3540,0,1,0,0,1
COL make VAL SHINN COL model VAL 2150 COL series VAL A COL name VAL KACHINA COL cert VAL 4A19,COL make VAL AMERAP COL model VAL PILGRM COL series VAL FC2 COL cert VAL ATC10,0,0.9999970912955498,0,8372,3541,0,1,0,0,1
COL make VAL BELLANCA COL model VAL 17 31 COL series VAL A COL name VAL TURBO SUPER VIKING COL cert VAL A18CE,COL make VAL GRUMAN COL model VAL J2F COL series VAL 5 COL cert VAL L172,0,0.99999747467489,0,1531,3542,0,1,0,0,1
COL make VAL BOEING COL model VAL 737 COL series VAL 2T7 COL name VAL No Popular Name COL cert VAL A16WE,COL make VAL COMWTH COL model VAL 4000 COL series VAL JR COL cert VAL ATC469,0,0.9999969433408629,0,2044,3543,0,1,0,0,1
COL make VAL FAIRCHILD COL model VAL M84 COL series VAL C COL name VAL No Popular Name COL cert VAL A-2-599,COL make VAL AJ COL model VAL 1 COL series VAL 1 COL cert VAL AR34,0,0.999996914640948,0,21480,3544,0,1,0,0,1
COL make VAL STINSON COL model VAL SR9 COL series VAL F COL name VAL RELIANT COL cert VAL ATC 640,COL make VAL AJ COL model VAL 2 COL series VAL 2 COL cert VAL AR34,0,0.9999968101723032,0,22220,3545,0,1,0,0,1
COL make VAL CESSNA COL model VAL TU206 COL series VAL B COL name VAL TURBO SKYWAGON COL cert VAL A4CE,COL make VAL LKHEED COL model VAL VEGA1 COL series VAL VEGA1 COL cert VAL ATC49,0,0.9999973533094347,0,4001,3546,0,1,0,0,1
COL make VAL STINSON COL model VAL 108 COL series VAL 3 COL name VAL VOYAGER STATION WAGON COL cert VAL A-767,COL make VAL LKHEED COL model VAL VEGA5 COL series VAL VEGA5 COL cert VAL ATC93,0,0.9999972777595015,0,8758,3547,0,1,0,0,1
COL make VAL CESSNA COL model VAL T337 COL series VAL H COL name VAL No Popular Name COL cert VAL A6CE,COL make VAL LKHEED COL model VAL VEGA5 COL series VAL A COL cert VAL ATC93,0,0.999997334527094,0,3985,3548,0,1,0,0,1
COL make VAL CAMERON COL model VAL V77 COL series VAL V77 COL name VAL No Popular Name COL cert VAL B4GL,COL make VAL LKHEED COL model VAL VEGA5 COL series VAL C COL cert VAL ATC384,0,0.9999971291924644,0,3516,3549,0,1,0,0,1
COL make VAL LEARJET COL model VAL 29 COL series VAL 29 COL name VAL LONGHORN COL cert VAL A10CE,COL make VAL DETROT COL model VAL VEGA COL series VAL DL1SPECIAL COL cert VAL 2448,0,0.9999971607177967,0,10920,3550,0,1,0,0,1
COL make VAL HELIO COL model VAL H391 COL series VAL H391 COL name VAL COURIER COL cert VAL 1A8,COL make VAL DURMOL COL model VAL F46 COL series VAL A COL cert VAL 2545,0,0.9999973189105882,0,5751,3551,0,1,0,0,1
COL make VAL NZA COL model VAL FU24 COL series VAL 954 COL name VAL No Popular Name COL cert VAL A-3,COL make VAL M COL model VAL 84 COL series VAL C COL cert VAL A2599,0,0.999997365571919,0,7282,3552,0,1,0,0,1
COL make VAL BOEING COL model VAL 737 COL series VAL 8B6 COL name VAL No Popular Name COL cert VAL A16WE,COL make VAL FRANK COL model VAL 90 COL series VAL 90 COL cert VAL ATC430,0,0.9999970315425618,0,2371,3553,0,1,0,0,1
COL make VAL CESSNA COL model VAL FR172 COL series VAL F COL name VAL REIMS ROCKET COL cert VAL A18EU,COL make VAL GRTLKS COL model VAL 2T1 COL series VAL 2T1 COL cert VAL ATC167,0,0.9999971390344004,0,3914,3554,0,1,0,0,1
COL make VAL BOEING COL model VAL 767 COL series VAL 2AX COL name VAL No Popular Name COL cert VAL A1NM,COL make VAL GRTLKS COL model VAL 2T1 COL series VAL MENASCOSP COL cert VAL 2339,0,0.9999969295888874,0,2736,3555,0,1,0,0,1
COL make VAL CESSNA COL model VAL FR172 COL series VAL H COL name VAL REIMS ROCKET COL cert VAL A18EU,COL make VAL GRTLKS COL model VAL 2T1 COL series VAL E COL cert VAL ATC354,0,0.9999972302983696,0,3916,3556,0,1,0,0,1
COL make VAL AGUSTA COL model VAL AW109 COL series VAL SP COL name VAL GRAND NEW COL cert VAL EASA.R.005,COL make VAL H COL model VAL 47 COL series VAL 47 COL cert VAL 2329,0,0.9999969835020414,0,10053,3557,0,1,0,0,1
COL make VAL LOCKHEED COL model VAL 10 COL series VAL B COL name VAL ELECTRA COL cert VAL TC 584,COL make VAL PECOCK COL model VAL PJC COL series VAL 2 COL cert VAL 659,0,0.9999973148804774,0,6507,3558,0,1,0,0,1
COL make VAL REARWIN COL model VAL 6000 COL series VAL M COL name VAL SPEEDSTER COL cert VAL TC 661,COL make VAL INLAND COL model VAL S300 COL series VAL S300 COL cert VAL ATC259,0,0.9999972305492897,0,7930,3559,0,1,0,0,1
COL make VAL HELIO COL model VAL HT295 COL series VAL HT295 COL name VAL No Popular Name COL cert VAL 1A8,COL make VAL INLAND COL model VAL R400 COL series VAL R400 COL cert VAL ATC343,0,0.9999972680691377,0,5758,3560,0,1,0,0,1
COL make VAL PIPER COL model VAL PA46 COL series VAL 600TP COL name VAL M600 COL cert VAL A25SO,COL make VAL INLAND COL model VAL W500 COL series VAL W500 COL cert VAL ATC315,0,0.9999974388362537,0,11869,3561,0,1,0,0,1
COL make VAL BOEING COL model VAL 727 COL series VAL 2L4 COL name VAL No Popular Name COL cert VAL A3WE,COL make VAL LAR COL model VAL 90 COL series VAL 90 COL name VAL CULVER COL cert VAL A748,0,0.9999970164138514,0,1847,3562,0,1,0,0,1
COL make VAL AIR TRACTOR COL model VAL AT302 COL series VAL AT302 COL name VAL No Popular Name COL cert VAL A9SW,COL make VAL SUPAC COL model VAL 14 COL series VAL PQ14A COL cert VAL L282,0,0.9999971164870138,0,356,3563,0,1,0,0,1
COL make VAL BOEING COL model VAL 737 COL series VAL 8EH COL name VAL No Popular Name COL cert VAL A16WE,COL make VAL SUPAC COL model VAL 14 COL series VAL PQ14B COL cert VAL L282,0,0.9999971111472226,0,2385,3564,0,1,0,0,1
COL make VAL CESSNA COL model VAL A150 COL series VAL M COL name VAL AEROBAT COL cert VAL 3A19,COL make VAL SUPAC COL model VAL 14 COL series VAL TD2C1 COL cert VAL L282,0,0.9999971821038334,0,3859,3565,0,1,0,0,1
COL make VAL CESSNA COL model VAL P206 COL series VAL E COL name VAL SUPER SKYLANE COL cert VAL A4CE,COL make VAL JAMISN COL model VAL J1 COL series VAL J1 COL cert VAL 2584,0,0.999997100800179,0,3947,3566,0,1,0,0,1
COL make VAL LOCKHEED COL model VAL 1049 COL series VAL B55 COL name VAL SUPER CONSTELLATION COL cert VAL 6A5,COL make VAL JAMISN COL model VAL J2 COL series VAL L1B COL cert VAL A3EA,0,0.9999974241797187,0,6510,3567,0,1,0,0,1
COL make VAL STINSON COL model VAL SR10 COL series VAL J3 COL name VAL RELIANT COL cert VAL TC 678,COL make VAL K COL model VAL 190 COL series VAL A COL cert VAL 1H1,0,0.9999974362617765,0,22188,3568,0,1,0,0,1
COL make VAL GOODYEAR COL model VAL GA2 COL series VAL B COL name VAL DUCK COL cert VAL A-784,COL make VAL K COL model VAL 225 COL series VAL 225 COL cert VAL 1H1,0,0.9999970844886493,0,21337,3569,0,1,0,0,1
COL make VAL PIPER COL model VAL PA36 COL series VAL 300 COL name VAL PAWNEE BRAVE 300 COL cert VAL A9SO,COL make VAL KD COL model VAL 1 COL series VAL A COL cert VAL 712,0,0.9999973084042947,0,7619,3570,0,1,0,0,1
COL make VAL BOEING COL model VAL 737 COL series VAL 8B5 COL name VAL No Popular Name COL cert VAL A16WE,COL make VAL KINNER COL model VAL B COL series VAL B COL name VAL SPORTSTER COL cert VAL ATC516,0,0.9999971685648029,0,2370,3571,0,1,0,0,1
COL make VAL LOCKHEED COL model VAL 1649 COL series VAL A98 COL name VAL CONSTELLATION STARLINER COL cert VAL 4A17,COL make VAL KINNER COL model VAL B COL series VAL 1 COL name VAL SPORTSTER COL cert VAL ATC516,0,0.9999973514801112,0,6530,3572,0,1,0,0,1
COL make VAL BEECH COL model VAL 200 COL series VAL A200 COL name VAL SUPER KING AIR COL cert VAL A24CE,COL make VAL KINNER COL model VAL B COL series VAL 2 COL name VAL SPORTSTER COL cert VAL ATC522,0,0.9999971192397484,0,1172,3573,0,1,0,0,1
COL make VAL BOEING COL model VAL 737 COL series VAL 7BJ COL name VAL No Popular Name COL cert VAL A16WE,COL make VAL KINNER COL model VAL R COL series VAL R COL name VAL PLAYBOY COL cert VAL ATC554,0,0.9999971630427954,0,2266,3574,0,1,0,0,1
COL make VAL CESSNA COL model VAL FR172 COL series VAL K COL name VAL HAWK XP COL cert VAL A18EU,COL make VAL LP COL model VAL 46 COL series VAL 46 COL cert VAL G2WE,0,0.999997253195147,0,3918,3575,0,1,0,0,1
COL make VAL PIPER COL model VAL PA34 COL series VAL 200 COL name VAL SENECA COL cert VAL A7SO,COL make VAL LP COL model VAL 49 COL series VAL 49 COL cert VAL G2WE,0,0.9999973118571238,0,7611,3576,0,1,0,0,1
COL make VAL AEROSTAR INTERNATIONAL COL model VAL RXS8 COL series VAL RXS8 COL name VAL No Popular Name COL cert VAL A15CE,COL make VAL LK COL model VAL 10 COL series VAL A COL cert VAL G15,0,0.999997409214481,0,292,3577,0,1,0,0,1
COL make VAL BOEING COL model VAL 707 COL series VAL 321C COL name VAL No Popular Name COL cert VAL 4A26,COL make VAL LK COL model VAL 10 COL series VAL B COL cert VAL G15,0,0.9999967558029942,0,1614,3578,0,1,0,0,1
COL make VAL BOEING COL model VAL 737 COL series VAL 377 COL name VAL No Popular Name COL cert VAL A16WE,COL make VAL LK COL model VAL 10 COL series VAL TG4A COL cert VAL G15,0,0.9999966210119514,0,2087,3579,0,1,0,0,1
COL make VAL SIKORSKY COL model VAL UH34 COL series VAL J COL name VAL CHOCTAW COL cert VAL 1H11,COL make VAL LK COL model VAL BA100 COL series VAL BA100 COL cert VAL G8,0,0.9999971721363418,0,8508,3580,0,1,0,0,1
COL make VAL DOUGLAS COL model VAL DC8 COL series VAL 61 COL name VAL SUPER 60 COL cert VAL 4A25,COL make VAL BT COL model VAL 120 COL series VAL 120 COL cert VAL 744,0,0.9999970587231248,0,4772,3581,0,1,0,0,1
COL make VAL SWEARINGEN COL model VAL SA227 COL series VAL CC COL name VAL METRO 23 COL cert VAL A18SW,COL make VAL AR COL model VAL F COL series VAL 50F COL cert VAL 698,0,0.9999972954940166,0,8901,3582,0,1,0,0,1
COL make VAL BEECH COL model VAL 200 COL series VAL B200CT COL name VAL SUPER KING AIR COL cert VAL A24CE,COL make VAL AR COL model VAL M COL series VAL KM COL cert VAL 676,0,0.9999969481279926,0,1177,3583,0,1,0,0,1
COL make VAL CESSNA COL model VAL 320 COL series VAL D COL name VAL SKYKNIGHT COL cert VAL 3A25,COL make VAL PITCAN COL model VAL PA18 COL series VAL PA18 COL cert VAL ATC478,0,0.9999969129603693,0,3797,3584,0,1,0,0,1
COL make VAL BOEING COL model VAL 737 COL series VAL 2T2 COL name VAL No Popular Name COL cert VAL A16WE,COL make VAL PITCAN COL model VAL PA19 COL series VAL PA19 COL cert VAL ATC509,0,0.9999974417680286,0,2039,3585,0,1,0,0,1
COL make VAL SWEARINGEN COL model VAL SA227 COL series VAL DC COL name VAL METRO 23 COL cert VAL A18SW,COL make VAL PITCAN COL model VAL PA24 COL series VAL PA24 COL cert VAL ATC507,0,0.9999975089075851,0,8902,3586,0,1,0,0,1
COL make VAL CESSNA COL model VAL TR182 COL series VAL TR182 COL name VAL TURBO SKYLANE RG COL cert VAL 3A13,COL make VAL NORWST COL model VAL 35 COL series VAL W COL name VAL PORTERFIELD COL cert VAL 611,0,0.9999976032244275,0,3999,3587,0,1,0,0,1
COL make VAL PIPER COL model VAL PA18S COL series VAL 135 COL name VAL SUPER CUB COL cert VAL 1A2,COL make VAL NORWST COL model VAL 35 COL series VAL 75C COL name VAL PORTERFIELD COL cert VAL 611,0,0.999997589039615,0,7514,3588,0,1,0,0,1
COL make VAL PIPER COL model VAL PA22S COL series VAL 160 COL name VAL TRIPACER COL cert VAL 1A6,COL make VAL NORWST COL model VAL 35 COL series VAL V COL name VAL PORTERFIELD COL cert VAL ATC606,0,0.9999973934216281,0,7532,3589,0,1,0,0,1
COL make VAL CESSNA COL model VAL R172 COL series VAL E COL name VAL No Popular Name COL cert VAL 3A17,COL make VAL CP COL model VAL 40 COL series VAL 40 COL name VAL PORTERFIELD COL cert VAL 2530,0,0.9999972673825378,0,3952,3590,0,1,0,0,1
COL make VAL PILATUS COL model VAL PC6 COL series VAL H2 COL name VAL PORTER COL cert VAL F56-10,COL make VAL NORWST COL model VAL EAGLE COL series VAL 201 COL name VAL AERONAUTICAL COL cert VAL 293,0,0.9999973928199901,0,11251,3591,0,1,0,0,1
COL make VAL CESSNA COL model VAL A150 COL series VAL K COL name VAL AEROBAT COL cert VAL 3A19,COL make VAL FEDRIC COL model VAL UH34 COL series VAL E COL cert VAL H7NM,0,0.9999973926322605,0,3856,3592,0,1,0,0,1
COL make VAL PIPER COL model VAL PA31 COL series VAL 325 COL name VAL NAVAJO C/R COL cert VAL A20SO,COL make VAL RYANAR COL model VAL B COL series VAL 1 COL cert VAL ATC25,0,0.9999970718115555,0,7584,3593,0,1,0,0,1
COL make VAL PITTS COL model VAL S2 COL series VAL A COL name VAL PITTS SPECIAL COL cert VAL A8SO,COL make VAL RYANAR COL model VAL B COL series VAL 5 COL cert VAL ATC142,0,0.9999970790756747,0,7666,3594,0,1,0,0,1
COL make VAL LANCAIR COL model VAL LC42 COL series VAL 550FG COL name VAL COLUMBIA 350 COL cert VAL A00003SE,COL make VAL RYANAR COL model VAL B COL series VAL C1 COL cert VAL ATC346,0,0.9999973029955455,0,6324,3595,0,1,0,0,1
COL make VAL TAYLORCRAFT COL model VAL F22 COL series VAL F22 COL name VAL No Popular Name COL cert VAL 1A9,COL make VAL RYANAR COL model VAL B COL series VAL 7 COL cert VAL ATC262,0,0.9999968605421435,0,8957,3596,0,1,0,0,1
COL make VAL BOEING COL model VAL 777 COL series VAL FHT COL name VAL No Popular Name COL cert VAL T00001SE,COL make VAL SAILPL COL model VAL BG COL series VAL 8 COL cert VAL GTC13,0,0.9999969234379842,0,9866,3597,0,1,0,0,1
COL make VAL PIPER COL model VAL PA18S COL series VAL 125 COL name VAL SUPER CUB COL cert VAL 1A2,COL make VAL SK COL model VAL 39 COL series VAL B COL cert VAL ATC375,0,0.9999975891154894,0,7513,3598,0,1,0,0,1
COL make VAL CESSNA COL model VAL T210 COL series VAL J COL name VAL TURBO CENTURION COL cert VAL 3A21,COL make VAL SK COL model VAL 61 COL series VAL HSS2 COL cert VAL H2EA,0,0.9999965622318807,0,3969,3599,0,1,0,0,1
COL make VAL AIR TRACTOR COL model VAL AT501 COL series VAL AT501 COL name VAL No Popular Name COL cert VAL A17SW,COL make VAL SK COL model VAL CH COL series VAL 54A COL cert VAL H40NM,0,0.999997114233946,0,365,3600,0,1,0,0,1
COL make VAL CIRRUS COL model VAL SR22 COL series VAL T COL name VAL No Popular Name COL cert VAL A00009CH,COL make VAL SK COL model VAL 64 COL series VAL CH54A COL cert VAL H6EA,0,0.9999972135862892,0,4080,3601,0,1,0,0,1
COL make VAL AERO COMMANDER COL model VAL 695 COL series VAL A COL name VAL COMMANDER 1200 COL cert VAL 2A4,COL make VAL PC COL model VAL 12 COL series VAL 45 COL cert VAL A78EU,0,0.9999972099659932,0,96,3602,0,1,0,0,1
COL make VAL CESSNA COL model VAL R182 COL series VAL R182 COL name VAL SKYLANE RG COL cert VAL 3A13,COL make VAL PC COL model VAL 12 COL series VAL 47 COL cert VAL A78EU,0,0.9999973147242687,0,3958,3603,0,1,0,0,1
COL make VAL BOEING COL model VAL 737 COL series VAL 329 COL name VAL No Popular Name COL cert VAL A16WE,COL make VAL Z COL model VAL 6 COL series VAL A COL cert VAL 2269,0,0.999997213417544,0,2064,3604,0,1,0,0,1
COL make VAL BOEING COL model VAL 737 COL series VAL 75C COL name VAL No Popular Name COL cert VAL A16WE,COL make VAL WACO COL model VAL RE COL series VAL UC72 COL cert VAL 714,0,0.9999969470305431,0,2225,3605,0,1,0,0,1
COL make VAL BOEING COL model VAL 767 COL series VAL 375 COL name VAL No Popular Name COL cert VAL A1NM,COL make VAL WACO COL model VAL UKS COL series VAL UC72D COL cert VAL 648,0,0.9999970604533083,0,2783,3606,0,1,0,0,1
COL make VAL BOEING COL model VAL 737 COL series VAL 79U COL name VAL No Popular Name COL cert VAL A16WE,COL make VAL CATS COL model VAL TECNAM COL series VAL PMENTOR COL cert VAL A00067IB,0,0.9999971481015534,0,2247,3607,0,1,0,0,1
COL make VAL BOEING COL model VAL 737 COL series VAL 8KN COL name VAL No Popular Name COL cert VAL A16WE,COL make VAL MOONEY COL model VAL 18 COL series VAL 18 COL name VAL MOONEY MITE COL cert VAL A803,0,0.9999968833941889,0,2409,3608,0,1,0,0,1
COL make VAL HAWKER SIDDELEY COL model VAL HS125 COL series VAL 3B COL name VAL No Popular Name COL cert VAL A3EU,COL make VAL C COL model VAL 82 COL series VAL A COL name VAL JET PACKET COL cert VAL AR15,0,0.9999967814638535,0,5706,3609,0,1,0,0,1
COL make VAL MAULE COL model VAL M5 COL series VAL 210TC COL name VAL LUNAR ROCKET COL cert VAL 3A23,COL make VAL AMERAN COL model VAL S56 COL series VAL B COL name VAL SAVOIA MARCHETTI COL cert VAL ATC336,0,0.9999972543121578,0,6728,3610,0,1,0,0,1
COL make VAL AIR TRACTOR COL model VAL AT502 COL series VAL AT502 COL name VAL No Popular Name COL cert VAL A17SW,COL make VAL AMERAN COL model VAL S56 COL series VAL 31 COL name VAL SAVOIA MARCHETTI COL cert VAL ATC336,0,0.9999976009044245,0,368,3611,0,1,0,0,1
COL make VAL MAULE COL model VAL M7 COL series VAL 420AC COL name VAL No Popular Name COL cert VAL 3A23,COL make VAL BIMOND COL model VAL CB1 COL series VAL CB1 COL cert VAL A15WE,0,0.9999971821495179,0,6740,3612,0,1,0,0,1
COL make VAL BOEING COL model VAL 737 COL series VAL 2R4C COL name VAL No Popular Name COL cert VAL A16WE,COL make VAL B COL model VAL 767 COL series VAL 231 COL cert VAL A1NM,0,0.999997444155394,0,2032,3613,0,1,0,0,1
COL make VAL BELLANCA COL model VAL 17 30 COL series VAL A COL name VAL VIKING 300 COL cert VAL A18CE,COL make VAL WCFAB COL model VAL C97 COL series VAL GRESTD COL name VAL STRATO-FREIGHTER COL cert VAL A11MN,0,0.9999976663302962,0,1529,3614,0,1,0,0,1
COL make VAL BOEING COL model VAL 737 COL series VAL 329 COL name VAL No Popular Name COL cert VAL A16WE,COL make VAL HP COL model VAL B377 COL series VAL B377 COL name VAL STRATO-FREIGHTER COL cert VAL A5NM,0,0.9999970032878659,0,2064,3615,0,1,0,0,1
COL make VAL CESSNA COL model VAL TP206 COL series VAL C COL name VAL TURBO SUPER SKYLANE COL cert VAL A4CE,COL make VAL L COL model VAL 1049 COL series VAL C121C COL cert VAL 6A5,0,0.9999975730459923,0,3996,3616,0,1,0,0,1
COL make VAL SCHWEIZER COL model VAL SGU22 2 COL series VAL A COL name VAL No Popular Name COL cert VAL G-18,COL make VAL SA COL model VAL 227 COL series VAL DC COL name VAL C26B COL cert VAL A18SW,0,0.9999973317905131,0,8307,3617,0,1,0,0,1
COL make VAL BOEING COL model VAL 767 COL series VAL 238 COL name VAL No Popular Name COL cert VAL A1NM,COL make VAL FRCACF COL model VAL SA227 COL series VAL DC(C26B) COL cert VAL A18SW,0,0.9999971849617212,0,2713,3618,0,1,0,0,1
COL make VAL BAC COL model VAL ONE ELEVEN COL series VAL 412EB COL name VAL No Popular Name COL cert VAL NOT CERTIFICATED,COL make VAL COAIRE COL model VAL 5C COL series VAL 3 COL cert VAL ATC184,0,0.9999969048861542,0,936,3619,0,1,0,0,1
COL make VAL LEARJET COL model VAL 25 COL series VAL C COL name VAL No Popular Name COL cert VAL A10CE,COL make VAL COAIRE COL model VAL 5C COL series VAL 3A COL cert VAL ATC185,0,0.9999972877375447,0,6345,3620,0,1,0,0,1
COL make VAL GLASER DIRKS COL model VAL DG500M COL series VAL B COL name VAL No Popular Name COL cert VAL EASA.A.233,COL make VAL P COL model VAL 4Y COL series VAL 2 COL cert VAL AR29,0,0.9999968382990548,0,5414,3621,0,1,0,0,1
COL make VAL CESSNA COL model VAL 182 COL series VAL A COL name VAL SKYLANE COL cert VAL 3A13,COL make VAL BT COL model VAL 13 COL series VAL B COL cert VAL A2571,0,0.9999966361299584,0,3708,3622,0,1,0,0,1
COL make VAL BOEING COL model VAL 777 COL series VAL 289 COL name VAL No Popular Name COL cert VAL T00001SE,COL make VAL BT COL model VAL 13B COL series VAL SNV2 COL cert VAL A2571,0,0.9999967261181943,0,2838,3623,0,1,0,0,1
COL make VAL SWEARINGEN COL model VAL SA227 COL series VAL PC COL name VAL METRO IIIA COL cert VAL A8SW,COL make VAL BT COL model VAL 13 COL series VAL B (SNV2) COL cert VAL A2571,0,0.999996663345232,0,8903,3624,0,1,0,0,1
COL make VAL GRUMMAN COL model VAL G21 COL series VAL G21 COL name VAL GOOSE COL cert VAL TC 654,COL make VAL CUNHAM COL model VAL PT6 COL series VAL PT6 COL cert VAL ATC177,0,0.9999972628403831,0,5557,3625,0,1,0,0,1
COL make VAL BOEING COL model VAL 737 COL series VAL 377 COL name VAL No Popular Name COL cert VAL A16WE,COL make VAL CUNHAM COL model VAL PT6 COL series VAL F COL cert VAL ATC177,0,0.9999974384686297,0,2087,3626,0,1,0,0,1
COL make VAL BOEING COL model VAL 767 COL series VAL 33A COL name VAL No Popular Name COL cert VAL A1NM,COL make VAL CURTIS COL model VAL TRVAIR COL series VAL L4000 COL name VAL TRAVEL AIR COL cert VAL 2560,0,0.999996792568251,0,2767,3627,0,1,0,0,1
COL make VAL CESSNA COL model VAL FR172 COL series VAL J COL name VAL REIMS ROCKET COL cert VAL A18EU,COL make VAL CURTIS COL model VAL ROBIN COL series VAL 4C1A COL name VAL ROBIN COL cert VAL ATC309,0,0.9999972854914394,0,3917,3628,0,1,0,0,1
COL make VAL BOEING COL model VAL 737 COL series VAL 4Y0 COL name VAL No Popular Name COL cert VAL A16WE,COL make VAL CURTIS COL model VAL ROBIN COL series VAL C1 COL name VAL ROBIN COL cert VAL ATC143,0,0.9999967422591108,0,2166,3629,0,1,0,0,1
COL make VAL VERTOL COL model VAL H21 COL series VAL B COL name VAL WORKHORSE COL cert VAL 1H12,COL make VAL DAVIS COL model VAL D1 COL series VAL D1 COL cert VAL ATC256,0,0.9999971208341141,0,9343,3630,0,1,0,0,1
COL make VAL FAIRCHILD COL model VAL KR31 COL series VAL KR31 COL name VAL CHALLENGER COL cert VAL ATC 19,COL make VAL DAVIS COL model VAL D1 COL series VAL 66 COL cert VAL ATC317,0,0.9999970568572002,0,5131,3631,0,1,0,0,1
COL make VAL BOEING COL model VAL 767 COL series VAL 316BCF COL name VAL No Popular Name COL cert VAL A1NM,COL make VAL DAVIS COL model VAL D1 COL series VAL K COL cert VAL ATC272,0,0.9999974217515655,0,15230,3632,0,1,0,0,1
COL make VAL PIPER COL model VAL PA18 COL series VAL A135 COL name VAL SUPER CUB COL cert VAL 1A2,COL make VAL DAVIS COL model VAL D1 COL series VAL W COL cert VAL 2394,0,0.9999971152190201,0,7507,3633,0,1,0,0,1
COL make VAL AERO COMMANDER COL model VAL 560 COL series VAL F COL name VAL COMMANDER 560F COL cert VAL 2A4,COL make VAL DAVIS COL model VAL V3 COL series VAL V3 COL cert VAL 2119,0,0.9999969692703852,0,86,3634,0,1,0,0,1
COL make VAL BOEING COL model VAL 777 COL series VAL 346 COL name VAL No Popular Name COL cert VAL T00001SE,COL make VAL GA COL model VAL 44 COL series VAL J4F2 COL cert VAL A734,0,0.9999971289227777,0,2863,3635,0,1,0,0,1
COL make VAL BOEING COL model VAL 707 COL series VAL 345C COL name VAL No Popular Name COL cert VAL 4A26,COL make VAL TIMBER COL model VAL HH43 COL series VAL B COL cert VAL H1NW,0,0.9999969920984374,0,1639,3636,0,1,0,0,1
COL make VAL BOEING COL model VAL 707 COL series VAL 131 COL name VAL No Popular Name COL cert VAL 4A21,COL make VAL PATRSN COL model VAL HH43 COL series VAL B COL cert VAL H14WE,0,0.9999975145955982,0,1601,3637,0,1,0,0,1
COL make VAL GARDAN COL model VAL GY80 COL series VAL 180 COL name VAL HORIZON COL cert VAL EASA.SAS.A.075,COL make VAL HH COL model VAL 43 COL series VAL B COL cert VAL H14WE,0,0.9999970973060262,0,5373,3638,0,1,0,0,1
COL make VAL CESSNA COL model VAL 185 COL series VAL A COL name VAL SKYWAGON COL cert VAL 3A24,COL make VAL K COL model VAL 600 COL series VAL H43A COL cert VAL AR27,0,0.9999973640766288,0,3727,3640,0,1,0,0,1
COL make VAL SIKORSKY COL model VAL S58 COL series VAL E COL name VAL No Popular Name COL cert VAL 1H11,COL make VAL K COL model VAL 600 COL series VAL HUK1 COL cert VAL AR27,0,0.9999972181332423,0,8474,3641,0,1,0,0,1
COL make VAL CESSNA COL model VAL 310 COL series VAL I COL name VAL No Popular Name COL cert VAL 3A10,COL make VAL K COL model VAL 600 COL series VAL HOK1 COL cert VAL AR27,0,0.9999974652189789,0,3778,3642,0,1,0,0,1
COL make VAL BOEING COL model VAL 737 COL series VAL 2X2 COL name VAL No Popular Name COL cert VAL A16WE,COL make VAL ROOS COL model VAL 1928 COL series VAL 1928 COL name VAL LINCOLN PAGE COL cert VAL ATC124,0,0.9999969477423292,0,2051,3643,0,1,0,0,1
COL make VAL CESSNA COL model VAL A185 COL series VAL E COL name VAL SKYWAGON COL cert VAL 3A24,COL make VAL L COL model VAL 18 COL series VAL 18 COL cert VAL A723,0,0.9999971353254377,0,3865,3644,0,1,0,0,1
COL make VAL BOEING COL model VAL 707 COL series VAL 369C COL name VAL No Popular Name COL cert VAL 4A26,COL make VAL NAVION COL model VAL NAVION COL series VAL E COL cert VAL A782,0,0.9999969731279508,0,1654,3645,0,1,0,0,1
COL make VAL CESSNA COL model VAL P206 COL series VAL B COL name VAL SUPER SKYLANE COL cert VAL A4CE,COL make VAL NAVION COL model VAL NAVION COL series VAL F COL cert VAL A782,0,0.9999966390255587,0,3944,3646,0,1,0,0,1
COL make VAL JAMIESON COL model VAL J2 COL series VAL L1B COL name VAL No Popular Name COL cert VAL A3EA,COL make VAL NB COL model VAL 8G COL series VAL 8G COL cert VAL 2353,0,0.9999965070959176,0,21568,3647,0,1,0,0,1
COL make VAL CESSNA COL model VAL TU206 COL series VAL F COL name VAL TURBO STATIONAIR COL cert VAL A4CE,COL model VAL B25 COL series VAL RB25 COL cert VAL AL2,0,0.9999971844220604,0,4005,3648,0,1,0,0,1
COL make VAL LOCKHEED COL model VAL 382 COL series VAL J COL name VAL HERCULES II COL cert VAL A1SO,COL make VAL MG COL model VAL 23 COL series VAL SL COL cert VAL G2EU,0,0.9999974060512151,0,6543,3649,0,1,0,0,1
COL make VAL DOUGLAS COL model VAL DC3 COL series VAL G102 COL name VAL No Popular Name COL cert VAL A-618,COL make VAL PASPED COL model VAL W1 COL series VAL W1 COL name VAL SKYLARK W1 COL cert VAL 2546,0,0.9999977114172525,0,4742,3650,0,1,0,0,1
COL make VAL BEECH COL model VAL 99 COL series VAL C99 COL name VAL AIRLINER COL cert VAL A14CE,COL make VAL PHESNT COL model VAL H10 COL series VAL H10 COL cert VAL ATC36,0,0.9999973778638636,0,1321,3651,0,1,0,0,1
COL make VAL HELIO COL model VAL H391 COL series VAL B COL name VAL No Popular Name COL cert VAL 1A8,COL make VAL TG COL model VAL 8 COL series VAL 8 COL cert VAL GTC10,0,0.9999967027717827,0,5750,3652,0,1,0,0,1
COL make VAL BEECH COL model VAL 55 COL series VAL 95C55 COL name VAL BARON COL cert VAL 3A16,COL make VAL T COL model VAL 1 COL series VAL 1 COL cert VAL A794,0,0.9999969789115776,0,1268,3653,0,1,0,0,1
COL make VAL MAULE COL model VAL M4 COL series VAL C COL name VAL JETASEN COL cert VAL 3A23,COL make VAL STLOUS COL model VAL C2 COL series VAL 90 COL cert VAL ATC264,0,0.9999973180718006,0,6721,3654,0,1,0,0,1
COL make VAL CESSNA COL model VAL T337 COL series VAL E COL name VAL No Popular Name COL cert VAL A6CE,COL make VAL SPARTN COL model VAL C2 COL series VAL 60 COL cert VAL ATC427,0,0.9999972765987868,0,3982,3655,0,1,0,0,1
COL make VAL PIPER COL model VAL PA30 COL series VAL PA30 COL name VAL TWIN COMANCHE COL cert VAL A1EA,COL make VAL SPARTN COL model VAL C3 COL series VAL 120 COL cert VAL ATC73,0,0.9999972066753344,0,7582,3656,0,1,0,0,1
COL make VAL NORTH AMERICAN COL model VAL NA265 COL series VAL 60 COL name VAL SABRELINER 60 COL cert VAL A2WE,COL make VAL SPARTN COL model VAL C3 COL series VAL 165 COL cert VAL ATC195,0,0.9999971879454386,0,7207,3657,0,1,0,0,1
COL make VAL SCHWEIZER COL model VAL SGS2 33 COL series VAL AK COL name VAL No Popular Name COL cert VAL G2EA,COL make VAL SPARTN COL model VAL C3 COL series VAL 5 COL cert VAL 279,0,0.9999973196353654,0,8301,3658,0,1,0,0,1
COL make VAL SIKORSKY COL model VAL UH34 COL series VAL E COL name VAL CHOCTAW COL cert VAL H7NM,COL make VAL SPARTN COL model VAL C3 COL series VAL 225 COL cert VAL ATC286,0,0.9999971870053188,0,21643,3659,0,1,0,0,1
COL make VAL BOEING COL model VAL 737 COL series VAL 4M0 COL name VAL No Popular Name COL cert VAL A16WE,COL make VAL STAR COL model VAL CAVALR COL series VAL CAVALR COL cert VAL ATC138,0,0.9999967076813606,0,2161,3660,0,1,0,0,1
COL make VAL AMERICAN BLIMP COL model VAL A150 COL series VAL A150 COL name VAL LIGHTSHIP COL cert VAL S00002SE,COL make VAL STAR COL model VAL CAVALR COL series VAL D COL cert VAL 2191,0,0.9999965926163643,0,540,3661,0,1,0,0,1
COL make VAL BOEING COL model VAL 707 COL series VAL 3L6B COL name VAL No Popular Name COL cert VAL 4A26,COL make VAL STAR COL model VAL CAVALR COL series VAL F COL cert VAL ATC321,0,0.9999968142111036,0,1679,3662,0,1,0,0,1
COL make VAL BEECH COL model VAL 58 COL series VAL 58 COL name VAL BARON COL cert VAL 3A16,COL make VAL STRMAN COL model VAL C3 COL series VAL BSPCL COL cert VAL 2159,0,0.9999970331996108,0,1282,3663,0,1,0,0,1
COL make VAL BOEING COL model VAL 737 COL series VAL 522 COL name VAL No Popular Name COL cert VAL A16WE,COL make VAL STNSON COL model VAL JR COL series VAL R COL cert VAL ATC457,0,0.9999969615926569,0,2170,3664,0,1,0,0,1
COL make VAL LUSCOMBE COL model VAL 8 COL series VAL F COL name VAL No Popular Name COL cert VAL A-694,COL make VAL STNSON COL model VAL JR COL series VAL SR2 COL cert VAL ATC510,0,0.9999969585428078,0,6659,3665,0,1,0,0,1
COL make VAL AYRES COL model VAL S2R COL series VAL T11 COL name VAL No Popular Name COL cert VAL A3SW,COL make VAL SM COL model VAL 2 COL series VAL 2 COL cert VAL ATC48,0,0.9999969059397393,0,866,3666,0,1,0,0,1
COL make VAL LINDSTRAND COL model VAL 105A COL series VAL 105A COL name VAL No Popular Name COL cert VAL B00010CH,COL make VAL SM COL model VAL 2 COL series VAL AC COL cert VAL ATC194,0,0.999996807051158,0,11046,3667,0,1,0,0,1
COL make VAL BOEING COL model VAL 737 COL series VAL 824 COL name VAL No Popular Name COL cert VAL A16WE,COL make VAL SM COL model VAL 2 COL series VAL AA COL cert VAL ATC145,0,0.99999676407788,0,2335,3668,0,1,0,0,1
COL make VAL BOEING COL model VAL 747 COL series VAL 409 COL name VAL No Popular Name COL cert VAL A20WE,COL make VAL SM COL model VAL 2 COL series VAL AB COL cert VAL ATC161,0,0.999997168315018,0,2549,3669,0,1,0,0,1
COL make VAL BREGUET COL model VAL 905 COL series VAL A COL name VAL FAUVETTE COL cert VAL EASA.SAS.A.004,COL make VAL SM COL model VAL 7 COL series VAL A COL cert VAL ATC298,0,0.9999969645106295,0,10076,3670,0,1,0,0,1
COL make VAL CENTRAIR COL model VAL 101 COL series VAL AP COL name VAL PEGASE COL cert VAL 171,COL make VAL SM COL model VAL 7 COL series VAL B COL cert VAL ATC329,0,0.9999969344297134,0,3637,3671,0,1,0,0,1
COL make VAL BOEING COL model VAL 777 COL series VAL 323ER COL name VAL No Popular Name COL cert VAL T00001SE,COL make VAL SM COL model VAL 8 COL series VAL B COL cert VAL ATC294,0,0.9999972071055235,0,10262,3672,0,1,0,0,1
COL make VAL AYRES COL model VAL S2R COL series VAL T34 COL name VAL No Popular Name COL cert VAL A3SW,COL make VAL SR COL model VAL 10 COL series VAL B COL cert VAL 678,0,0.9999974020542276,0,870,3673,0,1,0,0,1
COL make VAL CESSNA COL model VAL T210 COL series VAL H COL name VAL TURBO CENTURION COL cert VAL 3A21,COL make VAL SR COL model VAL 10 COL series VAL C COL cert VAL 678,0,0.9999971149576504,0,3968,3674,0,1,0,0,1
COL make VAL DOUGLAS COL model VAL DC8 COL series VAL 61 COL name VAL SUPER 60 COL cert VAL 4A25,COL make VAL SR COL model VAL 10 COL series VAL G COL cert VAL 678,0,0.9999970596318084,0,4772,3675,0,1,0,0,1
COL make VAL MCDONNELL DOUGLAS COL model VAL MD88 COL series VAL MD88 COL name VAL No Popular Name COL cert VAL A6WE,COL make VAL SR COL model VAL 10 COL series VAL G3 COL cert VAL 678,0,0.9999974268730764,0,6836,3676,0,1,0,0,1
COL make VAL CESSNA COL model VAL P206 COL series VAL B COL name VAL SUPER SKYLANE COL cert VAL A4CE,COL make VAL SR COL model VAL 10 COL series VAL J COL cert VAL 678,0,0.9999973411623029,0,3944,3677,0,1,0,0,1
COL make VAL PIPER COL model VAL PA34 COL series VAL 200 COL name VAL SENECA COL cert VAL A7SO,COL make VAL SR COL model VAL 10 COL series VAL J3 COL cert VAL 678,0,0.9999973002948204,0,7611,3678,0,1,0,0,1
COL make VAL HONDA COL model VAL HA420 COL series VAL HA420 COL name VAL HONDAJET COL cert VAL A00018AT,COL make VAL SR COL model VAL 10 COL series VAL E COL cert VAL 679,0,0.9999975960983531,0,11229,3679,0,1,0,0,1
COL make VAL DASSAULT COL model VAL FANJET FALCON COL series VAL C COL name VAL No Popular Name COL cert VAL 103,COL make VAL SR COL model VAL 10 COL series VAL K COL cert VAL 679,0,0.9999973659449808,0,4431,3680,0,1,0,0,1
COL make VAL BOEING COL model VAL 707 COL series VAL 3K1C COL name VAL No Popular Name COL cert VAL 4A26,COL make VAL SR COL model VAL 10 COL series VAL D COL cert VAL 679,0,0.999996964098084,0,1677,3681,0,1,0,0,1
COL make VAL BOEING COL model VAL 737 COL series VAL 790 COL name VAL No Popular Name COL cert VAL A16WE,COL make VAL SR COL model VAL 7 COL series VAL B COL cert VAL ATC594,0,0.9999968935248392,0,2242,3682,0,1,0,0,1
COL make VAL KAMAN COL model VAL HH43 COL series VAL F COL name VAL HUSKIE COL cert VAL H1NW,COL make VAL SR COL model VAL 7 COL series VAL C COL cert VAL ATC594,0,0.999996698064296,0,6160,3683,0,1,0,0,1
COL make VAL PIPER COL model VAL PA60 COL series VAL 600 COL name VAL AEROSTAR 600 COL cert VAL A17WE,COL make VAL SR COL model VAL 5 COL series VAL 5 COL cert VAL ATC530,0,0.9999973196890448,0,7638,3684,0,1,0,0,1
COL make VAL AIR TRACTOR COL model VAL AT502 COL series VAL AT502 COL name VAL No Popular Name COL cert VAL A17SW,COL make VAL SR COL model VAL 5 COL series VAL A COL cert VAL ATC530,0,0.9999970551277088,0,368,3685,0,1,0,0,1
COL make VAL WEATHERLY COL model VAL 201 COL series VAL 201 COL name VAL No Popular Name COL cert VAL A10WE,COL make VAL SR COL model VAL 5 COL series VAL B COL cert VAL ATC530,0,0.9999970902301585,0,9588,3686,0,1,0,0,1
COL make VAL AERO COMMANDER COL model VAL 680 COL series VAL T COL name VAL TURBO COMMANDER COL cert VAL 2A4,COL make VAL SR COL model VAL 5 COL series VAL C COL cert VAL ATC530,0,0.9999970481854987,0,92,3687,0,1,0,0,1
COL make VAL LOCKHEED COL model VAL 12 COL series VAL A COL name VAL ELECTRA JUNIOR COL cert VAL TC 616,COL make VAL SR COL model VAL 5 COL series VAL E COL cert VAL ATC530,0,0.9999972990522744,0,6517,3688,0,1,0,0,1
COL make VAL BOEING COL model VAL 737 COL series VAL 522 COL name VAL No Popular Name COL cert VAL A16WE,COL make VAL SR COL model VAL 8 COL series VAL D COL cert VAL ATC609,0,0.9999967634992022,0,2170,3689,0,1,0,0,1
COL make VAL BOEING COL model VAL 737 COL series VAL 8B5 COL name VAL No Popular Name COL cert VAL A16WE,COL make VAL SR COL model VAL 8 COL series VAL E COL cert VAL ATC609,0,0.9999972322232707,0,2370,3690,0,1,0,0,1
COL make VAL CESSNA COL model VAL T210 COL series VAL H COL name VAL TURBO CENTURION COL cert VAL 3A21,COL make VAL SR COL model VAL 9 COL series VAL D COL cert VAL ATC625,0,0.9999972278817683,0,3968,3691,0,1,0,0,1
COL make VAL PIPER COL model VAL PA42 COL series VAL 1000 COL name VAL CHEYENNE 400LS COL cert VAL A23SO,COL make VAL SR COL model VAL 9 COL series VAL E COL cert VAL ATC625,0,0.9999972525794837,0,7625,3692,0,1,0,0,1
COL make VAL AIR TRACTOR COL model VAL AT402 COL series VAL B COL name VAL No Popular Name COL cert VAL A17SW,COL make VAL SR COL model VAL 9 COL series VAL EM COL cert VAL ATC625,0,0.9999971650590478,0,363,3693,0,1,0,0,1
COL make VAL BOEING COL model VAL 737 COL series VAL 244 COL name VAL No Popular Name COL cert VAL A16WE,COL make VAL SR COL model VAL 9 COL series VAL F COL cert VAL ATC640,0,0.9999972153661276,0,1939,3694,0,1,0,0,1
COL make VAL BOMBARDIER COL model VAL BD500 COL series VAL 1A10 COL name VAL CS100 COL cert VAL A-236,COL make VAL STNSON COL model VAL W COL series VAL W COL cert VAL 435,0,0.9999975052927358,0,10910,3695,0,1,0,0,1
COL make VAL IAI COL model VAL 1124 COL series VAL A COL name VAL WESTWIND II COL cert VAL A2IL,COL make VAL CURTIS COL model VAL TRVAIR COL series VAL A6000A COL name VAL TRAVEL AIR COL cert VAL ATC116,0,0.9999975616469216,0,5911,3696,0,1,0,0,1
COL make VAL LEARJET COL model VAL 36 COL series VAL 36 COL name VAL No Popular Name COL cert VAL A10CE,COL make VAL U COL model VAL MONOCOACH COL series VAL MONOCOACH COL cert VAL ATC 201,0,0.9999966500575619,0,6354,3697,0,1,0,0,1
COL make VAL BELL COL model VAL 206 COL series VAL B COL name VAL JET RANGER II COL cert VAL H-92,COL make VAL SR COL model VAL 10 COL series VAL F COL cert VAL 685,0,0.9999971819627441,0,1416,3698,0,1,0,0,1
COL make VAL PILATUS COL model VAL PC6 COL series VAL H2 COL name VAL PORTER COL cert VAL F56-10,COL make VAL GA COL model VAL IV COL series VAL IV COL name VAL G-IV COL cert VAL A12EA,0,0.99999711674687,0,11251,3699,0,1,0,0,1
COL make VAL TAYLORCRAFT COL model VAL F22 COL series VAL C COL name VAL No Popular Name COL cert VAL 1A9,COL make VAL GA COL model VAL 1159 COL series VAL IV COL name VAL G-IV COL cert VAL A12EA,0,0.999996775422165,0,8956,3700,0,1,0,0,1
COL make VAL DOUGLAS COL model VAL DC8 COL series VAL 62 COL name VAL SUPER 60 COL cert VAL 4A25,COL make VAL QSTAIR KODIAK 200 COL name VAL KODIAK COL cert VAL A00007SE,0,0.9999974269172464,0,4776,3701,0,1,0,0,1
COL make VAL LAIRD COL model VAL LC COL series VAL 1B200 COL name VAL COMMERCIAL COL cert VAL ATC 86,COL make VAL PITCAN COL model VAL PA7 COL series VAL M COL cert VAL ATC196,0,0.9999973861591486,0,19309,3702,0,1,0,0,1
COL make VAL BOEING COL model VAL 787 COL series VAL 8 COL name VAL DREAMLINER COL cert VAL T00021SE,COL make VAL SM COL model VAL 1 COL series VAL 1 COL cert VAL ATC16,0,0.9999971898635952,0,2884,3703,0,1,0,0,1
COL make VAL ROBINSON COL model VAL R44 COL series VAL II COL name VAL CLIPPER II COL cert VAL H11NM,COL make VAL SM COL model VAL 1 COL series VAL F COL cert VAL ATC136,0,0.9999968170793871,0,7965,3704,0,1,0,0,1
COL make VAL MCKINNON COL model VAL G21 COL series VAL E COL name VAL TURBO GOOSE COL cert VAL 4A24,COL model VAL OV COL series VAL 10A COL cert VAL A00004LA,0,0.9999968692724941,0,6841,3705,0,1,0,0,1
COL make VAL BEECH COL model VAL 45 COL series VAL D45 COL name VAL MENTOR COL cert VAL 5A3,COL make VAL AMAZON LOGISTIC INC COL model VAL MK27 COL cert VAL NONTC,0,0.9999967281922435,0,1247,3706,0,1,0,0,1
COL make VAL KINNER COL model VAL SPORTSTER COL series VAL B1 COL name VAL No Popular Name COL cert VAL ATC 516,COL make VAL AMAZON LOGISTICS INC COL model VAL MK27 COL cert VAL NONTC,0,0.9999972354521953,0,21581,3707,0,1,0,0,1
COL make VAL PIPER COL model VAL PA31T COL series VAL 2 COL name VAL CHEYENNE IIXL COL cert VAL A8EA,COL make VAL GARLIK COL model VAL HH COL series VAL 1K COL cert VAL H5NM,0,0.9999967076232739,0,7592,3708,0,1,0,0,1
COL make VAL BOEING COL model VAL 737 COL series VAL 36N COL name VAL No Popular Name COL cert VAL A16WE,COL make VAL BV COL model VAL 114 COL series VAL CH47D COL name VAL CHINOOK COL cert VAL R00051SE,0,0.9999974192239074,0,2082,3709,0,1,0,0,1
COL make VAL BELLANCA COL model VAL 51 COL series VAL A COL name VAL T250 ARIES COL cert VAL A11SW,COL make VAL CH COL model VAL 47 COL series VAL 47D COL name VAL CHINOOK COL cert VAL R0011DE,0,0.9999969962349079,0,18383,3710,0,1,0,0,1
COL make VAL AEROSTAR INTERNATIONAL COL model VAL S55A COL series VAL S55A COL name VAL No Popular Name COL cert VAL A15CE,COL make VAL CH COL model VAL 47 COL series VAL D COL name VAL CHINOOK COL cert VAL R00051SE,0,0.9999971052896365,0,298,3711,0,1,0,0,1
COL make VAL PILATUS COL model VAL PC6 COL series VAL H2 COL name VAL PORTER COL cert VAL F56-10,COL make VAL CH COL model VAL 47D COL series VAL 47D COL name VAL CHINOOK COL cert VAL R0014DE,0,0.9999970015240359,0,11251,3712,0,1,0,0,1
COL make VAL SCHEMPP HIRTH COL model VAL STANDARD AUSTRIA COL series VAL SH COL name VAL No Popular Name COL cert VAL 235/SP,COL make VAL CH47 COL model VAL D COL series VAL 47D COL name VAL CHINOOK COL cert VAL R0011DE,0,0.9999969610826291,0,8196,3713,0,1,0,0,1
COL make VAL CESSNA COL model VAL FT337 COL series VAL GP COL name VAL SKYMASTER COL cert VAL A23EU,COL make VAL CV COL model VAL LB30 COL series VAL LB30 COL cert VAL L63,0,0.9999966283881174,0,3924,3714,0,1,0,0,1
COL make VAL BOEING COL model VAL 747 COL series VAL 469 COL name VAL No Popular Name COL cert VAL A20WE,COL make VAL C COL model VAL 212 COL series VAL CC COL cert VAL A43EU,0,0.999997025008665,0,2585,3715,0,1,0,0,1
COL make VAL PIPER COL model VAL PA18S COL series VAL PA18S COL name VAL SUPER CUB COL cert VAL 1A2,COL make VAL C COL model VAL 212 COL series VAL CD COL cert VAL A43EU,0,0.9999972515443346,0,7516,3716,0,1,0,0,1
COL make VAL MCDONNELL DOUGLAS COL model VAL MD90 COL series VAL 30 COL name VAL No Popular Name COL cert VAL A6WE,COL make VAL AT COL model VAL 10 COL series VAL 10 COL cert VAL LTC12,0,0.9999972278632625,0,6837,3719,0,1,0,0,1
COL make VAL BEECH COL model VAL 55 COL series VAL 95B55B COL name VAL BARON COL cert VAL 3A16,COL make VAL AT COL model VAL 10 COL series VAL BH COL cert VAL LTC12,0,0.9999968449767435,0,1267,3720,0,1,0,0,1
COL make VAL CULVER COL model VAL LAR COL series VAL 90 COL name VAL CADET COL cert VAL A-748,COL make VAL AT COL model VAL 10 COL series VAL GF COL cert VAL LTC12,0,0.9999967373777597,0,21560,3721,0,1,0,0,1
COL make VAL BELL COL model VAL UH1 COL series VAL L COL name VAL IROQUOIS COL cert VAL H7SO,COL make VAL DHC COL model VAL 8 COL series VAL 315 COL cert VAL A13NM,0,0.9999971955166106,0,12562,3722,0,1,0,0,1
COL make VAL STINSON COL model VAL SR10 COL series VAL G COL name VAL RELIANT COL cert VAL TC 678,COL make VAL AETNA COL model VAL 2SA COL series VAL 2SA COL name VAL AEROCRAFT COL cert VAL 733,0,0.999997414261027,0,22183,3723,0,1,0,0,1
COL make VAL VERTOL COL model VAL CH47 COL series VAL D COL name VAL CHINOOK COL cert VAL R0011DE,COL make VAL B COL model VAL 307 COL series VAL SA307B COL cert VAL A726,0,0.9999973582016117,0,10927,3724,0,1,0,0,1
COL make VAL HELIO COL model VAL H395 COL series VAL H395 COL name VAL COURIER COL cert VAL 1A8,COL make VAL B COL model VAL 307 COL series VAL SA307B1 COL cert VAL A726,0,0.9999974401585312,0,5753,3725,0,1,0,0,1
COL make VAL TAYLORCRAFT COL model VAL F21 COL series VAL A COL name VAL No Popular Name COL cert VAL 1A9,COL make VAL VERVLE COL model VAL AT COL series VAL AT COL cert VAL ATC323,0,0.9999967322460276,0,8951,3726,0,1,0,0,1
COL make VAL MITSUBISHI COL model VAL MU2B COL series VAL 26A COL name VAL MARQUISE COL cert VAL NOT IDENTIFIED,COL make VAL PB COL model VAL Y5 COL series VAL OA10 COL cert VAL 2548,0,0.9999970988073951,0,6994,3727,0,1,0,0,1
COL make VAL AEROSTAR INTERNATIONAL COL model VAL S50A COL series VAL S50A COL name VAL No Popular Name COL cert VAL A15CE,COL make VAL CURTIS COL model VAL 22 COL series VAL B COL cert VAL 2549,0,0.9999972591756087,0,294,3728,0,1,0,0,1
COL make VAL BOEING COL model VAL 737 COL series VAL 3K9 COL name VAL No Popular Name COL cert VAL A16WE,COL make VAL DC COL model VAL B18 COL series VAL A COL cert VAL 2577,0,0.9999970606915842,0,2107,3729,0,1,0,0,1
COL make VAL GROB COL model VAL G102 COL series VAL STANDARD ASTIR III COL name VAL No Popular Name COL cert VAL EASA.A.250,COL make VAL DC COL model VAL B18 COL series VAL B COL cert VAL 2577,0,0.9999967296069613,0,5475,3730,0,1,0,0,1
COL make VAL BOEING COL model VAL 737 COL series VAL 932ER COL name VAL No Popular Name COL cert VAL A16WE,COL make VAL DC COL model VAL B18 COL series VAL SPECIAL COL cert VAL 2577,0,0.9999967685926402,0,10644,3731,0,1,0,0,1
COL make VAL BOEING COL model VAL 707 COL series VAL 131 COL name VAL No Popular Name COL cert VAL 4A21,COL make VAL MA COL model VAL 1 COL series VAL 1 COL name VAL MURRAYAIR COL cert VAL A6PC,0,0.9999975827336945,0,1601,3732,0,1,0,0,1
COL make VAL THRUSH COL model VAL S2R COL series VAL H80 COL name VAL THRUSH 510G COL cert VAL A4SW,COL make VAL K COL model VAL 240 COL series VAL 240 COL cert VAL 1H3,0,0.9999967151941414,0,11519,3733,0,1,0,0,1
COL make VAL MORANE SAULNIER COL model VAL MS760 COL series VAL A COL name VAL PARIS IA COL cert VAL 3,COL make VAL L COL model VAL 402 COL series VAL 2 COL cert VAL 2A11,0,0.9999974997873057,0,7042,3734,0,1,0,0,1
COL make VAL PIPER COL model VAL PA18S COL series VAL 125 COL name VAL SUPER CUB COL cert VAL 1A2,COL make VAL GRUMAN COL model VAL TBM COL series VAL 1C COL cert VAL L82,0,0.999997234700699,0,7513,3735,0,1,0,0,1
COL make VAL CESSNA COL model VAL TR182 COL series VAL TR182 COL name VAL TURBO SKYLANE RG COL cert VAL 3A13,COL make VAL PR COL model VAL G1 COL series VAL TG32 COL cert VAL GTC12,0,0.9999971862567534,0,3999,3736,0,1,0,0,1
COL make VAL STINSON COL model VAL SR10 COL series VAL D COL name VAL RELIANT COL cert VAL TC 679,COL make VAL PR COL model VAL G1 COL series VAL LNE1 COL cert VAL GTC12,0,0.9999976035661211,0,22191,3737,0,1,0,0,1
COL make VAL BALLOON WORKS COL model VAL FIREFLY 8B COL series VAL 15 COL name VAL No Popular Name COL cert VAL A14SO,COL make VAL ST COL model VAL A COL series VAL SPECIAL COL cert VAL 681,0,0.9999970000567222,0,1075,3738,0,1,0,0,1
COL make VAL PIPER COL model VAL PA28RT COL series VAL 201T COL name VAL TURBO ARROW IV COL cert VAL 2A13,COL make VAL D COL model VAL 1190 COL series VAL S COL cert VAL A11IN,0,0.9999975351350796,0,7579,3739,0,1,0,0,1
