left_id,right_id,cictt_make,make,cictt_model,model,cictt_series,series,cictt_cert,cert,cictt_name,name,predicted,confidence,gold
3571,CL-215-6B11,CANADAIR,CL,CL215 1A10,215,215,6B11,A-86,A14AE,SCOOPER,CL-215T/CL-415,1,0.8565500145950121,0
3571,CL-700-1A10,CANADAIR,CL,CL215 1A10,700,215,1A10,A-86,T00003NY,SCOOPER,,1,0.6592710655791288,0
3578,CL-600-2A12,CANADAIR,CL,CL600 1A11,600,600,2A12,A-131,A21EA,CHALLENGER 600,CHALLENGER,1,0.7032072675377407,0
3579,CL-600-1A11,CANADAIR,CL,CL600 2A12,600,601,1A11,A-131,A21EA,CHALLENGER 601,CHALLENGER,1,0.9225473945232564,0
3579,CL-600-2D15,CANADAIR,CL,CL600 2A12,600,601,2D15,A-131,A21EA,CHALLENGER 601,CRJ 705ER,1,0.6632120074519894,0
3579,CL-601-3A,CANADAIR,CL,CL600 2A12,601,601,3A,A-131,A21EA,CHALLENGER 601,,1,0.9816150934713433,0
3580,CL-600-2A12,CANADAIR,CL,CL600 2B16,600,601 3A,2A12,A-131,A21EA,CHALLENGER 601,CHALLENGER,1,0.8398937744968646,0
3582,CL-600-2A12,CANADAIR,CL,CL600 2B16,600,604,2A12,A-131,A21EA,CHALLENGER 604,CHALLENGER,1,0.9296536657942047,0
3582,CL-600-2B16,CANADAIR,CL,CL600 2B16,600,604,2B16,A-131,A21EA,CHALLENGER 604,CHALLENGER,1,0.9996684461730092,0
